starId,movieId
s000002907,AA13
s000002798,AA13
s000003553,AA13
s000006840,AA13
s000003712,AA13
s000006841,AA13
s000006262,AA13
s000004888,AA13
s000002433,AA13
s000001113,AA13
s000000869,AA13
s000004239,AA14
s000001707,AA14
s000004218,AA14
s000006842,AA14
s000003704,AA16
s000001920,AA16
s000004022,AA16
s000001986,AA16
s000005650,AA16
s000000215,AA16
s000005605,AA16
s000004226,AA16
s000005177,AA29
s000001558,AA29
s000006843,AA29
s000006844,AA29
s000002429,AA29
s000003883,AA29
s000006845,AA29
s000002930,AA29
s000000612,AA37
s000001531,AA37
s000004006,AA37
s000006628,AA37
s000004390,AA37
s000001490,AA37
s000006548,AA37
s000006846,AA37
s000003971,AA37
s000005634,AA38
s000003744,AA38
s000006847,AA38
s000006848,AA38
s000005045,AA38
s000005160,AA38
s000000392,AA38
s000000842,AA41
s000006113,AA41
s000005819,AA41
s000006122,AA41
s000006849,AA41
s000006850,AA41
s000003977,AA41
s000006587,AA41
s000006851,AA41
s000005045,AA41
s000006548,AA41
s000006852,AA41
s000001258,AA41
s000006853,AA41
s000002825,AA41
s000006854,AA41
s000006846,AA41
s000004787,AaB10
s000005819,AaB10
s000001827,AaB10
s000006855,AaB10
s000006856,AaB10
s000006857,AaB10
s000006858,AaB10
s000006859,AaB10
s000006860,AAd10
s000004466,AAd10
s000001606,AAd10
s000006860,AAd10
s000006860,AAd10
s000006861,AAd10
s000002135,AAd10
s000006862,AAh10
s000000070,AAl6
s000000825,AAl6
s000006863,AAl6
s000001562,AAl6
s000004371,AAl6
s000006610,AAl6
s000000192,AAl6
s000000070,AAl10
s000000877,AAl10
s000004921,AAl10
s000002887,AAl10
s000006864,AAl10
s000002300,AAl10
s000005428,AAl10
s000001086,AAl10
s000005294,AAl20
s000000070,AAl20
s000006865,AAl20
s000003177,AAl20
s000006866,AAl20
s000006867,AAl20
s000006868,AAl20
s000004903,AAl20
s000004676,AAl20
s000006869,AAl20
s000006823,AAl20
s000000024,AAn10
s000006870,AAn10
s000006871,AAn10
s000003607,AAn10
s000006872,AAn12
s000006873,AAn12
s000006874,AAn12
s000005418,AAn14
s000006875,AAn14
s000006876,AAn14
s000003865,AAn14
s000006877,AAn14
s000006878,AAn14
s000000417,AAn14
s000000323,AAn14
s000006879,AAn14
s000006880,AAn14
s000006881,AAn14
s000006882,AAn14
s000006100,AAn14
s000006699,AAn14
s000006883,AAn14
s000005497,AAr10
s000006365,AAr10
s000002901,AAr10
s000006884,AAr10
s000006885,AAr10
s000006782,AAr10
s000006886,AAr10
s000003207,AAr20
s000004904,AAr20
s000005079,AAr20
s000004047,AAr20
s000006887,AAS10
s000006888,AAS10
s000006527,AAS10
s000003619,AAS10
s000006190,AAS10
s000006889,AAS10
s000006890,AAt10
s000006891,AAt10
s000006892,AAt10
s000006893,AAt10
s000006894,AAt10
s000006895,AB2
s000006896,AbA10
s000006897,AbA10
s000006898,AbA10
s000006899,AbA10
s000006900,AbA10
s000001583,AbA10
s000000636,ABd4
s000000548,ABd4
s000006901,ABe10
s000006093,AbF10
s000005780,AbF10
s000006156,AbF10
s000006902,AbF10
s000006462,AbF20
s000003234,AbF25
s000006903,AbF25
s000006904,AbF25
s000003865,AbF26
s000003234,AbF26
s000006905,AbF26
s000006906,AbF27
s000006907,AbF27
s000006208,AbF27
s000006908,AbF27
s000006859,AbH1
s000006859,AbH1
s000006859,AbH1
s000001735,ABi10
s000000699,ABi10
s000006909,ABi10
s000006910,ABi10
s000004546,ABi10
s000006911,ABi10
s000006912,ABi20
s000006913,ABi20
s000002177,ABi20
s000006914,AbK15
s000006859,AbK15
s000006859,AbK15
s000006859,AbK15
s000003744,ABl10
s000006915,ABl10
s000004012,ABl10
s000002460,ABn1
s000006916,ABo10
s000006917,ABo10
s000006859,ABo10
s000006825,AbP10
s000006918,AbP10
s000005901,AbP10
s000006919,AbP10
s000005747,AbP10
s000006920,AbP10
s000005740,AbP50
s000003996,AbP50
s000005885,AbP50
s000006921,AbP50
s000000752,ABr1
s000004056,ABr1
s000006859,ABr1
s000002470,ABr1
s000000752,ABr2
s000002638,ABr2
s000003347,ABr2
s000000756,ABr2
s000003613,ABr2
s000003279,ABr2
s000004735,ABr2
s000000752,ABr3
s000002517,ABr3
s000006922,ABr3
s000006923,ABr3
s000000752,ABr4
s000002395,ABr4
s000006859,ABr4
s000006020,ABr4
s000006235,ABr4
s000003837,ABr4
s000005241,ABr7
s000006859,ABr7
s000006207,ABr9
s000004350,ABu10
s000001437,ABu10
s000003444,ABu10
s000006534,ABu10
s000003083,ABu10
s000004329,ABW40
s000001368,ABW40
s000002788,ABW40
s000000329,ABW40
s000004563,ABW40
s000006744,ABW40
s000004920,ABW40
s000004786,ABz10
s000005419,ABz10
s000006295,ABz10
s000006056,ABz10
s000005914,ABz10
s000000376,AC5
s000000235,AC5
s000004683,AC5
s000006114,AC5
s000003769,AC5
s000006924,AC5
s000003751,AC5
s000006925,AC5
s000000376,AC6
s000006384,AC6
s000001498,AC6
s000006058,AC6
s000006045,AC6
s000006756,AC7
s000005835,AC7
s000003119,AC8
s000004052,AC8
s000004683,AC8
s000000537,AC8
s000003566,AC8
s000004492,AC9
s000001293,AC9
s000004238,AC9
s000006926,AC9
s000000605,AC9
s000004800,AC9
s000006927,AC9
s000006928,AC9
s000003763,AC20
s000002821,AC20
s000006929,AC20
s000004311,AC20
s000002598,AC20
s000000857,AC20
s000006930,AC20
s000002154,AC20
s000000329,ACa40
s000000090,ACa40
s000003554,ACa40
s000005740,ACa40
s000006124,ACa40
s000003096,ACa40
s000005285,ACa40
s000003712,ACa40
s000002093,ACa40
s000001921,ACa40
s000006931,ACa50
s000001366,ACa50
s000004195,ACa50
s000006932,ACa50
s000006933,ACa50
s000003883,ACa50
s000002920,ACa50
s000006336,ACa50
s000006744,ACa50
s000004208,ACa50
s000006934,ACa50
s000005097,ACa50
s000006556,ACa50
s000005177,ACa50
s000005021,ACa50
s000006336,ACa50
s000006935,ACa50
s000000622,ACa60
s000002595,ACa60
s000001702,ACa60
s000006188,ACa60
s000002847,ACa60
s000002920,ACa60
s000000307,ACa60
s000002026,ACa60
s000001210,ACa60
s000006859,ACa60
s000006859,ACa60
s000006936,ACf10
s000006937,ACf10
s000006299,ACf10
s000006938,ACf10
s000006939,AcG10
s000004075,ACj110
s000006940,ACj110
s000006941,ACj110
s000006942,ACj110
s000006943,ACj110
s000006944,ACj110
s000006945,ACj110
s000006946,ACj110
s000003711,ACj111
s000001690,ACj111
s000006943,ACj111
s000006947,ACj111
s000006948,ACj111
s000002790,ACj112
s000000195,ACj112
s000000892,ACj112
s000006235,ACj113
s000006949,ACj113
s000006950,ACj113
s000006951,ACj113
s000006952,ACj113
s000006953,ACj113
s000006041,ACj113
s000002130,ACj113
s000006954,ACj114
s000005550,ACj114
s000006955,ACj114
s000006956,ACj114
s000001195,ACj114
s000001900,ACj115
s000002651,ACj115
s000006957,ACj115
s000006958,ACj115
s000006959,ACj115
s000006960,ACj115
s000006961,ACj115
s000006962,ACj115
s000006963,ACj115
s000006964,ACj116
s000006965,ACj117
s000006966,ACj117
s000006967,ACj117
s000002053,ACj118
s000002402,ACj118
s000006968,ACj118
s000002098,ACj119
s000006969,ACj119
s000006970,ACj119
s000006971,ACj120
s000006972,ACj120
s000005173,ACj121
s000001195,ACj121
s000006973,ACj121
s000006974,ACj121
s000006975,ACj121
s000006976,ACj121
s000006977,ACj121
s000005222,ACj121
s000006978,ACj121
s000000406,ACj122
s000006979,ACj122
s000003711,ACj122
s000006980,ACj122
s000006981,ACj123
s000000748,ACj123
s000004253,ACj124
s000005627,ACj124
s000006982,ACj124
s000006983,ACj125
s000002723,ACj125
s000005379,ACj125
s000003235,ACj126
s000000717,ACj126
s000006984,ACj126
s000005936,ACj127
s000004449,ACj127
s000000931,ACj127
s000006985,ACj127
s000006859,ACj127
s000006657,ACj128
s000003567,ACj128
s000006986,ACj128
s000006987,ACj128
s000006988,ACj128
s000006989,ACj128
s000000065,ACj128
s000006990,ACj128
s000006960,ACj128
s000006991,ACj128
s000006992,ACl10
s000006993,ACl10
s000006994,ACl10
s000006995,ACl10
s000006996,ACl10
s000006183,ACt10
s000001577,ACu15
s000006997,ACu15
s000003440,ACu15
s000006998,ACu20
s000006999,ACu20
s000004794,ACu23
s000007000,ACu23
s000001557,ACu23
s000000321,ACu23
s000007001,ACu27
s000007002,ACu27
s000007003,ACu27
s000006860,ACu27
s000006860,ACu27
s000007004,ACv10
s000007005,ACv10
s000007006,ACv10
s000005895,ACx10
s000001867,ACx10
s000007007,ACx10
s000004097,ACx10
s000007008,ACx10
s000004685,ACx12
s000007009,ACx12
s000007010,ACx12
s000000705,ACy10
s000000051,ACy10
s000005202,ACy10
s000007011,ACy14
s000007012,ACy14
s000003167,ACy20
s000003785,ACy20
s000007013,ACy20
s000002170,ACy38
s000003744,ACy38
s000007014,ACy38
s000007015,ACy38
s000007016,AD40
s000007017,AD40
s000007018,AD40
s000007019,ADA10
s000007020,ADA10
s000004627,AdB21
s000001112,AdB21
s000007021,AdB21
s000002951,AdB21
s000007022,ADg10
s000007023,ADg10
s000007024,AdI15
s000007025,AdI15
s000007026,AdI15
s000007027,AdI15
s000006859,AdI15
s000006859,AdI15
s000007028,AdL5
s000004622,AdL5
s000005783,AdL5
s000007029,AdL5
s000007030,AdL5
s000000403,AdL5
s000007031,AdL5
s000000389,AdL6
s000005421,AdL6
s000007032,AdL6
s000006827,AdL6
s000007033,AdL6
s000007034,AdL6
s000007035,AdL6
s000007036,AdL6
s000007037,AdL6
s000007038,AdL6
s000001681,AdL10
s000001144,AdL10
s000000180,AdL10
s000003528,AdL10
s000004798,AdL10
s000007039,AdL14
s000007040,AdL14
s000007041,AdL14
s000007042,AdL14
s000007043,AdL16
s000004338,AdL16
s000005173,AdL16
s000007044,AdL16
s000007045,AdL16
s000003014,AdL20
s000006057,AdL20
s000002460,AdL20
s000003504,AdL20
s000007046,AdL20
s000007047,AdL20
s000007048,AdL20
s000002258,AdL25
s000003484,AdL25
s000007049,AdL25
s000007050,AdL25
s000006219,ADr10
s000007051,ADr10
s000003816,ADr10
s000007052,ADr10
s000007053,ADr10
s000007054,ADr10
s000007055,ADr10
s000004641,ADT9
s000006229,ADT9
s000001246,ADT9
s000003449,ADT12
s000007056,ADT12
s000002078,ADT12
s000005434,ADT12
s000001338,ADT12
s000007057,ADT12
s000000727,ADT12
s000005047,ADT18
s000003757,ADT18
s000003348,ADT18
s000007058,ADT18
s000003123,ADT18
s000007059,ADv10
s000004612,ADv12
s000003143,ADv14
s000007059,ADv15
s000003143,ADv15
s000003399,ADv17
s000004347,ADv17
s000001681,ADv22
s000004794,ADv22
s000007060,ADv22
s000007061,ADv22
s000001091,ADv22
s000007062,ADw5
s000007063,ADw6
s000007064,ADw6
s000007065,ADw6
s000007066,ADw17
s000000441,ADw17
s000006859,ADw17
s000006859,ADw17
s000002528,ADw17
s000007067,ADw17
s000001892,ADw22
s000000008,ADw22
s000002388,ADw22
s000003891,ADw22
s000006062,ADw27
s000004356,ADw27
s000004375,ADw27
s000006101,ADw27
s000003237,ADw27
s000007068,ADw27
s000007069,ADw27
s000007070,ADw27
s000006132,ADw35
s000002772,ADw35
s000006261,ADw35
s000006606,ADw35
s000007071,ADw35
s000004506,ADw35
s000007072,ADw35
s000000570,ADw35
s000007073,ADw35
s000007074,ADw35
s000007075,ADw35
s000005426,ADw35
s000006132,ADw40
s000005609,ADw40
s000002539,ADw40
s000006032,ADw40
s000000759,ADw40
s000007076,ADw40
s000006045,ADw40
s000005353,ADw40
s000005023,ADw41
s000007077,ADw41
s000006828,ADw41
s000007078,ADw41
s000005567,ADw41
s000005929,ADw41
s000000570,ADw41
s000004417,ADw41
s000007074,ADw41
s000000793,ADw41
s000003891,ADw41
s000006858,ADw41
s000000113,ADw41
s000004754,ADw41
s000002971,ADw41
s000000111,ADw45
s000007079,ADw45
s000000351,ADw45
s000005567,ADw45
s000000243,ADw45
s000006032,ADw45
s000003891,ADw45
s000003428,ADw52
s000007080,ADw52
s000007081,ADw52
s000001475,ADw52
s000000254,ADw52
s000006552,ADw60
s000000046,ADw60
s000006290,ADw60
s000007082,ADw60
s000000561,ADw60
s000007083,ADw60
s000007084,ADw60
s000006568,ADw60
s000007085,ADw70
s000005167,ADw70
s000001873,ADw70
s000002159,ADw70
s000000997,ADw70
s000001820,ADw70
s000006655,ADw72
s000001513,ADw72
s000001513,ADw72
s000000834,ADw72
s000007086,ADw72
s000000017,ADw72
s000005080,ADw72
s000000997,ADw72
s000001534,ADw72
s000004857,ADw75
s000005167,ADw75
s000007087,ADw75
s000002025,ADw75
s000007088,ADw75
s000000163,ADw75
s000002360,ADw75
s000007089,ADw75
s000001593,ADw75
s000007090,ADw75
s000004045,ADw78
s000004374,ADw78
s000001921,ADw78
s000006445,ADw78
s000002159,ADw78
s000005464,ADw78
s000007091,ADw78
s000001398,ADw80
s000002025,ADw80
s000004857,ADw80
s000006116,ADw80
s000007092,ADx1
s000007093,ADx1
s000007094,ADx1
s000006859,ADx1
s000006859,ADx1
s000006859,ADx1
s000006859,ADx11
s000006859,ADx11
s000007095,ADx11
s000007096,ADx12
s000000051,ADx12
s000007097,ADx13
s000007098,ADx13
s000007099,ADx13
s000003193,ADx13
s000007100,ADx14
s000006859,ADx14
s000007101,ADx14
s000006859,ADx14
s000001539,ADx14
s000006859,ADx25
s000000362,ADx30
s000002671,ADx30
s000007102,ADx30
s000000181,ADx37
s000007097,ADx37
s000001888,ADx37
s000007103,ADx37
s000006859,ADx39
s000007104,ADx39
s000007105,ADx39
s000007106,ADx45
s000005139,ADz10
s000007107,ADz10
s000007108,ADz10
s000007109,ADz10
s000005666,ADz10
s000007110,ADz10
s000003234,ADz15
s000007111,ADz15
s000007112,ADz15
s000007113,ADz15
s000005210,AEG25
s000007114,AEG25
s000007115,AEG25
s000007116,AEG25
s000003819,AEG25
s000001805,AEG25
s000005896,AEG37
s000004879,AEG37
s000001469,AEG41
s000006229,AEG41
s000003669,AEG41
s000005789,AEG41
s000007117,AEG41
s000002044,AEG41
s000000092,AEG50
s000007118,AEG50
s000004054,AEG50
s000006116,AEG50
s000007119,AEG50
s000006506,AEG50
s000003843,AEG50
s000001545,AEG50
s000004817,AEG60
s000003119,AEG60
s000001545,AEG60
s000003304,AEG60
s000001647,AEG60
s000005685,AEG60
s000002347,AEG60
s000000432,AEG60
s000000077,AEG60
s000007120,AEG70
s000000917,AEG70
s000007121,AEG70
s000003842,AEG70
s000002116,AEG70
s000007122,AEG70
s000004308,AEG70
s000007123,AEG70
s000007124,AEG70
s000002596,AES10
s000003534,AES10
s000006859,AES10
s000001989,AES11
s000000757,AES11
s000000205,AES70
s000000212,AES70
s000000351,AES70
s000005395,AES70
s000000602,AES70
s000007125,AES74
s000003159,AES74
s000001863,AES74
s000000829,AES74
s000000092,AES74
s000002596,AES80
s000003534,AES80
s000004812,AES80
s000002192,AES80
s000000376,AES85
s000007126,AES85
s000002904,AES85
s000007127,AES85
s000002565,AES85
s000002549,AES85
s000002861,AES85
s000002361,AES85
s000003483,AES85
s000007128,AES85
s000004322,AES85
s000002912,AES85
s000000132,AES85
s000003120,AES90
s000003255,AES90
s000000002,AES90
s000001295,AES90
s000001369,AES90
s000000937,AES90
s000007129,AES90
s000000617,AES90
s000005104,AES100
s000006857,AES100
s000007130,AES100
s000007131,AES100
s000000853,AES100
s000003856,AES100
s000004840,AES100
s000006587,AES100
s000001612,AES100
s000003820,AES100
s000005729,AES100
s000001989,AES100
s000007132,AES100
s000006292,AES100
s000007133,AES100
s000007134,AEy2
s000007135,AEy9
s000007136,AEy9
s000007137,AEy12
s000007136,AEy12
s000007138,AEy12
s000007139,AEy14
s000007140,AEy14
s000007141,AEy14
s000007135,AEy14
s000002850,AEy16
s000007139,AEy16
s000007142,AEy16
s000007143,AEy16
s000007144,AEy16
s000004993,AEy16
s000007136,AEy16
s000007145,AEy18
s000007146,AEy18
s000002887,AEy18
s000007136,AEy18
s000007147,AfA10
s000007148,AfA10
s000007149,AfA10
s000006859,AfA10
s000006859,AfA10
s000006859,AfA10
s000007150,AfA10
s000006859,AfA10
s000000679,AFl10
s000000312,AFl10
s000007151,AFl10
s000002757,AHa10
s000004752,AHa10
s000002868,AHa10
s000004199,AHa10
s000007152,AHa10
s000006140,AHa10
s000001410,AHa10
s000007153,AGi10
s000007154,AGi10
s000007155,AHo1
s000007156,AHo1
s000007157,AHo1
s000004026,AHo1
s000007158,AHo1
s000007159,AG20
s000000209,AG20
s000007160,AG20
s000006384,AG20
s000002184,AG30
s000007161,AG30
s000007162,AG30
s000007163,AG30
s000007159,AG40
s000000209,AG40
s000007160,AG40
s000007164,AG70
s000007165,AGe20
s000007166,AGe20
s000007167,AGe20
s000007168,AGe20
s000007169,AGe20
s000007170,AGe20
s000007171,AGe20
s000007172,AgH1
s000002617,AgH1
s000007173,AgH5
s000006859,AgH5
s000007174,AgH10
s000007175,AgH10
s000001541,AgH10
s000007176,AgH10
s000007177,AgH10
s000007178,AgH10
s000006859,AgH10
s000006859,AgH10
s000006859,AgH10
s000007179,AgH13
s000007180,AgH13
s000007181,AgH13
s000007182,AgH13
s000007183,AgH15
s000007184,AgH15
s000007185,AgH15
s000007186,AgH15
s000005819,AgH15
s000003601,AgH19
s000007187,AgH19
s000002001,AgH19
s000007188,AMt10
s000007189,AMt10
s000007190,AMt10
s000007191,AMt15
s000007192,AMt15
s000000227,AGl10
s000000323,AGl10
s000007193,AGl10
s000005853,AGl10
s000000201,AGl10
s000001587,AGl10
s000001221,AGl12
s000000920,AGl12
s000007194,AGl12
s000007195,AGl12
s000001519,AGl12
s000002617,AGl12
s000007196,AGm10
s000007197,AGm10
s000007198,AGm10
s000007199,AGm10
s000007200,AGm10
s000007201,AGm10
s000000636,AGr10
s000007202,AGr10
s000007203,AGs10
s000007204,AGs10
s000007205,AGs10
s000007206,AGs10
s000007207,AGs10
s000007208,AGs10
s000007209,AGs10
s000007207,AGs10
s000007210,AGs10
s000007211,AGs10
s000005879,AHb20
s000001551,AHb20
s000007212,AHu1
s000007213,AHu1
s000007214,AiE10
s000007215,AiE10
s000007216,AiE10
s000007217,AiE10
s000007218,AiE10
s000007219,AiE10
s000003409,AiE10
s000007220,AiE10
s000007221,AiE10
s000007222,AII1
s000007223,AII1
s000000907,AII1
s000003703,AII3
s000005842,AII3
s000007224,AiN10
s000005524,AJa1
s000005253,AJa1
s000004681,AJa1
s000007225,AJa1
s000007226,AJa1
s000006859,AJa1
s000003912,AJd10
s000003534,AJG50
s000002596,AJG50
s000001998,AJG50
s000002655,AJG50
s000007227,AJG50
s000001391,AJG50
s000007228,AJG50
s000001385,AJo10
s000003218,AJo10
s000007229,AJo10
s000007230,AJo10
s000003862,AJo10
s000002038,AJP1
s000006049,AJP1
s000005557,AJP1
s000007231,AJP1
s000002180,AJP1
s000006275,AJP1
s000007232,AJP1
s000002843,AJP1
s000007233,AJP1
s000000422,AJP2
s000005034,AJP2
s000001343,AJP2
s000001433,AJP2
s000007234,AJP2
s000005173,AJP3
s000002827,AJP3
s000007235,AJP3
s000007236,AJP3
s000006501,AJP3
s000000320,AJP3
s000002833,AJP3
s000007237,AJP3
s000000076,AJP3
s000007238,AJP3
s000007239,AJP3
s000005240,AJP5
s000001129,AJP5
s000000500,AJP5
s000000285,AJP5
s000007240,AJP5
s000002038,AJP6
s000003409,AJP6
s000001343,AJP6
s000006020,AJP7
s000003364,AJP7
s000003848,AJP7
s000007241,AJP7
s000007242,AJP7
s000007243,AJP7
s000002052,AJP15
s000007244,AJP15
s000003163,AJP15
s000005549,AJP15
s000001559,AJP15
s000006728,AJP15
s000007245,AJP15
s000005331,AJP25
s000006524,AJP25
s000001365,AJP25
s000001343,AJP25
s000007246,AJP25
s000002710,AJP25
s000002052,AJP29
s000004965,AJP29
s000007247,AJP29
s000000571,AJP29
s000006692,AJP29
s000007248,AJP29
s000007249,AJP29
s000007250,AJP29
s000007251,AJP29
s000000393,AJs1
s000000383,AJs1
s000003157,AJs1
s000006220,AJs1
s000007252,AJy10
s000006859,AJy10
s000006859,AJy10
s000006859,AJy10
s000006859,AJy10
s000006859,AJy10
s000006859,AJy10
s000006859,AJy10
s000002141,AK50
s000005107,AK50
s000007253,AK50
s000003531,AK57
s000004641,AK57
s000000351,AK57
s000000367,AK57
s000003468,AK57
s000007066,AK59
s000003602,AK90
s000007254,AK90
s000004429,AK90
s000000101,AK90
s000007255,AK90
s000006653,AK90
s000000156,AK90
s000007256,AKa5
s000007257,AKa5
s000007258,AKa5
s000007259,AKa15
s000007260,AKa15
s000007261,AKa15
s000007262,AKa15
s000007177,AKa20
s000007263,AKa20
s000007264,AKa20
s000006859,AKa20
s000007265,AKa20
s000007266,AKa20
s000007267,AKa20
s000003865,AKe1
s000000524,AKe1
s000001296,AKe1
s000000422,AKe1
s000004903,AKe5
s000007268,AKe5
s000003254,AKe5
s000007269,AKe5
s000007270,AKe5
s000007271,AKe5
s000007272,AKj10
s000007273,AKj10
s000007274,AKj10
s000003996,AKj11
s000001609,AKj11
s000004532,AKj11
s000006550,AKj12
s000001229,AKj12
s000007275,AKj13
s000005173,AKj13
s000004410,AKj13
s000004818,AKj14
s000006974,AKj14
s000004552,AKj15
s000006746,AKj15
s000002997,AKj16
s000005793,AKj16
s000001751,AKj16
s000005834,AKj16
s000001918,AKj17
s000001576,AKj17
s000006621,AKj17
s000007276,AKj18
s000006859,AKj18
s000007277,AKj19
s000001618,AKj19
s000001172,AKj19
s000003604,AKj20
s000006859,AKj20
s000005206,AKj20
s000000912,AKj21
s000007278,AKj21
s000007279,AKj21
s000007280,AkK2
s000004222,AkK7
s000005720,AkK7
s000007281,AkK9
s000004222,AkK11
s000007282,AkK11
s000007283,AkK11
s000005720,AkK11
s000007284,AkK11
s000007285,AkK12
s000007286,AkK12
s000003427,AkK12
s000004222,AkK14
s000005720,AkK14
s000007287,AkK14
s000007288,AkK14
s000007284,AkK14
s000005720,AkK15
s000004222,AkK20
s000004222,AkK22
s000007289,AkK22
s000006859,AkK22
s000006859,AkK22
s000004222,AkK23
s000006859,AkK26
s000006859,AkK26
s000007290,AkK27
s000007290,AkK27
s000007291,AkK28
s000007292,AkK28
s000007293,AkK28
s000007294,AkK28
s000007295,AkK28
s000007296,AkK28
s000007297,AkK28
s000007298,AkK29
s000007291,AkK29
s000005593,AkK29
s000007299,AkK29
s000002258,AkK30
s000007300,AkK30
s000006859,AkK31
s000007301,AKl10
s000006432,AKo10
s000005329,AKo10
s000007302,AKo10
s000007303,AKo10
s000007304,AKo10
s000004138,AKo10
s000005882,AKo15
s000005456,AKo15
s000007305,AKo15
s000002947,AKo15
s000002887,AKo15
s000007306,AKo15
s000006859,AKo15
s000006859,AKo15
s000006859,AKo15
s000007307,AkS10
s000007308,AkS10
s000007309,AkS10
s000007310,AkS10
s000007311,AKu10
s000000094,AKu10
s000000678,AL8
s000001451,AL8
s000001165,AL10
s000000678,AL10
s000005144,AL10
s000003752,AL10
s000001255,AL10
s000003069,AL10
s000007312,AL10
s000005354,AL11
s000007313,AL11
s000007314,AL11
s000003077,AL11
s000001338,AL11
s000004772,AL11
s000004717,AL11
s000003677,AL11
s000000678,AL12
s000001469,AL12
s000004707,AL12
s000006573,AL12
s000007315,AL12
s000006606,AL12
s000001428,AL12
s000001459,AL12
s000002572,AL12
s000001298,AL12
s000007316,AL12
s000003755,AL12
s000002196,AL13
s000004650,AL13
s000005707,AL13
s000004187,AL13
s000001305,AL13
s000004717,AL13
s000007317,AL13
s000003677,AL13
s000005354,AL14
s000003781,AL14
s000005513,AL14
s000005930,AL14
s000007074,AL14
s000000874,AL16
s000005707,AL16
s000001322,AL16
s000001338,AL16
s000003276,AL16
s000004115,AL16
s000006213,AL16
s000005092,AL16
s000002037,AL20
s000007085,AL21
s000003466,AL21
s000005263,AL21
s000001284,AL21
s000000443,AL21
s000007318,AL21
s000001858,AL21
s000001229,AL21
s000001531,AL22
s000007319,AL22
s000007320,AL22
s000002849,AL22
s000003498,AL22
s000001858,AL22
s000000628,AL22
s000004837,AL22
s000005553,AL22
s000000510,AL26
s000000802,AL26
s000002697,AL26
s000002959,AL26
s000006094,AL26
s000000270,AL26
s000001584,AL26
s000005553,AL26
s000000802,AL27
s000003293,AL27
s000005319,AL27
s000007321,AL27
s000004390,AL27
s000003954,AL27
s000006859,AL27
s000006859,AL27
s000004494,AlA10
s000001044,AlA10
s000007322,AlA10
s000000977,AlA10
s000007323,AlA10
s000000977,AlA10
s000007324,AlA10
s000007325,AlA10
s000001816,AlA10
s000006092,AlA10
s000001474,AlA10
s000001379,AlA50
s000000977,AlA50
s000000559,AlA50
s000003469,AlA50
s000002108,AlA50
s000006859,AlB10
s000004496,AlB10
s000004828,AlB10
s000001966,AlB10
s000001595,AlC10
s000006859,AlC10
s000006859,AlC10
s000003912,AlC14
s000001568,AlC20
s000007326,AlC20
s000007327,AlC20
s000007328,AlC20
s000007329,AlC20
s000007330,AlC20
s000007331,AlD10
s000005513,ALe1
s000003955,ALe1
s000002256,ALe1
s000007332,ALe1
s000007333,ALe1
s000000400,ALe1
s000006147,ALe1
s000000602,ALe1
s000000394,ALe1
s000005513,ALe2
s000003507,ALe2
s000005183,ALe2
s000002292,ALe2
s000003542,ALe2
s000003996,ALe4
s000002193,ALe4
s000006514,ALe4
s000004838,ALe4
s000005760,ALe4
s000007334,ALe4
s000003536,ALe4
s000007335,ALe4
s000002364,ALe4
s000006655,ALe7
s000001967,ALe7
s000002180,ALe7
s000005764,ALe7
s000007336,ALe7
s000001390,ALe7
s000007337,ALe7
s000000810,ALe7
s000001391,AlG11
s000001391,AlG11
s000003576,AlG11
s000007338,AlG11
s000004454,AlG11
s000007339,AlG11
s000006132,AlH8
s000004180,AlH8
s000007340,AlH8
s000000545,AlH8
s000004758,AlH8
s000007341,AlH8
s000000539,AlH8
s000006828,AlH21
s000004239,AlH21
s000002498,AlH21
s000002192,AlH21
s000002556,AlH21
s000004329,AlH24
s000002884,AlH24
s000003304,AlH24
s000005113,AlH24
s000007342,AlH24
s000007343,AlH24
s000006965,AlH24
s000007344,AlH24
s000002819,AlH24
s000007345,AlH24
s000002392,AlH30
s000000575,AlH30
s000007342,AlH30
s000007346,AlH30
s000001545,AlH30
s000002134,AlH30
s000007347,AlH30
s000000005,AlH30
s000006799,AlH38
s000004239,AlH38
s000005150,AlH38
s000004472,ALi10
s000000680,ALi10
s000003347,ALi10
s000000246,ALi10
s000000195,ALi10
s000004881,ALi15
s000005994,ALi15
s000007348,ALi15
s000007349,ALi15
s000000321,AlJ1
s000000758,AlJ1
s000004019,AlJ1
s000003688,AlJ1
s000001966,AlJ1
s000005289,AlJ1
s000001760,AlJ1
s000002505,AlJ1
s000007350,AlJ1
s000007351,AlL3
s000001007,AlM10
s000006242,AlM10
s000003485,AlM10
s000004767,AlP15
s000007352,AlP15
s000005480,AlP15
s000000310,AlP15
s000005090,AlP15
s000007353,AlP15
s000006838,AlP15
s000007354,AlP15
s000001168,AlR1
s000003357,AlR1
s000000291,AlR1
s000000886,AlR1
s000002015,AlR1
s000001519,AlR1
s000007355,AlR1
s000006859,AlR1
s000007356,AlR1
s000006859,AlR1
s000003344,ALs10
s000004726,ALs10
s000002899,ALs10
s000003714,AlT10
s000007357,AlT10
s000007358,AlT10
s000007359,AlT10
s000007360,AlT10
s000005354,ALv10
s000002325,ALv10
s000005948,ALv10
s000002548,ALv10
s000006667,ALv10
s000000553,ALv10
s000006346,ALv10
s000002885,ALv100
s000006672,ALv100
s000007361,ALv100
s000004444,ALv100
s000007362,ALv100
s000006859,ALv100
s000006859,ALv100
s000002039,ALv101
s000001849,ALv101
s000007363,ALv101
s000007364,ALv101
s000007365,ALv101
s000006607,ALv101
s000007366,ALv101
s000007367,ALv101
s000007368,ALv101
s000007369,ALv101
s000007370,ALv101
s000000189,AlW40
s000006828,AlW40
s000003196,AlW40
s000006831,AlW40
s000005808,AlW40
s000007371,AlW40
s000006606,AlW40
s000007372,AlW40
s000007373,AlW40
s000004429,AlW40
s000007374,AlW40
s000005144,AlW60
s000000793,AlW60
s000006858,AlW60
s000003793,AlW60
s000007375,AlW60
s000003317,AlW60
s000001140,AlW60
s000005929,AlW60
s000002361,AlW60
s000000097,AlZ4
s000004156,AlZ4
s000007376,AlZ4
s000007377,AlZ4
s000006722,AlZ4
s000007378,AlZ4
s000007379,AlZ4
s000007380,AlZ4
s000007381,AlZ4
s000007382,AlZ4
s000007383,AlZ4
s000007376,AlZ5
s000006859,AlZ5
s000006581,AlZ5
s000000341,AlZ5
s000005671,AlZ5
s000007384,AlZ5
s000007385,AlZ5
s000007386,AlZ5
s000001244,AlZ5
s000000970,AlZ5
s000007387,AlZ5
s000007377,AlZ5
s000007388,AlZ5
s000007389,AlZ5
s000007390,AlZ5
s000007391,AlZ25
s000007392,AlZ25
s000007393,AlZ25
s000007085,AM12
s000000454,AM12
s000003413,AM12
s000002907,AM18
s000001469,AM18
s000000613,AM18
s000006216,AM18
s000002044,AM18
s000007394,AM18
s000002548,AM18
s000002398,AM18
s000002659,AM18
s000006859,AM18
s000007085,AM20
s000004082,AM20
s000004650,AM20
s000000613,AM21
s000002044,AM21
s000007395,AM21
s000005707,AM21
s000007396,AM21
s000007397,AM21
s000005546,AM21
s000005262,AM21
s000000018,AM21
s000007398,AM21
s000002659,AM21
s000002806,AM21
s000003677,AM21
s000007399,AM21
s000007400,AM21
s000007401,AM21
s000000701,AM21
s000002556,AM21
s000007402,AM21
s000007403,AM21
s000007404,AM21
s000002688,AM21
s000007405,AM21
s000001252,AM23
s000005144,AM23
s000007406,AM23
s000006282,AM23
s000000351,AM23
s000002528,AM23
s000000338,AM23
s000005104,AM27
s000000484,AM27
s000004950,AM27
s000004601,AM27
s000002247,AM27
s000007407,AM27
s000002103,AM29
s000001840,AM29
s000000408,AM29
s000001329,AM29
s000002498,AM29
s000005462,AM31
s000004327,AM31
s000000343,AM31
s000004248,AM31
s000003475,AM31
s000007408,AM31
s000005395,AM31
s000003984,AM35
s000003983,AM35
s000003985,AM35
s000007074,AM35
s000007409,AM35
s000001696,AM35
s000001182,AM35
s000005652,AM35
s000004452,AM36
s000005113,AM36
s000000408,AM36
s000005522,AM36
s000007410,AM36
s000007411,AMa10
s000002861,AMa10
s000002060,AMa10
s000004377,AMa10
s000002785,AMa10
s000006552,AMa50
s000004298,AMa50
s000002037,AMa50
s000005473,AMa50
s000005914,AMa50
s000006452,AMa50
s000007412,AMa50
s000007413,AMa50
s000005521,AMa50
s000000543,AMa50
s000001967,AMa50
s000002963,AMa50
s000004273,AMa50
s000004090,AMa50
s000006636,AMa50
s000002060,AMa50
s000000061,AMa50
s000004645,AMa50
s000000854,AMa50
s000006286,AMa50
s000003378,AMa50
s000001440,AMa50
s000005130,AMa50
s000000842,AMa50
s000002894,AMa50
s000007414,AMa50
s000003542,AMa50
s000006219,AMa50
s000002243,AMa50
s000002440,AMa50
s000001221,AMa50
s000000361,AMa50
s000000188,AMa50
s000003167,AMa50
s000000149,AMa56
s000005601,AMa56
s000004349,AMa56
s000003378,AMa56
s000005498,AMa60
s000000023,AMa60
s000002966,AMa60
s000004653,AMa60
s000000727,AMa61
s000001783,AMa61
s000007415,AMa61
s000004059,AMa61
s000006806,AMa61
s000006183,AMa61
s000007416,AMa61
s000000490,AMa69
s000007417,AMc15
s000007418,AMc15
s000007419,AMD3
s000007420,AMD3
s000007421,AMD3
s000007422,AMD3
s000007423,AMD3
s000007424,AMD3
s000006346,AMD10
s000000567,AMD10
s000000062,AMD10
s000000071,AMD10
s000005886,AMD10
s000006346,AMD13
s000003655,AMD13
s000000783,AMD16
s000001136,AMD16
s000005916,AMD16
s000000143,AMD16
s000007425,AMe10
s000007426,AMe10
s000007427,AMe10
s000007428,AMe10
s000002966,AMg7
s000004983,AMg7
s000004882,AmH10
s000001013,AmH10
s000003601,AmH10
s000007429,AmH10
s000007430,AmH10
s000005216,AmH10
s000001792,AmH10
s000006486,AmH10
s000005994,AmH10
s000001066,AmH13
s000007431,AmH13
s000007432,AmH13
s000002792,AmH13
s000000232,AmH13
s000000232,AmH13
s000003003,AmH13
s000007433,AmH13
s000007434,AmH13
s000007435,AmH13
s000007436,AmH13
s000007437,AmH13
s000007438,AmH13
s000007439,AmH13
s000007440,AmH25
s000007441,AmH25
s000003341,AmH25
s000007442,AMi10
s000006997,AMi10
s000007443,AMi10
s000007444,AMi10
s000007445,AMi10
s000007446,AMi10
s000007447,AMi10
s000007448,AMi10
s000007449,AMi10
s000001619,AMi12
s000007450,AMi12
s000007451,AMi12
s000007452,AMi12
s000007453,AMi15
s000007454,AMi15
s000006165,AMi15
s000007455,AMi15
s000007456,AMi15
s000007457,AMi15
s000007458,AMi19
s000007459,AMi19
s000004794,AMi19
s000007460,AMi19
s000007461,AMi19
s000006859,AMi19
s000007462,AMk10
s000007463,AMk10
s000001576,AML1
s000007464,AML1
s000007465,AML1
s000007466,AML1
s000007467,AmM10
s000007468,AmM10
s000007469,AmM10
s000003041,AmM10
s000007470,AmM10
s000007471,AmM10
s000007472,AmM10
s000007473,AmM10
s000000100,AmN1
s000006260,AmN1
s000005626,AmN1
s000006413,AmN1
s000001726,AmN1
s000006699,AmN1
s000004257,Amo13
s000007474,Amo13
s000007475,Amo13
s000007476,Amo13
s000004347,Amo13
s000004814,AMp1
s000007477,AMp1
s000002955,AMp1
s000007478,AMp1
s000006776,AMp1
s000003538,AMp1
s000003455,AMr10
s000007479,AMr10
s000007480,AMr10
s000007481,AMr15
s000007482,AMs25
s000007483,AMs25
s000006859,AMs25
s000006049,AMy3
s000002038,AMy3
s000000680,AMy3
s000007484,AMy3
s000002775,AMy3
s000005538,AMy3
s000007485,AMy3
s000007486,AMy3
s000003407,AMy10
s000002775,AMy10
s000000769,AMy10
s000007487,AMy10
s000000801,AMy10
s000007488,AMy18
s000007489,AMy18
s000002231,AMy18
s000006859,AMy18
s000005807,AMy18
s000007490,AMy18
s000007491,AMy18
s000007492,AMy18
s000007493,AMy18
s000002574,AMy18
s000007494,AMy18
s000007495,AMy18
s000000246,AMy18
s000002574,AMy18
s000007496,AMy18
s000007497,AMy18
s000007498,AMy18
s000007499,AMy18
s000005807,AMy20
s000007491,AMy20
s000004818,AMz1
s000005786,AMz1
s000001427,AMz5
s000003244,AMz5
s000007500,AMz5
s000007501,AMz5
s000007502,AMz5
s000007503,AMz5
s000007504,AMz5
s000007505,AMz5
s000000420,AMz5
s000003887,AN10
s000002032,AN10
s000007506,AN10
s000004843,AN10
s000004267,AN10
s000001440,AN10
s000002566,AN10
s000002200,AnA10
s000006415,AnA10
s000007507,AnB5
s000004814,AnB5
s000000866,AnB5
s000004705,AnB10
s000006501,AnB10
s000004169,AnB10
s000003314,AnB10
s000000741,AnB20
s000000700,AnB20
s000004257,AnB20
s000003347,AnB20
s000000473,AnB20
s000005560,AnB20
s000007508,AnB20
s000007509,AnB20
s000002036,AnB24
s000000872,AnB24
s000007024,AnB24
s000006860,AnB24
s000007510,AnB24
s000004338,AnB26
s000005240,AnB26
s000006859,AnB26
s000006859,AnB26
s000003218,AnC10
s000003743,AnC10
s000004333,AnC10
s000006834,AnC10
s000003686,AnC10
s000000370,AnC10
s000006852,AnC10
s000007511,AnD10
s000007512,AnD10
s000007513,AnD10
s000007514,AnD10
s000007515,AnD10
s000007516,AnD10
s000003466,ANe10
s000005490,ANe10
s000007000,ANi10
s000007459,ANi10
s000006196,ANi10
s000007517,AnL5
s000006860,AnL5
s000007518,AnL10
s000003652,AnL10
s000007519,AnL10
s000007520,AnL10
s000007521,AnL10
s000007522,AnL10
s000003364,AnL12
s000007523,AnL12
s000006564,AnL12
s000006761,AnL12
s000007524,AnL12
s000007525,AnL12
s000006173,AnL13
s000007526,AnL13
s000000697,AnL13
s000000990,AnL13
s000007525,AnL15
s000007527,AnL15
s000007528,AnL15
s000007529,AnL15
s000007530,AnL15
s000007531,AnL15
s000007532,AnL15
s000006859,AnL15
s000007533,AnL15
s000007534,AnL15
s000007535,AnL15
s000006859,AnL15
s000006859,AnL15
s000005896,AnM16
s000002984,AnM16
s000001271,AnM16
s000000132,AnM16
s000005382,AnM16
s000002342,AnM16
s000000628,AnM16
s000002054,AnM16
s000001533,AnM16
s000006841,AnM16
s000004420,AnM17
s000005968,AnM20
s000005968,AnM22
s000007536,AnM22
s000003276,AnM22
s000005968,AnM24
s000005473,AnM24
s000005968,AnM25
s000000104,AnM25
s000004377,AnM25
s000001696,AnM25
s000003505,AnM25
s000000194,AnM25
s000003414,AnM25
s000003701,AnM25
s000005968,AnM27
s000000104,AnM27
s000007537,AnM27
s000007538,AnM27
s000003757,AnM27
s000007539,AnM27
s000007540,AnM27
s000005968,AnM28
s000003510,AnM30
s000002041,AnM30
s000007541,AnM30
s000005047,AnM30
s000000884,AnM30
s000000455,AnM30
s000001806,AnM30
s000004272,AnM30
s000005473,AnM32
s000005150,AnM32
s000004409,AnM32
s000001802,AnM32
s000005473,AnM33
s000005150,AnM33
s000003753,AnM33
s000002508,AnM33
s000003739,AnM33
s000004409,AnM33
s000005860,AnM33
s000002159,AnM33
s000003011,AnM33
s000003479,AnM33
s000001252,AnM34
s000002051,AnM35
s000005559,AnM35
s000000408,AnM35
s000007542,AnM35
s000006092,AnM35
s000007543,AnM35
s000004724,AnM35
s000004106,AnM35
s000007544,AnM35
s000007545,AnM35
s000004653,AnM35
s000004062,AnM35
s000004409,AnM35
s000003238,AnM35
s000006644,AnM35
s000001436,AnM35
s000005836,AnM35
s000002776,AnM37
s000003744,AnM37
s000006341,AnM37
s000004774,AnM37
s000002119,AnM37
s000005160,AnM37
s000003714,AnM37
s000002667,AnM37
s000005640,AnM37
s000007546,AnM37
s000002877,AnM37
s000006706,AnM37
s000007547,AnM40
s000004981,AnM40
s000000675,AnM40
s000003996,AnM40
s000003744,AnM40
s000003013,AnM40
s000005000,AnM40
s000005083,AnM40
s000001967,AnM40
s000005665,AnM40
s000000123,AnP7
s000005089,AnP7
s000005742,AnP7
s000006379,AnP7
s000006316,AnP7
s000005702,AnP8
s000002376,AnP8
s000003507,AnP8
s000003714,AnP8
s000003762,AnP8
s000002597,AnP18
s000002825,AnP18
s000007548,AnP18
s000007549,AnP18
s000007550,AnP18
s000007551,AnP18
s000007552,AnP18
s000007553,AnP18
s000007554,AnP18
s000000802,AnQ10
s000001222,AnS1
s000003120,AnS1
s000003970,AnS1
s000007555,AnS1
s000000671,AnS1
s000005353,AnS3
s000007556,AnS3
s000007557,AnS3
s000002881,AnS3
s000006708,AnS3
s000007558,AnS3
s000007559,AnS3
s000007556,AnS3
s000007560,AnS3
s000007561,AnS3
s000007562,AnS3
s000000125,AnS3
s000007563,AnS3
s000000886,AnS3
s000001493,AnS15
s000003153,AnS15
s000000805,AnS33
s000007564,AnS33
s000000706,AnS33
s000004294,AnS33
s000004838,AnS33
s000000626,AnT5
s000000325,AnT5
s000006815,AnT5
s000003150,AnT16
s000001100,AnW10
s000007565,AoS10
s000007566,AoS10
s000007567,AOz10
s000007568,AOz10
s000007569,AOz10
s000000294,APa5
s000002072,APa5
s000001470,APa6
s000000310,APa6
s000007570,APa6
s000004279,APa6
s000005079,APa6
s000002975,APa6
s000000922,APa7
s000000382,APa7
s000001504,APa7
s000001376,APa7
s000004158,APa7
s000003222,APa12
s000002001,APa12
s000000093,APa12
s000002792,APa12
s000003222,APa12
s000007571,APa12
s000002511,APa20
s000001396,APa20
s000006859,APa20
s000006859,APa20
s000007572,APa20
s000001686,APa20
s000007573,APa20
s000007574,APa20
s000006879,APa24
s000005078,APa24
s000007575,APa25
s000007576,APa25
s000007577,APa25
s000007578,APa25
s000007579,APa25
s000007580,APa25
s000007581,APa25
s000007582,APa25
s000003865,APa30
s000000323,APa30
s000005062,APa30
s000007583,APa30
s000004891,APe10
s000005551,APe10
s000007584,APe10
s000007585,APe10
s000007586,APl10
s000007587,APl10
s000007588,APl10
s000007589,APk10
s000007590,APk10
s000007591,APk10
s000007592,APk10
s000007593,APk10
s000002196,APo10
s000002342,APo10
s000007594,APo10
s000006726,APo10
s000005233,APo10
s000001928,APo40
s000006859,APo40
s000000454,APo40
s000005173,APo43
s000005408,APo43
s000000580,APo43
s000001123,APo43
s000006036,APo43
s000003571,APr10
s000007595,APr10
s000002934,APr10
s000007596,APr10
s000007597,APr10
s000007554,APr12
s000002978,APr12
s000006050,APr12
s000007598,APr12
s000007599,APr12
s000007600,APv10
s000007601,APv10
s000007601,APv10
s000002883,APy10
s000000456,APy10
s000003818,APy10
s000003868,APy10
s000003801,APy10
s000007602,APy15
s000007603,APy15
s000003538,APy15
s000007229,APy15
s000007604,AR4
s000007605,AR4
s000005655,AR5
s000007606,AR5
s000007607,AR5
s000007608,AR5
s000007609,AR5
s000007610,AR5
s000000459,AR8
s000000678,AR8
s000007611,AR8
s000007612,AR8
s000003730,AR8
s000007613,AR8
s000001568,AR8
s000002272,AR10
s000000612,AR10
s000007614,AR10
s000006505,AR10
s000006025,AR10
s000003376,ARa10
s000005247,ARa10
s000001244,ARa10
s000007615,ARa10
s000001343,ARb1
s000006096,ARb1
s000000556,ARb1
s000006859,ARb1
s000004151,ARb1
s000007040,ARb1
s000003163,ARb1
s000006859,ARb1
s000006859,ARb1
s000007616,ARb1
s000006859,ARb1
s000005323,ARb1
s000007617,ArD10
s000006264,ArF10
s000005282,ArF10
s000006273,ARG2
s000007618,ARG2
s000007619,ARG2
s000007620,ARG2
s000007621,ARG2
s000004197,ArH101
s000007622,ArH101
s000007623,ArH101
s000007624,ArH101
s000007625,ArH101
s000007626,ArH101
s000002885,ArH102
s000007627,ArH102
s000007628,ArH103
s000007629,ArH103
s000006945,ArH103
s000007630,ArH103
s000002060,ArH104
s000007631,ArH104
s000002438,ArH104
s000007632,ArH104
s000001644,ArH105
s000005443,ArH105
s000005500,ArH106
s000007633,ArH106
s000001545,ArH107
s000007633,ArH107
s000003099,ArH107
s000003247,ArH107
s000000235,ArH108
s000004181,ArH108
s000001195,ArH108
s000007634,ArH108
s000000447,ArH109
s000001715,ArH109
s000007635,ArH109
s000007636,ArH109
s000003151,ArH110
s000001729,ArH110
s000007637,ArH110
s000002651,ArH111
s000007638,ArH111
s000002130,ArH111
s000007639,ArH111
s000001186,ArH112
s000002469,ArH112
s000000406,ArH112
s000002105,ArH113
s000007640,ArH113
s000007641,ArH113
s000007642,ArH113
s000007643,ArH113
s000005793,ArH114
s000006816,ArH115
s000007644,ArH115
s000005423,ArH115
s000007645,ArH115
s000007646,ArH115
s000007647,ArH115
s000006980,ArH116
s000007648,ArH116
s000003959,ArH116
s000007649,ArH117
s000002016,ArH117
s000007650,ArH117
s000007651,ArH117
s000007652,ArH117
s000007653,ArH118
s000007654,ArH118
s000005711,ArH118
s000002033,ArH118
s000007655,ArH204
s000006859,ArH204
s000006859,ArH205
s000006859,ArH205
s000003612,ArH207
s000001562,ArH207
s000000358,ArH207
s000004158,ArH207
s000004316,ArH207
s000004705,ArH208
s000003824,ArH208
s000004239,ArH208
s000003937,ArH208
s000003143,ArH208
s000004021,ArH209
s000005898,ArH209
s000002614,ArH209
s000002395,ArH209
s000005849,ArH209
s000005597,ArH210
s000005287,ArH210
s000002939,ArH210
s000001772,ArH210
s000003918,ArH210
s000001129,ArH215
s000006656,ArH215
s000005064,ArH215
s000004102,ArH215
s000006859,ArH215
s000006859,ArH215
s000006859,ArH215
s000006859,ArH215
s000001900,ArH216
s000000185,ArH216
s000007656,ArH216
s000007657,ArH216
s000007658,ArH216
s000004767,ArH217
s000000910,ArH217
s000006581,ArH217
s000001626,ArH217
s000003326,ArH217
s000002435,ArH217
s000007659,ArH217
s000007660,ArH217
s000003032,ArH218
s000004723,ArH218
s000002569,ArH218
s000002798,ArH218
s000002790,ArH218
s000004697,ArH218
s000004341,ArH220
s000005912,ArH220
s000005942,ArH220
s000003974,ArH225
s000002470,ArH225
s000003024,ArH225
s000003551,ArH225
s000001684,ArH225
s000004603,ArH227
s000006682,ArH227
s000002814,ArH227
s000003817,ArH227
s000004448,ArH227
s000002195,ArH227
s000001436,ArH227
s000006656,ArH230
s000005064,ArH230
s000007661,ArH230
s000007352,ArH230
s000006850,ArH230
s000007662,ArH230
s000007663,ArH230
s000007664,ArH230
s000007665,ArH230
s000007666,ArH236
s000007667,ArH236
s000007668,ArH236
s000003003,ArH240
s000007669,ArH240
s000005882,ArH240
s000007670,ArH240
s000001035,ArH240
s000007671,ArH240
s000007672,ArH240
s000007673,ArH240
s000007674,Ari15
s000007675,Ari15
s000005692,ARk10
s000007676,ARk10
s000007677,ARk10
s000007243,ARk10
s000007678,ARk10
s000006859,ARk12
s000007679,ARk12
s000000866,ARk12
s000007680,ARk12
s000003764,ARk12
s000006859,ARk12
s000003288,ArL17
s000001103,ArL17
s000003196,ArL22
s000003780,ArL22
s000005280,ArL22
s000004491,ArL22
s000002500,ArL22
s000007681,ArL22
s000002018,ArL22
s000004187,ArL26
s000002773,ArL26
s000006461,ArL26
s000002014,ArL26
s000000196,ArL26
s000007682,ArL26
s000000002,ArL28
s000001295,ArL28
s000000671,ArL28
s000001384,ArL28
s000007683,ArL28
s000007132,ArL28
s000004879,ArL28
s000007684,ArL28
s000002912,ArL28
s000000002,ArL29
s000001295,ArL29
s000001475,ArL29
s000007132,ArL29
s000000945,ArL29
s000007685,ArL29
s000000162,ArL29
s000003550,ArL29
s000000254,ArL29
s000005113,ArL36
s000002080,ArL36
s000001794,ArL36
s000001343,ArL36
s000000368,ArL36
s000000937,ArL36
s000007686,ArL36
s000007687,ArL36
s000003597,ArL36
s000007688,ArL39
s000003158,ArL39
s000002670,ArL39
s000006003,ArL39
s000004585,ArL46
s000005200,ArL48
s000005200,ArL49
s000004677,ArL51
s000004490,ArL51
s000004127,ArL51
s000005168,ArL51
s000006148,ArL51
s000002117,ArL51
s000001778,ArL51
s000005200,ArL56
s000005200,ArL58
s000004310,ArL58
s000001642,ArL58
s000005200,ArL60
s000005200,ArL61
s000006173,ARm10
s000007689,ARm10
s000004556,ArN10
s000004592,ArN10
s000003292,ArN10
s000005865,ArN10
s000003421,ArN10
s000001884,ArN10
s000001955,ArN10
s000000318,ArN10
s000004862,ArN10
s000006265,ArN10
s000006328,ARo10
s000006682,ARo10
s000001659,ARo10
s000007690,ARo10
s000001311,ARo10
s000004559,ArP1
s000002667,ArP1
s000007691,ArP1
s000001532,ArP1
s000005076,ArP1
s000007692,ArP1
s000001610,ArP1
s000007693,ArP1
s000000700,ArP4
s000002038,ArP4
s000002087,ArP4
s000001763,ArP4
s000005173,ArP4
s000007694,ArP4
s000005437,ArP4
s000003954,ArP4
s000002870,ArP4
s000002949,ArP4
s000006859,ArP4
s000000422,ArP5
s000001735,ArP5
s000002511,ArP5
s000004825,ArP5
s000004990,ArP5
s000006112,ArP5
s000005076,ArP5
s000006656,ArP5
s000002827,ArP10
s000001735,ArP10
s000000320,ArP10
s000002245,ArP10
s000004448,ArP10
s000002511,ArP15
s000001123,ArP15
s000000553,ArP15
s000006838,ArP15
s000003943,ArP15
s000002460,ArP15
s000006773,ArP15
s000006511,ArP15
s000000700,ArP16
s000004572,ArP16
s000005079,ArP16
s000003692,ArP16
s000002058,ArP16
s000005895,ArP16
s000004134,ArP16
s000000321,ArP18
s000007695,ArP18
s000003148,ArP18
s000007696,ArP18
s000007697,ArP18
s000002278,ArP18
s000006527,ArP20
s000006153,ArP20
s000005818,ArP20
s000002932,ArP20
s000002586,ArR10
s000001571,ArR10
s000000971,ARu4
s000003244,ARu4
s000001050,ARu4
s000003234,ARu4
s000002991,ARu4
s000005858,ARu4
s000001232,ARu4
s000003666,ARu4
s000000391,ARu4
s000005076,ARu4
s000006512,ARu10
s000000808,ARu10
s000001088,ARu10
s000000971,ARu10
s000007698,ARu10
s000007699,ARu10
s000007700,ARu10
s000000497,ARu20
s000007701,ARu20
s000007702,ARu20
s000000180,ARu20
s000001096,ARu28
s000004603,ARu28
s000000679,ARu28
s000007703,ARu28
s000007024,ARw12
s000003234,ARw12
s000000844,ARw12
s000005092,ARw12
s000006100,ARw12
s000000294,AS24
s000001924,ASa30
s000003473,ASa30
s000000613,ASa30
s000003769,ASa30
s000007704,ASa30
s000007705,ASa34
s000000454,ASa34
s000003946,ASa34
s000002533,ASa34
s000002528,ASa34
s000002744,ASa34
s000002392,ASa39
s000006859,ASa39
s000006859,ASa39
s000007706,ASa39
s000006859,ASa39
s000000570,ASa39
s000006859,ASa39
s000006859,ASa39
s000006859,ASa39
s000006859,ASa39
s000004187,ASa41
s000003923,ASa41
s000004739,ASa50
s000000423,ASa50
s000002706,ASa50
s000004000,ASa50
s000001459,ASa50
s000004045,ASa50
s000007707,ASa50
s000001322,ASa50
s000002532,ASa50
s000004380,ASa50
s000006230,ASa50
s000007708,ASa50
s000007709,ASa50
s000007710,ASa50
s000000470,ASa51
s000005042,ASe10
s000005763,ASe10
s000007544,ASe10
s000002810,ASe10
s000007711,ASe10
s000003724,ASf8
s000007712,ASf8
s000004019,ASf8
s000007713,ASf8
s000007714,ASf8
s000007715,ASf8
s000007716,ASf10
s000007717,ASh10
s000007718,ASh10
s000007719,ASh10
s000007720,ASh10
s000007721,ASi10
s000007722,ASi10
s000007723,ASi10
s000007724,ASi10
s000007725,ASi10
s000007726,ASi10
s000007727,ASi10
s000007728,ASj15
s000003359,ASj15
s000007729,ASj15
s000002627,AsL10
s000003059,AsL10
s000006295,AsL10
s000006400,AsL10
s000000970,AsL10
s000004187,AsL10
s000007730,ASm10
s000005318,ASm10
s000007731,ASm10
s000007732,ASm10
s000007733,ASm10
s000005714,ASo1
s000004251,ASo1
s000005705,ASo1
s000007734,ASR15
s000007735,ASR15
s000007736,ASR15
s000007737,ASR15
s000005043,ASR15
s000007738,ASR15
s000007739,ASR15
s000005144,ASR40
s000007740,ASR40
s000001325,ASR40
s000002760,ASR40
s000005844,ASR40
s000002500,ASR40
s000003437,ASR40
s000007741,ASR40
s000003780,ASR40
s000007742,ASS10
s000007743,ASS10
s000007744,ASS10
s000007745,ASS10
s000007746,ASt10
s000007747,ASt10
s000007748,ASt10
s000007749,ASt10
s000007750,ASu10
s000007751,ASu10
s000007752,ASu10
s000006859,ASv10
s000006859,ASv10
s000007099,ATa5
s000007100,ATa5
s000007753,ATa5
s000007100,ATa10
s000007754,ATa10
s000007755,ATa30
s000007756,ATa30
s000007757,ATa30
s000007758,AtB11
s000007759,AtB11
s000007760,AtB11
s000003134,AtB11
s000007761,AtB11
s000006541,ATk10
s000007762,ATk10
s000007763,ATk10
s000004402,ATk10
s000006859,ATk12
s000006541,ATk12
s000007764,ATu1
s000006859,ATu1
s000006859,ATu1
s000004365,ATe2
s000000038,ATe3
s000001568,ATe3
s000001555,ATe10
s000007765,ATe10
s000001451,ATe10
s000007766,ATe10
s000007767,ATe10
s000007768,ATe16
s000000259,ATe20
s000007769,ATe20
s000007770,ATe20
s000001555,ATe20
s000007454,ATe22
s000007771,ATe22
s000006293,AtH10
s000003148,AtH10
s000006726,AtH10
s000006859,AtH10
s000007772,ATn10
s000007773,ATn10
s000000374,ATn10
s000007774,ATn10
s000007775,ATn10
s000007776,ATn10
s000007777,ATn10
s000004365,ATn10
s000002072,ATn12
s000007534,ATn12
s000007778,ATn12
s000007779,ATn12
s000007780,ATn12
s000007781,ATn12
s000006859,ATn12
s000006859,ATn12
s000004298,AtR10
s000004296,AtR10
s000007782,AtR10
s000000371,AtR10
s000003373,AtR10
s000007783,AtR10
s000007784,AtR10
s000007785,AuB10
s000007786,AuB10
s000007787,AuB10
s000007788,AuB10
s000000681,AuJ10
s000007789,AuJ10
s000007790,AuJ10
s000003916,Ava3
s000000630,AVa10
s000007791,AVa12
s000004938,AVa17
s000004127,AVL2
s000004436,AVL2
s000003856,AVL2
s000006779,AVL6
s000005968,AVL7
s000001679,AVL9
s000004298,AVL9
s000005968,AVL10
s000003964,AVL10
s000006579,AVL10
s000003279,AVL10
s000005053,AVL10
s000002237,AVL10
s000006552,AVL11
s000002936,AVL11
s000004192,AVL11
s000007792,AVL11
s000007793,AVL11
s000001436,AVL11
s000006552,AVL13
s000007794,AVL13
s000007795,AVL13
s000004234,AVL13
s000007796,AVL13
s000002028,AVL13
s000006030,AVL13
s000000871,AVL19
s000004354,AVL30
s000000842,AVL30
s000002627,AVL30
s000003412,AVL30
s000002391,AVL30
s000006542,AVL30
s000001997,AVL30
s000002458,AVL30
s000002070,AVL30
s000001270,AVL30
s000002122,AVL30
s000002761,AVL30
s000000095,AVL30
s000002999,AVL30
s000004867,AVL35
s000004587,AVL35
s000002915,AVL35
s000003344,AVo10
s000007797,AVo10
s000007798,AVo10
s000007799,AVo10
s000007800,AvS10
s000005272,AvS10
s000007801,AvS10
s000001469,AvS10
s000002214,AvS10
s000002755,AvS10
s000004867,AvS10
s000007254,AvS10
s000007802,AvS10
s000002983,AvS10
s000007803,AvW10
s000007014,AvW10
s000007804,AvW10
s000007805,AvW12
s000007806,AvW12
s000007807,AvW12
s000007808,AvW12
s000007809,AvW12
s000006859,AvW12
s000007810,AvW12
s000006859,AvW12
s000007803,AvW19
s000007807,AvW19
s000006859,AvW19
s000007811,AWa5
s000004993,AWe10
s000005164,AWe10
s000007812,AWe10
s000007813,AWj5
s000007814,AWj5
s000001393,AWj10
s000007813,AWj13
s000007815,AWj13
s000006859,AWj15
s000006859,AWj15
s000006859,AWj15
s000007816,AWj16
s000007817,AWj20
s000007818,AWj20
s000007819,AWj20
s000007819,AWj22
s000007820,AWj23
s000006859,AWj23
s000007819,AWj23
s000007819,AWj25
s000006859,AWj25
s000007819,AWj27
s000007821,AWj27
s000007822,AWj27
s000007823,AWj29
s000007824,AWj30
s000007825,AWj30
s000007826,AWj31
s000007819,AWj33
s000007824,AWj34
s000002272,AWj34
s000007821,AWj34
s000007825,AWj35
s000007824,AWj35
s000007827,AWj35
s000001568,AWj37
s000007828,AWj37
s000001076,AWj37
s000004970,AWj37
s000005586,AWj38
s000007829,AWj38
s000004434,AWj38
s000007825,AWj41
s000002969,AWj41
s000000596,AWj41
s000006713,AWj41
s000005665,AWj41
s000007830,AWj43
s000007831,AWj43
s000007828,AWj45
s000007832,AWk10
s000007833,AWk10
s000007834,AWk10
s000006207,AWw3
s000007835,AWw3
s000007836,AWw3
s000006859,AWw3
s000006859,AWw3
s000006859,AWw3
s000007837,AWw10
s000007838,AWw10
s000007839,AWw10
s000007840,AWw10
s000007841,AxC10
s000007304,AxC10
s000007842,AxP10
s000000741,AxP10
s000006859,AxP10
s000006859,AxP10
s000006859,AxP10
s000006859,AxP10
s000006859,AxP10
s000006859,AxP10
s000006859,AxP10
s000006859,AxP10
s000000069,AxS10
s000003939,AxS10
s000007843,AxS10
s000007844,AxS10
s000006859,AyW10
s000001541,AyW11
s000007845,AyW11
s000004509,AyW11
s000000048,AyW11
s000003912,AxA10
s000005574,AZu5
s000003912,AZu14
s000003912,AZu18
s000003912,AZu19
s000003912,AZu20
s000006859,AZu25
s000007846,AZu26
s000003912,AZu26
s000006859,AZu26
s000000969,BaB10
s000004719,BaB10
s000000652,BaB10
s000006501,BaD13
s000002582,BaD13
s000000612,BaD13
s000007847,BaD13
s000007848,BaD13
s000003570,BaD13
s000007849,BaD13
s000007850,BaD13
s000002750,BaD13
s000000797,BaD13
s000002791,BaD22
s000007851,BaD22
s000007852,BaD22
s000003945,BaD22
s000006155,BaD22
s000006491,BaD22
s000002680,BaD26
s000000240,BaD26
s000003683,BaD26
s000004838,BaD26
s000002045,BaD26
s000007853,BaD26
s000000081,BaD26
s000000557,BaD26
s000003707,BaD26
s000007854,BaD26
s000007855,BaD26
s000004102,BaD28
s000000240,BaD28
s000007856,BaD28
s000000574,BaD28
s000007857,BaD28
s000007858,BaD28
s000007859,BaD28
s000000612,BaD29
s000007860,BaD29
s000004092,BaD29
s000005045,BaD29
s000007861,BaD29
s000007862,BaD29
s000000557,BaD29
s000007863,BaD29
s000007864,BaD29
s000004545,BaD29
s000007865,BaD29
s000007861,BaD29
s000007866,BaD29
s000007867,BaD29
s000005986,BaD29
s000005341,BaD35
s000002680,BaD35
s000002403,BaD35
s000002118,BaD35
s000007868,BaD35
s000004938,BaD35
s000007869,BaD35
s000004354,BaD39
s000004354,BaD39
s000004524,BaD39
s000007870,BaD39
s000005368,BaD39
s000003128,BaD39
s000006491,BaD39
s000000985,BaD39
s000007871,BaD39
s000007872,BaK20
s000007873,BaK20
s000007874,BaK20
s000007875,BaK20
s000007876,BaL1
s000007877,BaL1
s000007878,BaL1
s000007879,BaL1
s000007880,BaL1
s000007881,BaL1
s000007882,BaL1
s000007883,BaL4
s000007884,BaL4
s000003311,BaL9
s000007885,BaL9
s000007886,BaL9
s000007887,BaL9
s000007888,BaL9
s000007889,BaL9
s000007890,BaL9
s000007891,BaL9
s000007892,BaL9
s000007893,BaL9
s000007894,BaL9
s000007895,BaL9
s000007896,BaL9
s000007897,BaL9
s000007898,BaL9
s000007899,BaL9
s000007900,BaL9
s000007901,BaL9
s000007902,BaL9
s000007903,BaL9
s000001641,BaL9
s000005142,BaP10
s000007904,BaP10
s000007905,BaP10
s000005980,BaP10
s000007906,BaP10
s000001344,BaS10
s000006859,BaS10
s000006859,BaS10
s000006859,BB2
s000001132,BB4
s000007907,BB4
s000007908,BB4
s000007909,BB4
s000007910,BB4
s000007911,BB5
s000007911,BB5
s000006338,BB5
s000007912,BB5
s000007913,BB5
s000006273,BB6
s000007914,BB6
s000005511,BB6
s000001132,BB6
s000007915,BB6
s000007916,BB6
s000000700,BB7
s000005573,BB7
s000007917,BB7
s000007918,BB7
s000000089,BB7
s000007919,BB7
s000007920,BB7
s000003466,BB8
s000001557,BB8
s000001568,BB8
s000006859,BB8
s000005511,BB8
s000006049,BB8
s000002691,BB8
s000006338,BB8
s000007921,BB8
s000001129,BB9
s000007922,BB9
s000006221,BB10
s000000051,BB10
s000003720,BB11
s000001074,BB11
s000004752,BB11
s000007923,BB11
s000006793,BB11
s000006729,BB15
s000003882,BB15
s000005594,BB15
s000000483,BB15
s000007924,BB15
s000007925,BB15
s000007926,BB15
s000007837,BB17
s000002038,BB17
s000007927,BB17
s000007928,BB22
s000007929,BB22
s000000691,BBa1
s000006661,BBa1
s000004179,BBa1
s000000312,BBa5
s000007930,BBa5
s000006636,BbB3
s000007931,BbB3
s000007543,BbB3
s000001900,BbB3
s000007932,BbB3
s000004635,BbB3
s000007933,BbB3
s000006636,BbB3
s000006859,BbB3
s000005012,BBe1
s000004180,BBe1
s000006032,BBe1
s000000687,BBe1
s000001925,BBe1
s000002760,BBe1
s000004115,BBe1
s000004287,BBe1
s000005680,BBe1
s000002202,BBe17
s000005399,BBe17
s000006631,BBe17
s000005030,BBe17
s000007934,BBe17
s000006250,BBe17
s000007935,BBe17
s000007681,BBe17
s000002202,BBe19
s000005399,BBe19
s000005088,BBe19
s000007936,BBe19
s000007342,BBe19
s000007937,BBe19
s000006573,BBe19
s000004164,BBe19
s000003250,BBe20
s000002202,BBe20
s000001936,BBe21
s000004280,BBe21
s000007938,BBe21
s000002345,BBe21
s000004789,BBe21
s000002428,BBe21
s000002884,BBe21
s000007939,BBe21
s000001840,BBe21
s000005474,BBe21
s000006702,BBe21
s000002677,BBe21
s000001318,BBe21
s000007940,BBe21
s000001447,BBe21
s000007941,BBe21
s000001937,BBe21
s000007942,BBe21
s000003250,BBe23
s000005772,BBe23
s000006676,BBe23
s000002209,BBe23
s000004457,BBe23
s000000205,BBe23
s000003492,BBe23
s000001723,BBe23
s000002770,BBi10
s000002614,BBi10
s000001123,BBi10
s000006334,BBi10
s000007943,BBi10
s000003558,BBi10
s000003256,BBi10
s000002084,BBi10
s000007944,BBi10
s000000596,BBl1
s000005382,BBo10
s000005609,BBo27
s000000636,BBo27
s000001576,BBr10
s000000031,BBr10
s000007458,BBT10
s000006163,BBT10
s000000767,BBw10
s000003001,BBw10
s000007945,BBw20
s000007946,BBw20
s000004884,BBy10
s000004212,BBy10
s000001508,BBy10
s000002234,BCh10
s000002755,BCh10
s000004119,BCo10
s000007268,BCo10
s000005176,BCo10
s000007947,BCl1
s000006859,BCl1
s000006859,BCl1
s000006859,BCl1
s000004981,BCl4
s000003996,BCl4
s000006049,BCl4
s000005083,BCl4
s000002730,BCl4
s000001123,BCl4
s000002272,BCl4
s000001997,BCl4
s000007948,BCl4
s000003612,BCl5
s000000492,BCl5
s000005221,BCl5
s000001597,BCl5
s000007949,BCl5
s000003937,BCl5
s000001015,BCl7
s000001199,BCl7
s000002964,BCl7
s000001123,BCl7
s000000550,BCl10
s000004096,BCl10
s000001620,BCl10
s000007950,BCl10
s000001360,BCr10
s000007951,BCr10
s000007952,BCr10
s000007951,BCr10
s000007953,BCr10
s000002955,BCr10
s000005754,BCr10
s000006486,BDC8
s000004360,BDC8
s000006859,BDC8
s000000062,BDC8
s000003708,BDH10
s000007954,BDH10
s000007955,BDH10
s000001870,BDH10
s000007956,BDH10
s000007957,BDH30
s000003096,BDH30
s000002825,BDH30
s000007958,BDH30
s000007959,BDH30
s000007960,BDH30
s000001731,BDn2
s000000538,BDn2
s000000980,BDn2
s000002602,BDn2
s000000270,BDn2
s000000049,BDn7
s000002873,BDn7
s000007961,BDn7
s000002593,BDn7
s000001112,BDn7
s000000409,BDn7
s000003704,BDn13
s000001557,BdP1
s000001557,BdP2
s000005502,BdP2
s000007962,BdP2
s000007963,BdP2
s000002386,BdP2
s000007964,BdP2
s000003310,BdP8
s000003310,BdP8
s000005502,BdP8
s000001760,BdP8
s000007965,BdP8
s000007966,BdP8
s000007967,BdP8
s000006686,BdP10
s000001999,BdP10
s000002606,BdP10
s000007968,BdP10
s000002386,BdP10
s000005341,BdP11
s000000808,BdP11
s000000808,BdP11
s000003678,BdP11
s000007969,BdP11
s000007970,BdP11
s000007971,BdP11
s000005858,BdP12
s000003537,BdP12
s000003017,BdP12
s000000094,BdP12
s000003205,BdP12
s000006260,BdP12
s000001679,BdP13
s000001003,BdP13
s000005943,BdP13
s000003017,BdP13
s000005831,BdP13
s000001760,BdP13
s000003637,BdP13
s000000877,BdP14
s000001609,BdP14
s000000094,BdP14
s000002359,BdP14
s000007972,BdP14
s000006859,BdP14
s000006260,BdP15
s000000094,BdP15
s000004767,BdP16
s000000404,BdP16
s000004921,BdP16
s000004010,BdP16
s000003711,BdP16
s000001200,BdP16
s000007973,BdP17
s000002460,BdP17
s000002745,BdP17
s000007974,BdP17
s000007975,BdP17
s000007976,BdP17
s000007977,BdP17
s000007978,BdP17
s000001592,BdP18
s000007979,BdP18
s000003234,BdP18
s000005666,BdP18
s000006453,BdP18
s000001221,BdP19
s000001557,BdP19
s000003199,BdP19
s000001296,BdP19
s000007980,BdP19
s000005809,BdP19
s000007981,BdP19
s000002088,BdP21
s000004882,BdP21
s000007982,BdP21
s000007983,BdP21
s000007984,BdP21
s000002580,BdP23
s000002460,BdP23
s000006699,BdP23
s000007985,BdP23
s000003326,BdP23
s000007986,BdP23
s000007987,BdP23
s000002139,BdP23
s000007988,BdP23
s000007989,BdP23
s000003678,BdP25
s000003678,BdP25
s000003678,BdP25
s000003678,BdP25
s000007246,BdP25
s000007990,BdP25
s000000404,BdP25
s000002745,BdP25
s000007991,BdP25
s000007992,BdP25
s000005942,BdP25
s000007993,BdP25
s000007994,BdP25
s000007995,BdP25
s000006859,BdP25
s000006859,BdP25
s000004767,BdP26
s000004882,BdP26
s000004257,BdP26
s000007887,BdP26
s000007996,BdP26
s000006859,BdP26
s000001357,BdP30
s000007997,BdP30
s000007998,BdP30
s000007999,BdP30
s000008000,BdP30
s000005178,BdP30
s000008001,BdP30
s000008002,BdP30
s000000872,BdP32
s000008003,BdP32
s000008004,BdP32
s000002710,BdP32
s000008005,BDu2
s000008006,BDu2
s000002807,BDu2
s000002319,BDu2
s000008007,BDu2
s000008008,BDu2
s000008009,BDu2
s000008010,BDu2
s000008011,BDu3
s000001726,BDu3
s000003440,BDu3
s000003217,BDu3
s000007041,BDu3
s000002333,BDu4
s000005819,BDu4
s000001154,BDu4
s000008012,BDu4
s000006644,BDu4
s000008013,BDu4
s000008014,BDu4
s000008015,BDu4
s000007838,BDu10
s000005418,BDu10
s000007980,BDu10
s000008016,BDu10
s000003524,BDu10
s000006317,BDu10
s000008017,BDu10
s000008018,BDu10
s000008019,BDu10
s000000236,BDu10
s000008020,BDu10
s000000185,BdY4
s000008021,BdY4
s000001997,BdY4
s000000935,BdY4
s000005205,BdY4
s000002070,BdY4
s000006629,BdY5
s000004705,BdY6
s000000563,BdY6
s000004639,BdY6
s000001129,BdY6
s000004878,BdY6
s000005241,BE4
s000003167,BE4
s000005548,BE4
s000005804,BE4
s000000235,BE4
s000006741,BE4
s000001643,BE4
s000002755,BE8
s000004886,BE8
s000004515,BE8
s000005399,BE8
s000001786,BE8
s000004100,BE8
s000000320,BE8
s000008022,BE8
s000008023,BE8
s000005183,BE8
s000006859,BE8
s000002051,BE9
s000005221,BE9
s000006859,BE9
s000003973,BE9
s000003612,BE10
s000005221,BE10
s000000545,BE10
s000003367,BE10
s000008024,BE10
s000008025,BE10
s000000066,BE10
s000004587,BE11
s000005634,BE11
s000000921,BE11
s000000925,BE11
s000006452,BE11
s000001507,BE11
s000002352,BE11
s000005634,BE12
s000005842,BE12
s000005513,BE12
s000005634,BE16
s000003728,BE16
s000001034,BE16
s000002111,BE16
s000003630,BE16
s000000153,BE19
s000005665,BE19
s000005634,BE21
s000004981,BE21
s000005558,BE21
s000003714,BE21
s000000582,BE21
s000005416,BE21
s000008026,BE21
s000003425,BE21
s000005634,BE22
s000003425,BE22
s000008026,BE22
s000000582,BE22
s000001341,BE22
s000003183,BE22
s000003714,BE22
s000005634,BE23
s000003714,BE23
s000006569,BE23
s000000910,BE23
s000001573,BE24
s000004341,BE24
s000000153,BE24
s000006569,BE24
s000006476,BE24
s000008027,BE24
s000000153,BE25
s000002839,BE25
s000000153,BE26
s000005042,BE26
s000002203,BE26
s000006512,BE26
s000003198,BE26
s000005254,BE26
s000005899,BE26
s000000202,BE26
s000008028,BE26
s000008029,BE26
s000008030,BE26
s000008031,BE26
s000008032,BE26
s000008033,BE26
s000008034,BE26
s000008035,BE26
s000008036,BE26
s000005634,BE27
s000003787,BE27
s000003714,BE27
s000004587,BE27
s000004448,BE27
s000000921,BE27
s000003711,BE27
s000003388,BE27
s000003425,BE27
s000005899,BE27
s000005416,BE27
s000000202,BE27
s000002122,BE27
s000005634,BE28
s000003714,BE28
s000006526,BE28
s000004587,BE28
s000000921,BE28
s000006452,BE28
s000000214,BE28
s000003388,BE28
s000003787,BE28
s000005240,BE29
s000000153,BE29
s000000389,BE29
s000002737,BE29
s000005745,BE29
s000001803,BE29
s000005303,BE36
s000002191,BE36
s000008037,BE36
s000008038,BE36
s000008039,BE36
s000008040,BE36
s000008041,BE36
s000001645,BE36
s000002357,BE36
s000002035,BE36
s000003309,BE36
s000008042,BE36
s000008043,BE36
s000008044,BE36
s000008045,BE36
s000008046,BE36
s000008047,BE36
s000008048,BE36
s000008049,BE36
s000000348,BE38
s000008050,BE38
s000005339,BE38
s000006682,BE38
s000007833,BE38
s000008051,BE39
s000008052,BE39
s000008053,BE39
s000008054,BE39
s000005294,BEE10
s000005406,BeG10
s000008055,BeG10
s000008056,BeG10
s000001307,BeH1
s000006749,BeH1
s000002693,BeH1
s000005280,BeH1
s000002697,BeH1
s000008057,BeH1
s000005080,BeH2
s000004292,BeH2
s000002707,BeH2
s000008058,BeH2
s000008059,BeM10
s000002560,BeM10
s000008060,BeM10
s000000608,BeM10
s000008061,BeM10
s000008062,BeR10
s000008063,BeR10
s000008064,BeR10
s000004685,BeR12
s000003399,BeR12
s000008065,BeR12
s000008066,BeR12
s000008067,BeR12
s000006859,BeR12
s000006859,BeR12
s000008068,BeR12
s000008069,BeR12
s000006859,BeR12
s000006859,BeR12
s000008070,BeR12
s000008071,BeR12
s000003912,BeR16
s000008072,BeW4
s000006593,BeW4
s000008073,BeW4
s000008074,BeW4
s000008075,BeW4
s000000510,BeW10
s000005092,BeW10
s000006006,BeW10
s000008076,BeW10
s000001279,BeW10
s000001103,BeW10
s000000802,BeW12
s000000700,BeW12
s000002915,BeW12
s000003924,BeW12
s000008077,BeW12
s000002672,BeW12
s000002915,BeW12
s000008078,BeW12
s000003837,BF5
s000004317,BF5
s000004137,BF5
s000005310,BF5
s000003258,BF5
s000003215,BF5
s000001485,BF5
s000008079,BF5
s000003215,BF5
s000004137,BF5
s000004275,BF6
s000006818,BF6
s000002450,BF6
s000002445,BF6
s000006593,BF6
s000000498,BF6
s000008080,BF6
s000008081,BF6
s000008082,BF6
s000008083,BF6
s000008084,BF6
s000008085,BF6
s000008086,BF6
s000008087,BF6
s000001239,BF6
s000002827,BF7
s000004897,BF7
s000008088,BF7
s000004274,BF7
s000000430,BF7
s000005557,BF8
s000003503,BF8
s000005217,BF8
s000008089,BF8
s000006396,BF8
s000002365,BF8
s000002729,BF9
s000005329,BF9
s000005341,BF9
s000008090,BF9
s000005194,BF9
s000001135,BF9
s000000398,BFo1
s000003570,BFo1
s000000557,BFo1
s000004263,BFo1
s000008091,BFo1
s000008092,BFo1
s000005892,BFo3
s000000240,BFo3
s000001302,BFo4
s000002087,BFo4
s000001827,BFo4
s000000197,BFo4
s000004703,BFo4
s000001644,BFo4
s000004264,BFo4
s000005626,BFo4
s000005408,BFo12
s000005408,BFo12
s000005034,BFo12
s000004558,BFo12
s000004008,BFo12
s000004007,BFo12
s000004703,BFo12
s000003753,BFo12
s000005051,BFo12
s000001030,BFo13
s000001323,BFo13
s000007414,BFo13
s000002825,BFo13
s000006843,BFo13
s000008093,BFo13
s000003704,BFo13
s000008094,BFo13
s000004728,BFo13
s000008095,BFo13
s000006300,BFo13
s000004706,BFo14
s000002868,BFo14
s000004347,BFr10
s000005557,BFr10
s000001434,BFr10
s000008096,BFr10
s000008097,BFr10
s000008098,BFr10
s000000842,BGH9
s000001778,BGH9
s000006326,BGH9
s000008099,BGH9
s000002825,BGH9
s000002894,BGH9
s000008100,BGH9
s000000421,BGH9
s000006859,BGH9
s000001778,BGH10
s000005542,BGH10
s000006860,BGH10
s000006049,BGH10
s000005277,BGH10
s000008101,BGH10
s000005772,BGH20
s000001735,BGH20
s000001727,BGH20
s000006332,BGH20
s000002169,BGH20
s000006637,BGH20
s000005633,BGH26
s000000192,BGH26
s000006610,BGH26
s000004390,BGH26
s000000595,BGH26
s000003132,BGi10
s000008102,BGi10
s000006940,BGi11
s000003238,BGi11
s000006960,BGi11
s000008103,BGi11
s000008104,BGi11
s000008105,BGi11
s000008106,BGi11
s000008107,BGi11
s000008108,BGi13
s000003013,BGi13
s000006282,BGi13
s000008109,BGi13
s000008110,BGi13
s000008111,BGi13
s000006826,BGi14
s000006859,BGi14
s000005173,BGi14
s000004647,BGi15
s000005423,BGi15
s000005129,BGi16
s000006859,BGi16
s000003901,BGi16
s000006007,BGi17
s000008112,BGi17
s000005748,BGi17
s000008113,BGi18
s000001669,BGi18
s000006859,BGi18
s000003318,BGi19
s000008114,BGi19
s000002098,BGi19
s000008115,BGi20
s000002438,BGi20
s000001948,BGi20
s000001003,BGi21
s000005852,BGi21
s000006317,BGr10
s000002002,BGr10
s000005639,BGr10
s000000523,BGr10
s000003126,BGu10
s000007426,BGu10
s000008116,BGu10
s000008117,BGu10
s000001396,BGt10
s000008118,BGt10
s000006859,BGt10
s000002630,BGt10
s000008119,BGt13
s000005178,BGt13
s000007459,BGt13
s000008120,BGt13
s000008121,BGt13
s000000333,BHd10
s000000113,BHl10
s000004644,BHl10
s000008122,BHl10
s000008123,BHl10
s000002887,BHo10
s000008124,BHo10
s000008125,BHo10
s000008126,BHo10
s000008127,BHt10
s000005268,BHt10
s000001712,BHt10
s000000812,BHu10
s000000044,BHu10
s000008128,BHu10
s000008129,BHu10
s000001434,BHu10
s000001308,BHu10
s000008130,BHu10
s000008131,BHu10
s000006439,BiA1
s000008132,BiA1
s000008133,BiA5
s000004744,BiA5
s000006439,BiA5
s000006020,BiA7
s000001144,BiA7
s000005178,BiA7
s000003014,BiA7
s000005480,BiA7
s000000323,BiA7
s000008134,BiA7
s000004434,BiA7
s000008135,BiA8
s000008136,BiA8
s000002627,BiA8
s000005178,BiA8
s000003711,BiA8
s000008137,BiA9
s000008138,BiA9
s000004744,BiA9
s000008139,BiA9
s000008140,BiA9
s000006439,BiA9
s000006106,BiA9
s000008141,BiA9
s000008142,BiA9
s000004521,BiA10
s000008143,BiA10
s000006196,BiA10
s000007884,BiA10
s000005774,BiF10
s000002756,BiF10
s000008144,BiF10
s000008145,BiF10
s000003466,BiF13
s000005283,BiF13
s000008146,BiF13
s000008147,BiF13
s000003832,BiF13
s000008148,BiF13
s000006689,BiF20
s000006689,BiF20
s000008149,BiF20
s000008150,BiF20
s000006689,BiF20
s000008151,BiF20
s000006689,BiF20
s000001806,BIG10
s000001224,BIG10
s000000698,BIG10
s000006307,BiK10
s000008152,BiK10
s000008153,BiK10
s000008154,BiK10
s000008155,BiK10
s000008156,BiK10
s000008157,BiK10
s000004443,BiP10
s000006581,BiP10
s000003857,BiP10
s000005829,BiP10
s000003244,BiP10
s000003576,BiP10
s000003223,BJR10
s000003311,BJR10
s000004567,BJR10
s000007943,BJR10
s000005761,BJR10
s000008158,BJq5
s000006859,BJq5
s000006859,BJq5
s000006859,BJq5
s000002969,BJq15
s000008159,BJq15
s000008160,BKi10
s000008161,BKi10
s000008162,BKi10
s000008163,BKi10
s000008164,BKi10
s000008165,BKi10
s000008166,BKi10
s000003837,BKi12
s000000401,BKi12
s000006096,BKi12
s000004012,BKi12
s000008167,BKi12
s000005742,BKi12
s000004799,BKi12
s000008168,BKi19
s000005560,BKo10
s000000297,BKo10
s000003235,BKo10
s000008169,BKo10
s000008170,BKo10
s000003647,BKo10
s000004273,BKo10
s000000912,BKo10
s000003550,BKo10
s000000323,BKp10
s000002496,BLe1
s000005939,BLe1
s000005421,BLe1
s000008171,BLe1
s000000348,BLe1
s000008172,BLe1
s000005173,BLe4
s000001144,BLe4
s000001763,BLe4
s000000389,BLe4
s000000728,BLe4
s000002771,BLe4
s000005056,BLe4
s000001913,BLe4
s000001592,BLe5
s000002771,BLe5
s000001709,BLe5
s000003870,BLe5
s000008173,BLe5
s000008174,BLe5
s000001006,BLe5
s000003347,BLe5
s000002827,BLe6
s000001357,BLe6
s000008175,BLe6
s000006689,BLe8
s000004979,BLe10
s000004434,BLe10
s000005090,BLe10
s000007702,BLe10
s000008176,BLe10
s000003040,BLe10
s000006761,BLe10
s000008177,BLe10
s000000422,BLe11
s000000475,BLe11
s000006859,BLe11
s000003234,BLe11
s000003339,BLe11
s000008178,BLe11
s000008179,BLe11
s000002376,BLe11
s000006689,BLe12
s000002181,BLe12
s000004657,BLe12
s000008180,BLe12
s000006789,BLe12
s000008181,BLe12
s000004903,BLe15
s000005794,BLe15
s000000012,BLe15
s000001681,BLe17
s000004338,BLe17
s000008182,BLe17
s000006859,BLe17
s000008183,BLe17
s000008184,BLe17
s000001557,Ble19
s000004965,Ble19
s000008185,Ble19
s000000285,Ble19
s000001712,Ble19
s000002827,Ble19
s000008186,Ble19
s000008187,Ble19
s000007417,Ble19
s000003347,Ble19
s000008188,Ble19
s000008189,Ble19
s000008190,Ble19
s000002827,BLe21
s000001557,BLe21
s000008191,BLe21
s000006859,BLe21
s000008192,BLe21
s000006859,BLe21
s000008193,BLe21
s000008194,BLe21
s000002827,BLe22
s000006005,BLe22
s000003034,BLe22
s000001311,BLe22
s000008195,BLe22
s000008178,BLe23
s000008196,BLe23
s000008197,BLe23
s000008198,BLe23
s000006859,BLe23
s000008199,BLe23
s000008200,BLe23
s000008201,BLe23
s000008202,BLu10
s000008203,BLu10
s000007907,BLu10
s000008204,BLu10
s000008205,BLu12
s000008204,BLu12
s000008206,BLu12
s000008207,BLu12
s000006859,BLv10
s000003125,BLv10
s000002470,BLv10
s000008208,BLv10
s000002470,BLv12
s000007666,BLv15
s000007702,BLv15
s000008209,BLv15
s000008210,BLv15
s000006113,BLv15
s000003388,BLv15
s000008211,BLv15
s000000530,BLv15
s000006738,BLv15
s000003388,BLv15
s000002887,BLw10
s000002334,BLw10
s000000585,BLw10
s000005271,BLw10
s000001005,BLw10
s000005882,BMa10
s000006451,BMa10
s000002671,BMa10
s000008055,BMa10
s000003306,BMa10
s000001460,BMa10
s000001020,BmF10
s000008212,BmF10
s000006845,BmF10
s000002278,BmF10
s000008213,BmF10
s000008214,BmF10
s000008215,BMo10
s000008216,BMo10
s000005197,Bmy14
s000008217,Bmy14
s000008218,Bmy14
s000008219,Bmy14
s000008220,Bmy14
s000008221,Bmy14
s000008222,Bmy14
s000008223,BnG1
s000008224,BnG1
s000008225,BnG12
s000000404,BnG12
s000002770,BnG12
s000008062,BnG13
s000008226,BnG13
s000008227,BnG13
s000004204,BnG13
s000006436,BnG13
s000002916,BnM10
s000005683,BnM10
s000008228,BnM10
s000008229,BnM10
s000008230,BnM10
s000008231,BnM10
s000008232,BnM10
s000008233,BnM10
s000002135,BnM10
s000006859,BnM10
s000008234,BnM10
s000008235,BnM10
s000004656,BnjR10
s000005480,BnS10
s000007000,BnS10
s000008236,BnS10
s000008129,BnS10
s000005978,BnS10
s000003870,BnS10
s000000974,BnS15
s000000741,BnS15
s000008237,BnS15
s000005626,BnS15
s000008238,BnS15
s000000038,BNu1
s000001568,BNu1
s000001375,BNu1
s000008239,BNu1
s000008240,BNu1
s000008241,BNu1
s000008242,BNu1
s000008243,BNu1
s000004970,BNu1
s000005079,BoB1
s000002976,BoB1
s000008244,BoB1
s000001562,BoB1
s000008245,BoB1
s000004434,BoB4
s000008246,BoB4
s000005886,BoB4
s000008247,BoB4
s000005898,BoB4
s000008248,BoL10
s000004498,BoL10
s000008249,BoL10
s000008250,BoL10
s000001685,BoL10
s000008251,BoL10
s000003693,BoS50
s000008252,BoS50
s000008253,BoS50
s000008254,BoS50
s000003235,BoS61
s000008255,BoS61
s000001103,BoS61
s000008256,BoS62
s000005189,BoS62
s000008257,BoS62
s000008258,BoS62
s000006383,BoS70
s000004059,BoS70
s000008259,BoS70
s000002776,BoS75
s000006850,BoS75
s000001002,BoS75
s000004603,BoS80
s000000583,BoS80
s000006018,BoS80
s000008260,BoW4
s000001528,BoW4
s000002738,BoW4
s000000516,BoW6
s000005569,BoW6
s000008261,BoW20
s000001559,BPi10
s000008262,BPi10
s000008263,BPi10
s000008264,BPi10
s000004013,BPi10
s000008265,BPi10
s000008266,BPi10
s000008267,BPi10
s000008268,BPi10
s000008269,BPi10
s000003912,BPr10
s000008270,BPr10
s000008271,BPr10
s000008272,BRa10
s000008273,BRa10
s000003702,BRa10
s000008274,BRa10
s000005851,BRa10
s000001415,BRa10
s000008275,BRa10
s000001035,BRa12
s000008272,BRa12
s000008121,BRa12
s000007930,BRa12
s000008276,BRB3
s000008277,BRB3
s000000560,BRB3
s000008278,BRB3
s000002601,BRB3
s000006774,BrB5
s000006178,BrB5
s000006532,BrB5
s000006211,BrB5
s000000768,BrB5
s000002082,BRB7
s000005125,BRB7
s000001763,BrB10
s000002608,BrB10
s000000806,BrB10
s000000728,BrB10
s000000348,BrB10
s000002924,BrB10
s000006436,BrB10
s000002311,BrB10
s000002952,BrB15
s000007311,BrB15
s000001340,BrB15
s000006096,BrB20
s000002139,BrB20
s000000014,BrB20
s000008279,BrB20
s000008280,BrB21
s000000763,BrB21
s000006774,BrB21
s000008281,BrB21
s000008282,BrB21
s000008283,BrB22
s000005562,BrB22
s000008284,BrB22
s000008285,BrB22
s000008286,BrB22
s000008287,BrB25
s000006859,BrB25
s000006005,BrB27
s000003160,BrB30
s000003143,BrB30
s000008288,BrB30
s000008289,BrB30
s000008290,BrD10
s000006859,BrD10
s000006859,BrD10
s000008291,BrD11
s000008292,BrD11
s000004572,BRf1
s000000567,BRf1
s000000167,BRf1
s000006151,BRf1
s000008293,BRf1
s000005818,BRf1
s000002019,BRf1
s000005880,BRf1
s000001029,BRf1
s000006455,BRf1
s000003179,BRf1
s000006029,BRf1
s000004113,BRf1
s000004572,BRf2
s000001576,BRf2
s000008294,BRf2
s000008011,BRf2
s000008295,BRf2
s000008296,BRf2
s000008297,BRf2
s000008298,BRf2
s000007243,BRf2
s000000726,BRf4
s000001979,BRf4
s000005585,BRf4
s000000195,BRf4
s000001852,BRf4
s000008299,BRf4
s000008300,BRf4
s000008301,BRf4
s000001353,BRf4
s000004250,BRf4
s000008302,BRf4
s000000444,BRf4
s000004572,BRf4
s000004572,BRf20
s000003503,BRf20
s000008303,BRf20
s000003625,BRf20
s000007304,BRf20
s000002982,BRf20
s000008304,BRf30
s000008305,BRf30
s000008306,BRf30
s000008307,BRf30
s000008308,BRf30
s000008309,BRf30
s000000348,BRf32
s000004572,BRf32
s000008310,BRf32
s000007431,BRf32
s000008311,BRf34
s000008312,BRf34
s000008313,BRf34
s000004572,BRf38
s000001476,BRf38
s000001663,BRf38
s000000877,BRf38
s000008314,BRf38
s000000866,BRf39
s000008315,BRf39
s000004530,BrG10
s000006682,BrG10
s000008316,BrG10
s000008317,BrG10
s000008318,BrG10
s000006632,BrG20
s000000395,BrG25
s000007194,BrG25
s000008319,BrG25
s000008320,BrG25
s000008321,BrG25
s000008322,BrG25
s000004338,BrG28
s000000310,BrG28
s000003695,BrG28
s000008323,BrG28
s000008324,BrG28
s000001354,BrG28
s000008325,BrG28
s000008326,BrG28
s000008327,BrG28
s000006859,BrG28
s000006859,BrG28
s000006859,BrG28
s000006859,BrG28
s000002334,BrL15
s000008328,BrL15
s000008329,BrL15
s000007718,BrL15
s000008330,BrL15
s000007980,BRo10
s000002742,BRo10
s000006196,BRo10
s000003882,BRo10
s000004019,BrP10
s000000920,BrP10
s000002770,BrP10
s000002320,BrP10
s000004794,BrP15
s000008331,BrR1
s000008332,BrR1
s000007181,BrR1
s000008333,BrR1
s000008334,BrR1
s000006859,BrR1
s000006859,BrR1
s000007181,BrR5
s000006859,BrR5
s000006859,BrR5
s000006383,BrS10
s000004059,zSh10
s000008259,zSh10
s000006383,BrS10
s000004059,BrS10
s000008259,BrS10
s000001469,BrW5
s000004329,BrW5
s000000293,BrW5
s000008335,BrW5
s000001305,BrW5
s000000399,BrW5
s000006294,BrW5
s000005241,BrW5
s000000613,BrW10
s000005801,BrW10
s000004422,BrW10
s000008336,BrW10
s000005335,BrW10
s000001657,BrW10
s000004528,BrW13
s000003746,BrW13
s000008112,BrW13
s000003115,BrW16
s000005113,BrW16
s000000284,BrW16
s000005902,BrW16
s000004354,BrW100
s000001301,BrW100
s000004500,BrW100
s000008337,BrW100
s000008338,BrW100
s000008339,BrW100
s000007626,BrW100
s000008338,BrW100
s000008340,BrW100
s000001492,BrW101
s000008341,BrW101
s000008342,BrW101
s000008343,BrW101
s000008344,BrW101
s000008345,BrW101
s000002982,BS1
s000003163,BS1
s000003688,BS1
s000007524,BS1
s000008346,BS1
s000008347,BS1
s000008348,BS1
s000008349,BS1
s000008350,BS1
s000008351,BS1
s000008352,BS1
s000008353,BS1
s000008354,BS1
s000003184,BS1
s000008355,BS4
s000008356,BS4
s000006906,BS4
s000006291,BS4
s000008357,BS4
s000002982,BS5
s000003163,BS5
s000003688,BS5
s000008180,BS5
s000007524,BS5
s000008346,BS5
s000008347,BS5
s000008201,BS5
s000008351,BS5
s000008358,BS5
s000008359,BS5
s000008354,BS5
s000002088,BS6
s000006906,BS6
s000008356,BS6
s000006291,BS6
s000006859,BS6
s000008360,BS6
s000008349,BS6
s000006859,BS6
s000006859,BS6
s000006859,BS6
s000008361,BS8
s000002511,BS8
s000006260,BS8
s000001592,BS8
s000008362,BS8
s000008363,BS8
s000006859,BS8
s000006859,BS8
s000006859,BS8
s000008364,BS8
s000008365,BS8
s000003143,BS10
s000008366,BS10
s000008367,BS10
s000008368,BS10
s000000697,BS15
s000008366,BS15
s000003364,BS15
s000008369,BS15
s000006859,BS15
s000006859,BS15
s000008370,BSc11
s000005421,BSc20
s000001735,BSc20
s000003406,BSc20
s000004498,BSc20
s000008371,BSc20
s000008372,BSc20
s000008373,BSc20
s000001943,BSc20
s000003014,BSc25
s000001144,BSc25
s000005754,BSc25
s000008374,BSc25
s000000335,BSc25
s000002517,BSc25
s000007450,BSc25
s000008375,BSc25
s000007225,BSc25
s000002036,BSc28
s000003601,BSc28
s000008376,BSc28
s000008377,BSc28
s000007574,BSc28
s000006020,BSc40
s000004521,BSc40
s000008378,BSc40
s000008271,BSc40
s000000037,BSc40
s000004981,BSe10
s000004331,BSe10
s000005083,BSe10
s000004818,BSe10
s000001609,BSe10
s000006859,BSe20
s000006859,BSe20
s000006859,BSe20
s000006859,BSe20
s000006859,BSe20
s000004021,BSe20
s000006859,BSe20
s000006859,BSe20
s000008379,BSe20
s000006859,BSe20
s000006859,BSe20
s000006859,BSh10
s000002848,BSh10
s000006859,BSi10
s000007524,BSi10
s000008380,BSi10
s000007476,BSi10
s000003003,BSi10
s000006859,BSi10
s000006859,BSi10
s000006859,BSi10
s000001778,BSi10
s000002271,BSi10
s000000014,BSi10
s000005470,BSi13
s000008381,BSi13
s000008382,BSi13
s000007972,BSi13
s000003221,BsK1
s000003221,BsK2
s000003221,BsK3
s000003221,BsK4
s000003221,BsK5
s000003221,BsK6
s000006859,BsK6
s000006859,BsK6
s000006859,BsK6
s000003221,BsK7
s000003221,BsK8
s000003221,BsK9
s000003221,BsK10
s000003221,BsK11
s000003221,BsK12
s000003221,BsK13
s000008383,BsK13
s000003221,BsK14
s000003221,BsK15
s000003221,BsK16
s000003221,BsK17
s000003221,BsK18
s000008384,BsK18
s000003221,BsK19
s000008385,BsK19
s000000441,BsK19
s000008386,BsK19
s000008387,BsK19
s000003221,BsK20
s000003221,BsK21
s000006088,BsK21
s000008388,BsK21
s000008389,BsK21
s000003221,BsK22
s000008390,BsK22
s000008391,BsK22
s000008392,BsK22
s000003221,BsK23
s000008390,BsK23
s000003110,BsK23
s000001338,BsK23
s000003221,BsK24
s000001805,BsK24
s000008393,BsK24
s000003221,BsK25
s000003221,BsK26
s000003221,BsK27
s000004712,BsK27
s000001805,BsK27
s000006859,BsK27
s000003221,BsK28
s000003221,BsK29
s000003221,BsK30
s000007524,BSp10
s000008394,BSp10
s000006859,BSp12
s000006859,BSp12
s000006859,BSp12
s000006859,BSp12
s000006859,BSp12
s000006859,BSp12
s000006859,BSp12
s000006859,BSp12
s000008395,BSp12
s000006859,BSp12
s000006859,BSp12
s000006859,BSp12
s000004354,BSp12
s000008396,BSp12
s000003017,BSt1
s000006022,BSt1
s000004901,BSt1
s000004833,BSt1
s000006022,BSt5
s000004603,BSt5
s000001434,BSt5
s000008397,BSt5
s000002378,BSt5
s000001620,BSt5
s000004527,BSt5
s000006022,BSt15
s000000726,BSt15
s000008398,BSt15
s000008399,BSt15
s000000763,BSt15
s000005626,BSt15
s000008400,BSt15
s000004878,BSt15
s000008401,BSz10
s000008402,BSz10
s000001568,BtB3
s000001595,BtB3
s000002069,BtB3
s000004278,BtB3
s000004365,BtB3
s000002969,BtB3
s000001568,BtB5
s000000596,BtB7
s000001568,BtB13
s000002969,BtB15
s000001568,BtB19
s000001568,BtB25
s000008403,BtB25
s000000658,BtB25
s000004012,BtB29
s000008404,BtB29
s000008405,BtB32
s000008404,BtB32
s000007713,BTh10
s000006859,BTh10
s000008406,BTh10
s000007714,BTh10
s000008407,BTh10
s000007712,BTh10
s000004117,BTh10
s000004466,BTh13
s000008408,BTh13
s000008409,BTh13
s000000752,BTh13
s000008410,BTh13
s000008411,BTh13
s000008412,BTh13
s000008413,BTh13
s000000812,BTh15
s000007060,BTh15
s000000844,BTh15
s000003440,BTh15
s000008414,BTh15
s000008415,BTh15
s000006859,BTh15
s000008416,BtK10
s000008417,BtS10
s000008418,BtS10
s000006859,BtS10
s000006859,BtS10
s000006859,BtS10
s000006859,BtS10
s000006859,BtS10
s000006859,BtS10
s000006859,BtS10
s000004938,BTv5
s000006859,BTv5
s000008419,BTv5
s000002356,BTv16
s000007180,BTv16
s000006859,BTv16
s000008420,BTv16
s000008421,BTv16
s000004118,BTv16
s000008422,BTv16
s000005593,BTv16
s000008423,BTv16
s000001541,BTv20
s000008424,BTv22
s000008423,BTv22
s000008425,BTv22
s000000612,BTv24
s000008426,BTv24
s000006859,BTv27
s000003912,BTv27
s000008427,BTv29
s000008428,BuE10
s000006859,BuE10
s000008429,BuE10
s000008430,BuG10
s000004699,BuG10
s000008431,BuG10
s000008432,BuG10
s000000422,BuH10
s000001096,BuH10
s000002470,BuH10
s000006501,BuH10
s000000910,BuH10
s000004552,BuH15
s000005099,BuH15
s000008433,BuH15
s000000476,BuH15
s000003388,BuH15
s000002037,BuK2
s000002135,BuK2
s000000802,BuK3
s000006552,BuK5
s000001679,BuK5
s000008434,BuK5
s000006469,BuK5
s000006806,BuK5
s000000867,BuK5
s000001873,BuK5
s000001576,BuK5
s000002203,BuK10
s000002509,BuK10
s000000711,BuK10
s000004377,BuK10
s000003132,BuK10
s000001820,BuK10
s000001576,BuK10
s000005240,BuR10
s000005185,BuR10
s000006610,BuR10
s000002991,BuR10
s000005240,BuR14
s000001979,BuR14
s000001543,BuR14
s000006775,BuR14
s000005213,BuR14
s000000492,BuR14
s000005915,BuR14
s000001948,BuR14
s000004650,BuR14
s000003769,BuR14
s000004147,BuR14
s000005240,BuR20
s000006499,BuR20
s000003235,BuR20
s000005748,BuR20
s000007103,BuR20
s000001760,BuR20
s000002846,BuR20
s000005240,BuR25
s000005666,BuR25
s000002542,BuS10
s000001693,BuS10
s000006196,BuS10
s000000814,BuT10
s000008435,BuT10
s000001264,BuT10
s000008436,BuT10
s000001778,BvH8
s000003697,BvH8
s000003638,BvH8
s000001778,BvH10
s000003697,BvH10
s000002479,BvH10
s000002363,BvH10
s000008437,BVi5
s000001165,BVi12
s000000749,BVi12
s000000678,BVi12
s000001591,BVi12
s000004429,BVi12
s000005426,BVi12
s000004668,BVo10
s000003700,BVo10
s000008438,BVo10
s000003901,BVS3
s000006202,BVS3
s000000970,BVS3
s000008439,BVS3
s000004239,BW2
s000005372,BW2
s000000469,BW2
s000007343,BW2
s000008440,BW2
s000001983,BW2
s000003806,BW2
s000005374,BW2
s000008441,BW3
s000006229,BW3
s000000408,BW3
s000008442,BW3
s000006094,BW3
s000003891,BW3
s000003237,BW3
s000007623,BW3
s000003844,BW4
s000007085,BW4
s000008443,BW4
s000005354,BW4
s000008444,BW4
s000002548,BW4
s000005027,BW4
s000008445,BW4
s000006980,BW4
s000008446,BW4
s000004239,BW5
s000001937,BW5
s000001453,BW5
s000006799,BW5
s000001690,BW5
s000004483,BW5
s000006141,BW5
s000008447,BW5
s000001612,BW7
s000003791,BW7
s000000212,BW7
s000004291,BW7
s000008448,BW7
s000002839,BW8
s000006062,BW8
s000008441,BW8
s000004697,BW8
s000001119,BW8
s000003221,BW8
s000004583,BW8
s000002872,BW8
s000001549,BW8
s000006567,BW8
s000008441,BW8
s000006506,BW8
s000001679,BW9
s000005934,BW9
s000002548,BW9
s000000474,BW9
s000008449,BW9
s000000474,BW9
s000006128,BW9
s000008450,BW9
s000002839,BW10
s000006111,BW10
s000002400,BW10
s000006019,BW10
s000003610,BW10
s000001856,BW10
s000005438,BW10
s000005032,BW10
s000000698,BW10
s000002755,BW11
s000000613,BW11
s000002839,BW11
s000006683,BW11
s000002572,BW11
s000002996,BW11
s000001407,BW11
s000006468,BW11
s000000849,BW11
s000008451,BW11
s000004313,BW12
s000001885,BW12
s000003304,BW12
s000006293,BW12
s000004357,BW12
s000002861,BW12
s000005968,BW13
s000002755,BW14
s000001083,BW14
s000001252,BW14
s000004100,BW14
s000003531,BW15
s000005023,BW15
s000001612,BW15
s000008452,BW15
s000001388,BW16
s000003612,BW16
s000004313,BW16
s000000778,BW16
s000005104,BW16
s000004650,BW16
s000004901,BW16
s000004046,BW16
s000008453,BW16
s000003612,BW17
s000003837,BW17
s000003844,BW17
s000003415,BW17
s000001634,BW17
s000003635,BW17
s000006486,BW17
s000005681,BW17
s000000027,BW17
s000006621,BW17
s000000874,BW18
s000002099,BW18
s000008454,BW18
s000008455,BW18
s000008456,BW18
s000008457,BW19
s000003612,BW19
s000003040,BW19
s000008458,BW19
s000005681,BW19
s000008459,BW19
s000003964,BW21
s000004625,BW21
s000006859,BW21
s000006859,BW21
s000006486,BW21
s000004743,BW21
s000005928,BW25
s000008460,BW25
s000003576,BW25
s000004773,BW25
s000006859,BW25
s000002839,BW28
s000008461,BW28
s000001966,BW28
s000002037,BW28
s000006818,BW28
s000004522,BW28
s000004021,BW30
s000003612,BW30
s000005034,BW30
s000003344,BW30
s000008462,BWb10
s000006848,BYa10
s000008463,BYa10
s000006859,BYa10
s000008464,BYa10
s000008465,ByB10
s000008466,ByB10
s000008467,ByB10
s000008468,ByB10
s000003466,ByH5
s000001679,ByH5
s000005604,ByH5
s000008469,ByH5
s000008470,ByH5
s000008471,ByH5
s000003550,ByH5
s000008472,ByH5
s000001710,ByH8
s000004563,ByH8
s000006076,ByH8
s000002017,ByH8
s000008473,ByH8
s000008474,ByH8
s000006284,ByH8
s000000347,ByH10
s000008475,ByH10
s000001423,ByH10
s000008476,ByH10
s000002084,ByH10
s000000119,ByH10
s000008477,ByH10
s000004500,ByH10
s000000218,ByH10
s000004563,ByH12
s000006122,ByH12
s000002280,ByH12
s000006117,ByH12
s000000371,ByH13
s000005352,ByH13
s000006269,ByH13
s000008478,ByH13
s000008479,ByH13
s000002776,ByH15
s000004809,ByH15
s000001229,ByH15
s000005834,ByH15
s000001610,ByH15
s000008480,ByH20
s000005513,ByH20
s000004777,ByH20
s000003903,ByH26
s000008156,ByH26
s000008481,BYo1
s000006859,BYo1
s000000044,BYo1
s000005284,BYo1
s000008482,ByP10
s000003471,ByP10
s000008483,ByP10
s000001557,ByP10
s000006859,ByP10
s000008484,ByP10
s000006478,ByP10
s000008264,ByP10
s000007041,ByP10
s000008485,ByP10
s000000648,ByP10
s000005761,ByP10
s000006859,ByP10
s000006859,ByP10
s000006859,ByP10
s000006859,ByP10
s000006478,ByP10
s000006859,ByP10
s000007352,ByS10
s000008486,ByS15
s000004119,ByS15
s000004119,ByS17
s000005970,ByS17
s000008487,ByS17
s000008488,ByS17
s000006859,ByS17
s000008489,ByS17
s000008490,BZi10
s000008491,BZi10
s000008492,BZi10
s000008493,BZi10
s000008494,BZi10
s000006859,BZi10
s000002511,BzK8
s000000777,BzK8
s000008495,BzK8
s000003247,BzK8
s000008055,BzK10
s000000866,BzK10
s000006501,BzK10
s000005240,BzK15
s000000910,BzK15
s000000431,BzK15
s000004150,BzK20
s000006478,BzK20
s000000841,BzK20
s000008496,BzK20
s000008497,BzK20
s000008498,C40
s000004362,C76
s000000243,C87
s000006785,C87
s000008499,C87
s000006248,C87
s000006249,C89
s000006086,C89
s000000243,C91
s000006785,C91
s000008500,C91
s000004115,C91
s000005020,C94
s000000235,C94
s000004789,C94
s000004380,C94
s000006422,C94
s000003519,C94
s000001018,C94
s000007396,C94
s000004452,C101
s000002032,C104
s000001531,C104
s000005144,C104
s000000243,C104
s000008501,C104
s000000079,C104
s000005929,C104
s000002655,C104
s000001019,C104
s000004164,C104
s000002032,C106
s000001531,C106
s000003377,C106
s000001338,C106
s000005808,C106
s000008502,C106
s000005929,C106
s000000793,C106
s000008503,C106
s000000857,C106
s000001140,C106
s000002598,C106
s000007396,C106
s000008504,C106
s000005354,C109
s000001469,C109
s000000613,C109
s000004399,C109
s000000798,C109
s000000927,C109
s000008505,C109
s000008506,C109
s000008507,C109
s000006582,C109
s000008508,C109
s000002032,C112
s000005144,C112
s000005113,C112
s000001531,C112
s000002528,C112
s000003377,C112
s000004789,C112
s000002962,C112
s000001255,C112
s000004661,C112
s000004450,C112
s000003755,C112
s000002793,C112
s000003486,C113
s000003490,C113
s000003491,C113
s000004772,C113
s000005113,C113
s000002196,C113
s000005360,C113
s000002044,C113
s000000714,C114
s000001531,C114
s000000874,C115
s000004650,C115
s000000613,C115
s000008509,C115
s000005707,C115
s000008510,C115
s000008511,C115
s000003486,C117
s000003490,C117
s000003491,C117
s000004772,C117
s000005113,C117
s000002196,C117
s000000293,C117
s000001338,C117
s000005360,C117
s000002044,C117
s000001469,C118
s000002032,C118
s000001531,C118
s000000979,C118
s000005047,C118
s000001338,C118
s000001890,C118
s000002032,C118
s000002528,C118
s000005929,C118
s000001428,C118
s000000979,C118
s000006520,C118
s000006054,C118
s000005047,C118
s000002032,C119
s000001531,C119
s000005707,C119
s000000867,C119
s000002528,C119
s000004115,C119
s000003677,C119
s000003148,C119
s000008512,C119
s000006255,C119
s000004717,C119
s000007317,C119
s000002836,C119
s000003486,C120
s000003490,C120
s000003491,C120
s000004772,C120
s000005113,C120
s000002196,C120
s000000293,C120
s000001338,C120
s000005360,C120
s000000061,C120
s000008513,C120
s000005080,C120
s000002032,C121
s000005359,C121
s000003950,C121
s000001428,C121
s000005113,C121
s000001338,C121
s000002528,C121
s000004661,C121
s000005930,C121
s000005382,C121
s000002032,C122
s000001531,C122
s000004005,C122
s000005167,C122
s000002716,C122
s000004217,C122
s000002032,C123
s000005609,C123
s000002870,C123
s000008514,C123
s000004115,C123
s000002528,C123
s000007317,C123
s000003677,C123
s000004695,C123
s000002787,C123
s000008515,C123
s000003319,C123
s000005354,C124
s000003378,C124
s000003793,C124
s000002196,C124
s000003699,C124
s000002014,C124
s000005280,C124
s000000791,C124
s000001453,C124
s000008516,C126
s000000874,C126
s000000613,C127
s000000510,C127
s000005113,C127
s000002740,C127
s000006384,C127
s000002427,C127
s000003746,C127
s000006708,C127
s000001407,C127
s000003437,C127
s000001439,C127
s000005493,C127
s000008517,C127
s000004775,C127
s000003343,C127
s000000616,C127
s000005652,C127
s000006009,C127
s000008518,C127
s000005066,C127
s000005080,C127
s000004467,C129
s000005167,C129
s000000519,C129
s000003750,C129
s000003505,C129
s000005815,C129
s000001648,C129
s000001293,C129
s000000853,C129
s000004193,C129
s000008516,C129
s000000613,C131
s000003746,C131
s000008519,C131
s000005113,C131
s000004379,C131
s000001667,C131
s000001439,C131
s000006213,C131
s000002095,C131
s000001103,C131
s000001326,C134
s000005611,C134
s000000604,C134
s000000984,C134
s000000182,C134
s000002392,C135
s000005804,C135
s000007081,C135
s000006778,C135
s000003970,C135
s000006799,C135
s000002095,C135
s000008520,C135
s000008521,C135
s000000182,C135
s000008522,C135
s000002528,C135
s000001018,C135
s000005929,C135
s000008523,C135
s000007074,C135
s000000551,C135
s000005020,C136
s000001749,C136
s000008524,C136
s000006859,C136
s000008525,C136
s000008526,C136
s000004695,C136
s000004967,C136
s000006113,C136
s000002498,C136
s000001326,C140
s000005611,C140
s000008519,C140
s000000721,C140
s000001679,C142
s000000280,C142
s000001493,C142
s000000949,C142
s000008527,C142
s000001305,C142
s000002942,C142
s000004784,C142
s000002196,C143
s000004515,C143
s000006150,C143
s000008528,C143
s000002054,C143
s000006945,C143
s000000906,C143
s000002839,C146
s000004697,C146
s000003757,C146
s000001873,C146
s000006597,C146
s000008529,C146
s000006161,C157
s000003587,C157
s000000613,C160
s000006330,C160
s000005150,C160
s000000484,C160
s000008530,C160
s000000979,C160
s000005814,C160
s000001344,C161
s000003214,C161
s000001143,C161
s000006393,C161
s000003047,C161
s000006644,C161
s000007074,C161
s000008531,C161
s000003353,C165
s000002410,C165
s000004371,C165
s000002572,C165
s000004578,C165
s000002595,C165
s000005051,C165
s000008532,C171
s000005129,C171
s000008533,C171
s000000698,C171
s000000914,C171
s000003221,C171
s000001591,C171
s000001436,C171
s000006849,CaB1
s000008534,CaB1
s000008535,CaB1
s000003562,CaB1
s000008536,CaB1
s000008537,CaB1
s000008538,CaB1
s000008539,CaB6
s000008540,CaB6
s000006859,CaB6
s000008541,CaB6
s000007418,CAd10
s000008542,CAd10
s000008543,CAd10
s000006859,CAd10
s000007679,CaF10
s000008544,CaF10
s000008312,CaF10
s000008545,CaF10
s000004204,CaF10
s000008546,CaF10
s000006859,CaF10
s000006859,CaF10
s000005903,CaG1
s000000281,CaG1
s000005078,CaG1
s000002281,CaG1
s000008407,CaG1
s000005577,CaG1
s000008547,CaG1
s000005037,CAL15
s000004924,CAL15
s000001451,CAL20
s000001580,CAL20
s000008548,CAL20
s000008549,CAL20
s000008550,CAL20
s000006859,CAL20
s000001963,CAL25
s000005401,CAL25
s000008549,CAL25
s000008550,CAL25
s000004319,CAL25
s000008551,CAL35
s000008552,CAL35
s000001973,CAL35
s000004924,CAL36
s000001451,CAL36
s000003771,CAL36
s000008553,CAL36
s000006859,CAL36
s000006859,CAL36
s000008548,CAL46
s000002170,CAL46
s000002978,CAm30
s000007454,CAm30
s000005241,CAN10
s000005527,CaR1
s000001966,CaR1
s000006740,CaR1
s000008554,CaR1
s000002281,CaR1
s000008555,CaR1
s000004724,CaR1
s000004990,CaR1
s000008556,CaR5
s000005399,CaR5
s000006655,CaR5
s000005213,CaR5
s000003585,CaR5
s000003263,CaR5
s000005626,CaR7
s000002363,CaR7
s000006348,CaR7
s000003598,CaR7
s000000096,CaR7
s000002191,CaR7
s000002939,CaR7
s000005214,CaR7
s000004392,CaR7
s000000829,CaR15
s000008557,CaR15
s000000454,CaR15
s000004976,CaR15
s000002207,CaR15
s000005851,CaR15
s000001433,CaR15
s000002939,CaR15
s000006036,CaR15
s000005729,CaR15
s000001270,CaR15
s000005976,CaR15
s000003974,CaR20
s000006499,CaR20
s000005527,CaR20
s000005213,CaR20
s000003974,CaR21
s000004904,CaR21
s000000025,CaR21
s000003857,CaR21
s000001875,CaR21
s000003974,CaR22
s000006301,CaR22
s000006505,CaR22
s000000473,CaR22
s000006859,CaR22
s000008558,CaR22
s000008559,CaR22
s000003974,CaR24
s000006227,CaR24
s000006133,CaR24
s000002605,CaR27
s000008560,CaR27
s000008561,CaR30
s000000321,CaR30
s000006859,CaR30
s000006859,CaR30
s000006859,CaR30
s000008562,CaR30
s000000100,CaR31
s000001831,CaR31
s000008563,CaR31
s000008564,CaR31
s000002009,CaR31
s000005942,CaR31
s000005135,CaR31
s000008565,CaR31
s000008380,CaR31
s000000227,CaR35
s000006833,CaR35
s000001953,CaR35
s000004527,CaR35
s000005129,CaR35
s000004221,CaR38
s000007732,CaR38
s000008566,CaR38
s000008567,CaR38
s000008568,CaR38
s000008569,CaR38
s000008570,CaR38
s000003455,CaS10
s000003484,CaS10
s000005786,CaS10
s000000311,CaS10
s000001567,CB14
s000000259,CB14
s000004319,CB14
s000000418,CB15
s000002303,CB15
s000000259,CB15
s000004319,CB15
s000001568,CB18
s000008571,CB18
s000008572,CB18
s000004278,CB18
s000006859,CB18
s000008573,CBa30
s000002567,CBa30
s000006924,CBa30
s000001949,CBa30
s000000664,CBa40
s000004370,CBa40
s000008574,CBa40
s000008575,CBa40
s000001252,CBa40
s000008576,CBa40
s000008577,CBa45
s000000804,CBa45
s000002533,CBa45
s000005318,CBa45
s000008578,CBa50
s000003681,CBa50
s000006101,CBa50
s000005315,CBa50
s000004967,CBa50
s000001385,CBe10
s000006576,CBe10
s000008579,CBe10
s000005228,CBd10
s000005399,CBd10
s000002207,CBd10
s000000267,CBd10
s000005810,CBd20
s000001559,CBd20
s000003020,CBd20
s000003144,CBd20
s000001272,CBl20
s000008580,CBl25
s000008581,CBl25
s000008582,CBl25
s000008583,CBl25
s000006478,CBl26
s000008584,CBl30
s000008585,CBl30
s000008586,CBl32
s000008587,CBl35
s000003357,CBl40
s000002984,CBl60
s000008588,CBl67
s000008589,CBl67
s000002827,CBl67
s000008590,CBl69
s000008591,CBl69
s000008592,CBl70
s000008593,CBl73
s000008594,CBl80
s000003221,CBm10
s000003829,CBm10
s000002596,CBm11
s000003534,CBm11
s000008595,CBm11
s000003691,CBm60
s000001368,CBm60
s000003873,CBP10
s000006655,CBP10
s000001967,CBP10
s000001820,CBP10
s000001218,CBP10
s000004409,CBP12
s000004818,CBP12
s000002606,CBP12
s000008596,CBt3
s000007109,CBt10
s000008597,CBt10
s000008598,CBt10
s000002319,CBt10
s000008599,CBt10
s000008600,CBt10
s000008601,CBt10
s000008484,CBt10
s000004097,CBt10
s000008602,CBt10
s000008603,CBt10
s000008604,CBt10
s000008605,CBt10
s000008606,CBt15
s000008607,CBt15
s000000725,CBt15
s000008608,CBt15
s000008609,CBt15
s000005686,CBu8
s000008610,CBu8
s000001088,CBu10
s000002916,CBu10
s000006859,CBu10
s000008611,CBu12
s000008610,CBu12
s000008612,CBu12
s000006335,CBw9
s000000330,CBw9
s000001705,CBw9
s000002188,CBw12
s000002277,CBw12
s000008613,CBw12
s000006926,CBw12
s000008614,CBw12
s000002188,CBw15
s000002277,CBw15
s000006001,CBw15
s000008615,CBw15
s000008058,CBw15
s000007737,CBw15
s000002188,CBw17
s000000545,CBw17
s000008616,CBw17
s000001706,CBw17
s000008617,CBw17
s000008618,CBw17
s000008619,CBw18
s000006001,CBw18
s000008620,CBw18
s000004629,CBw18
s000000590,CBw18
s000008621,CBw18
s000000191,CBw18
s000002188,CBw19
s000004329,CBw19
s000006001,CBw19
s000005123,CBw19
s000004183,CBw19
s000004238,CBw19
s000001326,CBw22
s000002171,CBw22
s000002054,CBw22
s000008622,CBw22
s000001231,CBw22
s000008623,CBw22
s000004238,CBw22
s000001326,CBw27
s000005161,CBw27
s000000205,CBw27
s000006229,CBw27
s000001326,CBw28
s000002171,CBw28
s000003413,CBw28
s000002188,CBw29
s000003913,CBw29
s000005144,CBw29
s000000384,CBw29
s000004747,CBw29
s000005360,CBw29
s000004761,CBw29
s000001564,CBw29
s000001326,CBw31
s000000379,CBw31
s000006229,CBw31
s000001680,CBw31
s000006121,CBw31
s000005968,CBw31
s000005789,CBw31
s000000879,CBw31
s000000628,CBw31
s000001255,CBw31
s000006222,CBw31
s000003699,CBw31
s000003769,CBw32
s000002603,CBw32
s000002171,CBw32
s000002188,CBw33
s000000678,CBw33
s000004761,CBw33
s000003948,CBw33
s000005929,CBw33
s000006641,CBw33
s000001858,CBw33
s000004757,CBw33
s000002171,CBw35
s000005690,CBw35
s000004187,CBw35
s000000205,CBw35
s000001153,CBw35
s000005567,CBw35
s000003769,CBw36
s000000714,CBw36
s000005023,CBw36
s000003158,CBw36
s000004757,CBw36
s000005567,CBw36
s000006506,CBw36
s000000793,CBw36
s000004506,CBw36
s000001452,CBw36
s000005123,CBw36
s000006255,CBw36
s000006249,CBw37
s000007343,CBw37
s000004758,CBw37
s000001153,CBw37
s000003699,CBw37
s000006255,CBw37
s000000718,CBw37
s000005968,CBw38
s000003451,CBw38
s000002962,CBw38
s000008624,CBw38
s000004164,CBw38
s000008625,CBw38
s000005239,CBw38
s000001749,CBw41
s000007375,CBw41
s000007255,CBw41
s000006641,CBw41
s000004375,CBw41
s000004090,CBw41
s000003542,CBw41
s000006113,CBw41
s000003700,CBw41
s000003115,CBw41
s000005808,CBw41
s000008626,CBw41
s000001865,CBw41
s000008627,CBw41
s000006374,CBw41
s000001700,CBw41
s000006113,CBw42
s000005399,CBw42
s000005233,CBw42
s000001338,CBw42
s000003507,CBw42
s000008628,CBw42
s000004761,CBw42
s000003317,CBw42
s000006374,CBw42
s000008629,CBw42
s000005713,CBw42
s000002824,CBw42
s000004867,CBw43
s000006799,CBw43
s000003062,CBw43
s000002768,CBw45
s000008630,CBw45
s000008631,CBw45
s000002548,CBw45
s000004840,CBw45
s000002237,CBw45
s000008632,CBw45
s000001682,CBw48
s000003600,CBw48
s000006806,CBw48
s000006001,CBw48
s000008633,CBw48
s000000857,CBw48
s000000480,CBw48
s000006559,CBx10
s000004530,CBx10
s000006005,CBx10
s000008634,CBx10
s000004512,CBy10
s000008635,CBy10
s000001048,CC43
s000005074,CC43
s000008636,CC43
s000008637,CC43
s000008638,CC43
s000001048,CC60
s000001048,CC62
s000005074,CC62
s000008639,CC62
s000000512,CC62
s000000904,CC62
s000001048,CC64
s000005074,CC64
s000008640,CC66
s000005613,CC66
s000005074,CC66
s000008641,CC66
s000000512,CC66
s000008639,CC66
s000001048,CC68
s000001048,CC70
s000001244,CC70
s000005074,CC70
s000001048,CC73
s000008642,CC73
s000006058,CC73
s000004480,CC73
s000001048,CC75
s000008643,CC75
s000003282,CC75
s000008644,CC75
s000001048,CC76
s000001078,CC76
s000004486,CC76
s000001048,CC77
s000002325,CC77
s000000512,CC77
s000001214,CC77
s000005516,CC77
s000003894,CC77
s000008645,CC77
s000001048,CC78
s000002325,CC78
s000004634,CC78
s000002192,CC78
s000001428,CC78
s000002276,CC78
s000003894,CC78
s000001048,CC79
s000008642,CC79
s000006058,CC79
s000004480,CC79
s000001048,CC80
s000008646,CC80
s000001048,CC80
s000000600,CC80
s000008647,CC80
s000001053,CC80
s000000793,CC80
s000003221,CC80
s000001048,CC82
s000001048,CC83
s000002714,CC83
s000008648,CCa10
s000006859,CCa10
s000006859,CCa10
s000006859,CCa10
s000006859,CCa10
s000006859,CCa10
s000004302,CCa13
s000005994,CCa13
s000008649,CCa13
s000006258,CCa13
s000008650,CCa13
s000008651,CCa13
s000008652,CCa13
s000008653,CCa13
s000006860,CCa13
s000006860,CCa13
s000007679,CCa13
s000002044,CCb10
s000002054,CCb10
s000006858,CCb10
s000003239,CCb10
s000007129,CCb10
s000008654,CCb10
s000001103,CCb10
s000000089,CCG1
s000005744,CCG1
s000004319,CCG1
s000008655,CCG3
s000008656,CCG3
s000004319,CCG3
s000008657,CCG3
s000004802,CCG3
s000001560,CCG3
s000004319,CCG4
s000005744,CCG4
s000008658,CCG4
s000008659,CCG4
s000008660,CCG4
s000003612,CCG7
s000005858,CCG7
s000004047,CCG7
s000005686,CCG7
s000007231,CCG7
s000008661,CCG7
s000008019,CCG7
s000001129,CCG8
s000008662,CCG8
s000006859,CCG8
s000008663,CCG8
s000006729,CCG10
s000000497,CCG10
s000002710,CCG10
s000000574,CCG10
s000003870,CCG10
s000008664,CCG10
s000002541,CCG10
s000008665,CCG10
s000008666,CCG10
s000006859,CCG10
s000003503,CCG15
s000004434,CCG15
s000002058,CCG15
s000008667,CCG15
s000008668,CCG15
s000008669,CCG15
s000008670,CCG15
s000008671,CCG15
s000006260,CCG24
s000002827,CCG24
s000000070,CCG24
s000007140,CCG24
s000006859,CCG24
s000000236,CCG24
s000008672,CCG24
s000008664,CCG24
s000008673,CCG24
s000007245,CCo1
s000001362,CCo3
s000004903,CCo3
s000005939,CCo3
s000006859,CCo3
s000006859,CCo3
s000000908,CCo4
s000006866,CCo4
s000004677,CCo4
s000001362,CCo5
s000004903,CCo5
s000005939,CCo5
s000002710,CCo5
s000004676,CCo5
s000008674,CCo5
s000008675,CCo5
s000008350,CCo5
s000008676,CCo5
s000006859,CCo5
s000006689,CCo6
s000001979,CCo6
s000000763,CCo6
s000008677,CCo6
s000005056,CCo6
s000008678,CCo6
s000008679,CCo6
s000008680,CCo6
s000006859,CCo6
s000008681,CCo6
s000008682,CCo10
s000002617,CCo11
s000005531,CCo11
s000005331,CCo11
s000006859,CCo11
s000006689,CCo12
s000008683,CCo12
s000008684,CCo12
s000008685,CCo12
s000008686,CCo12
s000008687,CCo12
s000007045,CCo12
s000008688,CCo12
s000008689,CCo14
s000008690,CCo14
s000002627,CCo14
s000005819,CCo14
s000008691,CCo14
s000001131,CCo14
s000008306,CCo14
s000006490,CCo14
s000001131,CCo14
s000006855,CCo14
s000006997,CCo14
s000008692,CCo14
s000007779,CCo14
s000008693,CCo14
s000002975,CCo14
s000006860,CCo14
s000006860,CCo14
s000007456,CCr10
s000002807,CCr10
s000006496,CCr10
s000008694,CCr10
s000008695,CCr10
s000008696,CCr10
s000008697,CCr10
s000008698,CCr10
s000008699,CCr10
s000008700,CCr10
s000008701,CCr10
s000008702,CCr12
s000008703,CCr12
s000007480,CCr12
s000000070,CCr12
s000006867,CCr12
s000001129,CCr12
s000008704,CCr12
s000008705,CCr12
s000008706,CCr12
s000005594,CCw2
s000008707,CCw2
s000001619,CCw2
s000002036,CCw2
s000008708,CCw2
s000008709,CCw2
s000008710,CCw2
s000008711,CCw2
s000008380,CCw2
s000008712,CCw2
s000005994,CCw2
s000008713,CCw2
s000005786,CCw2
s000008714,CCw2
s000008715,CCw2
s000001357,CCw5
s000006848,CCw5
s000008716,CCw5
s000005041,CCw5
s000008717,CCw5
s000008718,CCw5
s000008719,CCw5
s000008720,CCw5
s000008721,CCw5
s000001357,CCw10
s000001606,CCw10
s000008722,CCw10
s000008723,CCw10
s000005456,CCw10
s000004752,CD8
s000005634,CD8
s000005034,CD8
s000005574,CD8
s000000098,CD8
s000000921,CD8
s000000146,CD8
s000003520,CD8
s000000842,CD8
s000003612,CD8
s000001900,CD11
s000004037,CD11
s000006557,CD11
s000004040,CD11
s000004587,CD20
s000002689,CD20
s000008724,CD20
s000008725,CD20
s000003128,CD20
s000004587,CD22
s000008724,CD22
s000008726,CD22
s000003663,CD22
s000002689,CD22
s000002754,CD22
s000008727,CD22
s000008725,CD22
s000000436,CD28
s000006330,CD28
s000005884,CD28
s000004090,CD28
s000006330,CD29
s000007694,CD29
s000002666,CD29
s000003235,CD29
s000004090,CD29
s000005334,CD29
s000002395,CD29
s000005630,CD29
s000004921,CD29
s000005597,CD33
s000006505,CD33
s000001997,CD33
s000006774,CD33
s000008728,CD33
s000008729,CD33
s000008730,CDe10
s000003163,CDe10
s000002207,CDe10
s000002509,CDe10
s000008731,CDe10
s000000200,CDe10
s000006575,CdG1
s000004747,CdG1
s000002567,CdG1
s000001018,CdG1
s000002655,CdG1
s000001914,CDM1
s000008732,CDM1
s000008733,CDM1
s000008734,CDM1
s000008735,CDM1
s000008736,CDM1
s000001914,CDM3
s000008737,CDM3
s000008738,CDM3
s000008735,CDM3
s000008734,CDM3
s000008739,CDM3
s000008740,CDM6
s000006506,CDM7
s000008741,CDM8
s000008742,CDM9
s000005338,CDM9
s000004906,CDM9
s000003328,CDM9
s000002669,CDM9
s000008736,CDM9
s000001108,CDM10
s000006067,CDM11
s000008743,CDM12
s000001121,CDM13
s000001922,CDM15
s000000333,CDM15
s000001922,CDM16
s000006067,CDM17
s000004906,CDM17
s000008744,CDM17
s000008745,CDM17
s000005338,CDM17
s000008746,CDM17
s000001488,CDM17
s000006495,CDM18
s000002687,CDM18
s000008747,CDM18
s000008748,CDM18
s000008749,CDM18
s000008750,CDM18
s000001922,CDM22
s000008751,CDM32
s000008752,CDM32
s000008753,CDM32
s000002855,CDM32
s000008754,CDM32
s000003960,CDM32
s000008755,CDM32
s000003679,CDM32
s000005338,CDM32
s000005210,CDM40
s000006062,CDM40
s000008756,CDM40
s000008751,CDM40
s000001431,CDM40
s000000271,CDM40
s000005338,CDM40
s000000603,CDM40
s000005338,CDM45
s000008757,CDM45
s000006506,CDM51
s000003709,CDM51
s000005567,CDM51
s000006237,CDM51
s000006372,CDM51
s000001367,CDM51
s000008758,CDM51
s000005128,CDM51
s000008759,CDM51
s000001564,CDM52
s000008760,CDM52
s000003106,CDM52
s000006832,CDM52
s000008761,CDM52
s000008762,CDM54
s000008763,CDM54
s000005043,CDM54
s000003913,CDM56
s000003473,CDM56
s000003531,CDM56
s000001165,CDM56
s000003237,CDM56
s000008764,CDM56
s000002831,CDM56
s000004879,CDM56
s000001165,CDM59
s000008765,CDM59
s000006666,CDM59
s000008766,CDM59
s000005567,CDM59
s000003237,CDM59
s000005808,CDM59
s000004431,CDM59
s000004941,CDM59
s000002831,CDM59
s000006828,CDM60
s000001252,CDM64
s000000212,CDM64
s000000545,CDM64
s000008767,CDM64
s000006859,CDM64
s000006859,CDM64
s000002659,CDM64
s000006779,CDM64
s000004101,CDM64
s000003913,CDM68
s000005896,CDM73
s000004082,CDM73
s000006094,CDM73
s000005042,CDM73
s000004758,CDM73
s000001650,CDM73
s000005092,CDM73
s000005280,CDM73
s000008768,CDM73
s000003304,CDM73
s000006230,CDM73
s000006552,CDM75
s000004239,CDM75
s000002325,CDM75
s000002325,CDM77
s000001252,CDM77
s000003196,CDM77
s000001453,CDM77
s000003239,CDM77
s000000625,CDM77
s000008769,CDM77
s000006653,CDM77
s000005808,CDM77
s000006372,CDM77
s000002448,CDM77
s000002548,CDM77
s000004046,CDM77
s000004027,CDM78
s000003451,CDM78
s000005513,CDM78
s000006653,CDM78
s000003507,CDM78
s000006859,CDM78
s000006859,CDM78
s000006859,CDM78
s000006092,CDM78
s000002989,CDM79
s000006655,CDM79
s000002387,CDM79
s000002776,CDM79
s000005968,CDM79
s000003464,CDM79
s000003248,CDM79
s000008770,CDM79
s000006653,CDM79
s000008771,CDM79
s000006202,CDM79
s000002776,CDM80
s000000802,CDM80
s000005354,CDM80
s000000408,CDM80
s000002035,CDM80
s000001513,CDM80
s000001574,CDM80
s000006506,CDM80
s000006653,CDM80
s000008772,CDM80
s000000132,CDM80
s000000970,CDM80
s000001732,CDM80
s000002595,CDM80
s000005606,CDM80
s000005047,CDM80
s000004777,CDM80
s000006859,CDM80
s000003170,CDN10
s000008773,CDr9
s000005750,CDr9
s000005764,CDr9
s000000209,CDr9
s000006859,CDr9
s000008774,CDr10
s000008775,CDr10
s000008776,CDr10
s000008777,CDr10
s000008778,CDr10
s000008779,CDr10
s000008780,CDr10
s000008781,CDr10
s000006859,CDr10
s000006859,CDr10
s000008782,CDr30
s000008783,CDr30
s000008784,CDr30
s000008785,CDr30
s000008786,CDr30
s000008787,CDu10
s000006859,CDu10
s000008788,CDv10
s000008789,CDv10
s000001778,CEa1
s000006487,CEa1
s000004262,CEa1
s000008790,CEa1
s000001778,CEa2
s000000601,CEa2
s000008791,CEa2
s000001778,CEa3
s000002245,CEa3
s000003697,CEa3
s000004126,CEa3
s000006400,CEa3
s000008792,CEa3
s000000653,CEa3
s000008793,CEa3
s000008794,CEa3
s000001436,CEa3
s000001778,CEa4
s000003697,CEa4
s000002810,CEa4
s000005051,CEa4
s000001778,CEa5
s000008795,CEa5
s000008796,CEa5
s000003638,CEa5
s000008301,CEa5
s000001353,CEa5
s000001353,CEa5
s000004126,CEa5
s000000653,CEa5
s000006860,CEa5
s000008797,CEa5
s000008798,CEa5
s000008799,CEa5
s000002518,CEa5
s000006860,CEa5
s000001778,CEa6
s000003279,CEa6
s000004097,CEa6
s000002900,CEa6
s000001778,CEa7
s000003128,CEa7
s000006859,CEa7
s000001127,CEa7
s000003431,CEa7
s000008800,CEa7
s000008801,CEa7
s000001778,CEa8
s000001781,CEa8
s000004116,CEa8
s000003275,CEa8
s000001778,CEa9
s000003697,CEa9
s000002810,CEa9
s000001618,CEa9
s000001699,CEa9
s000004519,CEa9
s000006156,CEa9
s000001378,CEa9
s000004997,CEa9
s000003305,CEa9
s000006859,CEa11
s000008006,CEa12
s000006390,CEa12
s000008802,CEa12
s000008803,CEa12
s000001778,CEa13
s000004904,CEa13
s000001778,CEa14
s000007584,CEa14
s000001778,CEa15
s000005692,CEa15
s000003163,CEa15
s000000691,CEa15
s000005786,CEa15
s000000679,CEa15
s000004285,CEa15
s000008804,CEa15
s000008805,CEa15
s000008806,CEa15
s000001778,CEa16
s000002511,CEa16
s000002139,CEa16
s000002627,CEa16
s000002012,CEa16
s000005428,CEa16
s000007301,CEa16
s000008807,CEa16
s000001296,CEa17
s000001778,CEa17
s000008808,CEa17
s000008809,CEa17
s000006859,CEa17
s000001577,CEa17
s000001778,CEa18
s000006020,CEa18
s000008810,CEa18
s000008811,CEa18
s000008812,CEa18
s000006859,CEa18
s000006859,CEa18
s000006860,CEa18
s000001778,CEa19
s000008813,CEa19
s000002511,CEa19
s000002617,CEa19
s000008814,CEa19
s000002315,CEa19
s000008815,CEa19
s000001476,CEa19
s000003954,CEa19
s000001777,CEa19
s000001780,CEa19
s000007352,CEa20
s000008816,CEa20
s000006859,CEa20
s000001777,CEa20
s000008817,CEa20
s000008818,CEa20
s000006178,CEa20
s000006859,CEa20
s000001778,CEa21
s000008819,CEa21
s000008820,CEa21
s000006390,CEa21
s000003561,CEa21
s000008821,CEa21
s000001911,CEa21
s000008822,CEa21
s000008823,CEa21
s000007547,CEd10
s000008824,CEd10
s000001390,CEd10
s000008825,CEd10
s000003039,CEd10
s000002429,CEd10
s000006474,CEd10
s000008826,CEd10
s000005253,CEd10
s000008827,CEd20
s000008828,CEd20
s000001390,CEd20
s000002087,CEd20
s000008829,CEd20
s000008830,CEd20
s000008831,CfO10
s000005269,CfO10
s000003161,CfO10
s000000513,CfO20
s000008832,CFr10
s000008833,CFr10
s000008834,CFr10
s000006514,CFr10
s000008835,CFr10
s000000596,CGi10
s000008836,CGi10
s000008837,CGl10
s000008838,CGl10
s000008839,CGl10
s000008840,CGl10
s000008841,CGl10
s000008837,CGl25
s000008842,CGl35
s000008843,CGl35
s000008844,CGl35
s000008845,CGl35
s000005118,CGl115
s000001568,CGl115
s000008846,CGo10
s000002969,CGo15
s000002911,CGr10
s000004611,CGr10
s000001237,CGy10
s000001357,CHa10
s000005991,CHa10
s000003724,CHa10
s000002538,CHa10
s000008208,CHa18
s000007302,CHa20
s000008847,CHa20
s000008848,CHa20
s000007495,CHa20
s000002934,CHa20
s000006859,CHa20
s000004347,CHa20
s000006020,CHa25
s000000285,CHa25
s000008849,CHa25
s000008850,CHa25
s000008851,CHa25
s000000389,CHa27
s000007352,CHa27
s000001592,CHa27
s000007759,CHa27
s000008852,CHa27
s000008853,CHa27
s000008854,CHa27
s000006859,CHa27
s000003196,ChB9
s000003769,ChB9
s000005904,ChB9
s000006001,ChB9
s000002394,ChB9
s000002772,ChB9
s000004389,ChB9
s000008855,ChC4
s000006507,ChC4
s000002083,ChC4
s000006627,ChC4
s000004962,ChC4
s000001669,ChC6
s000007547,ChC7
s000002847,ChC7
s000001985,ChC7
s000002755,ChC7
s000000612,ChC8
s000002847,ChC11
s000005219,ChC11
s000003967,ChC11
s000002440,ChC11
s000008856,ChC11
s000006556,ChC11
s000008857,ChC11
s000002457,ChC11
s000008858,ChC11
s000008859,ChC11
s000008860,ChC11
s000000433,ChC11
s000008861,ChC13
s000006859,ChC13
s000001131,ChC30
s000008862,ChC30
s000003364,ChC30
s000004787,ChC30
s000000053,ChC30
s000006859,ChC30
s000001759,ChD10
s000000454,ChD10
s000002884,ChD10
s000008863,ChD10
s000008864,ChD10
s000000791,ChD10
s000008865,ChD10
s000002089,ChE1
s000002719,ChE1
s000002949,ChE1
s000000613,ChE1
s000006611,ChE1
s000001165,ChE2
s000003844,ChE2
s000003871,ChE2
s000003316,ChE2
s000008866,ChE2
s000003723,ChE2
s000008867,ChE2
s000004345,ChE2
s000004054,ChE2
s000004264,ChF7
s000003169,ChF7
s000002680,ChF10
s000000304,ChF10
s000001827,ChF10
s000000285,ChG1
s000008868,ChG1
s000006484,ChG1
s000007305,ChG1
s000005731,ChG1
s000004090,ChG1
s000000061,ChG1
s000003700,ChG1
s000001131,ChG1
s000008869,ChG10
s000000311,ChG10
s000008870,ChG10
s000006723,ChG10
s000002012,ChG10
s000008871,ChG10
s000008872,ChG10
s000000473,ChG10
s000006859,ChG10
s000008873,ChG10
s000008874,ChG15
s000004676,ChG15
s000000306,ChG15
s000002482,ChG15
s000008875,ChG15
s000006664,ChG15
s000001910,ChG18
s000007772,ChG18
s000007376,ChH3
s000008876,ChH3
s000007412,ChH3
s000008877,ChH3
s000008878,ChH3
s000008879,ChH3
s000008880,ChH3
s000004895,ChH3
s000008881,ChH3
s000008882,ChH3
s000007388,ChH3
s000008883,ChH3
s000005947,ChH10
s000008884,ChH10
s000004678,ChH10
s000000782,ChH10
s000003043,ChH10
s000008115,ChH10
s000002776,CH5
s000004524,CH5
s000005000,CH5
s000007152,CH5
s000005238,CH5
s000003128,CH5
s000008885,CH5
s000003513,CH5
s000002776,CH10
s000003889,CH10
s000000389,CH10
s000003937,CH10
s000008853,ChN10
s000006859,ChN10
s000008886,ChJ12
s000004924,ChJ30
s000003713,ChJ30
s000008887,ChJ30
s000002769,ChJ30
s000008888,ChJ36
s000000957,ChJ36
s000007015,ChJ50
s000008889,ChJ74
s000003112,ChJ74
s000006859,ChJ74
s000001081,ChK10
s000008890,ChK10
s000008891,ChK10
s000008891,ChK13
s000001081,ChK13
s000008892,ChK13
s000003483,ChL1
s000008893,ChL1
s000008894,ChL1
s000002207,ChM20
s000003837,ChM20
s000008895,ChM20
s000000210,CHo5
s000008896,CHo5
s000002479,CHo5
s000000702,CHo5
s000006826,CHo5
s000001011,CHo5
s000003221,ChR10
s000006237,ChR10
s000008897,ChR10
s000001706,ChR13
s000004363,ChR13
s000003754,ChR13
s000000211,ChR13
s000001424,ChR13
s000000490,ChR13
s000001765,ChR13
s000001467,ChR13
s000003221,ChR13
s000005690,ChR13
s000002277,ChR13
s000002527,ChR13
s000003534,ChR13
s000002596,ChR13
s000004492,ChR13
s000004771,ChR13
s000003331,ChR13
s000001800,ChR13
s000001326,ChR13
s000000379,ChR13
s000008898,ChR13
s000003984,ChR50
s000003985,ChR50
s000003983,ChR50
s000001734,ChR50
s000001732,ChR50
s000003976,ChR50
s000002448,ChR50
s000008899,ChR50
s000000191,ChR50
s000000002,ChR60
s000001295,ChR60
s000004036,ChR60
s000001732,ChR60
s000003622,ChR60
s000008900,ChR60
s000003724,ChS10
s000004705,ChS10
s000000374,ChS10
s000006493,ChS10
s000008901,ChS10
s000006005,ChS10
s000003222,ChS13
s000005126,ChS13
s000008902,ChS13
s000006493,ChS13
s000002810,ChS13
s000008903,ChS13
s000008904,ChS13
s000006860,ChS13
s000006860,ChS13
s000003974,ChS20
s000005731,ChS20
s000008905,ChS20
s000008906,ChS20
s000005331,ChS24
s000004603,ChS24
s000003711,ChS24
s000001726,ChS24
s000008907,ChS24
s000008908,ChS24
s000003997,ChS24
s000004391,ChV2
s000008909,ChV2
s000001765,ChV2
s000001255,ChV2
s000006010,ChV2
s000003550,ChV2
s000008910,ChV8
s000002707,ChV8
s000002051,ChV8
s000005260,ChV8
s000001298,ChV8
s000001276,ChV8
s000003304,ChV8
s000004613,ChV8
s000000616,ChV8
s000005203,ChV8
s000003531,ChV13
s000002546,ChV13
s000008911,ChV13
s000008912,ChV13
s000000400,ChV13
s000006655,ChV15
s000004641,ChV15
s000004452,ChV15
s000002707,ChV20
s000002051,ChV20
s000003856,ChV20
s000008913,ChV20
s000000884,ChV20
s000007394,ChV20
s000004308,ChV20
s000001647,ChV20
s000006859,ChV20
s000002707,ChV26
s000002051,ChV26
s000003148,ChV26
s000005130,ChV26
s000000040,ChV26
s000004420,ChV26
s000008914,ChV26
s000004518,ChV26
s000003214,ChV35
s000003068,ChV35
s000008915,ChV35
s000008916,ChV35
s000008917,ChV35
s000002390,ChV35
s000005080,ChV35
s000005772,ChV45
s000008918,ChV45
s000000061,ChV45
s000001318,ChV45
s000002201,ChV45
s000001244,ChV45
s000008336,ChV45
s000002936,ChV46
s000003135,ChV46
s000006915,ChV46
s000005847,ChV46
s000008919,ChV46
s000004062,ChV46
s000002861,ChV46
s000006025,ChV46
s000002095,ChV46
s000000104,ChW2
s000003542,ChW2
s000008920,ChW2
s000008921,ChW2
s000008876,ChW2
s000007936,ChW2
s000008920,ChW2
s000004054,ChW2
s000006047,ChW2
s000008922,ChW2
s000001723,ChW2
s000002280,ChW2
s000000230,ChW3
s000002202,ChW3
s000004241,ChW3
s000003542,ChW3
s000006047,ChW3
s000004457,ChW3
s000000230,ChW4
s000005372,ChW4
s000003633,ChW4
s000008923,ChW4
s000000820,ChW4
s000001967,ChW6
s000000959,ChW6
s000008924,ChW6
s000002174,ChW6
s000008925,ChW6
s000006676,ChW7
s000008926,ChW7
s000001545,ChW7
s000003452,ChW7
s000000984,ChW7
s000001444,ChW7
s000008927,ChW7
s000008928,ChW7
s000008929,ChW7
s000003251,ChW12
s000001344,ChW12
s000005772,ChW12
s000000194,ChW12
s000004587,ChW16
s000003837,ChW16
s000006826,ChW16
s000006122,ChW16
s000008930,ChW16
s000008931,ChW16
s000005241,ChW22
s000001810,ChW25
s000002392,ChW25
s000002990,ChW25
s000005888,ChW25
s000008932,ChW25
s000000970,CiS10
s000008933,CiS10
s000008934,CiS10
s000008935,CiS10
s000003182,CiS40
s000008936,CiS40
s000008937,CiS40
s000008938,CiS40
s000008939,CiS40
s000008940,CiS40
s000008941,CiS40
s000000842,CJ2
s000000808,CJ2
s000008303,CJ2
s000004802,CJ2
s000005083,CJ2
s000002877,CJ2
s000008942,CJ2
s000007550,CJ2
s000008943,CJ2
s000003372,CJ2
s000008944,CJ2
s000001994,CJ4
s000008945,CJ4
s000003244,CJ4
s000006343,CJ4
s000003279,CJ4
s000006818,CJ4
s000002980,CJ4
s000005715,CJ4
s000002272,CJ4
s000000678,CJ4
s000008946,CJ6
s000000427,CJ6
s000008947,CJ6
s000005531,CJ6
s000006859,CJ6
s000006341,CJ6
s000002491,CJ6
s000005735,CJ8
s000002376,CJ8
s000000808,CJ8
s000008948,CJ8
s000008949,CJ8
s000002191,CJ8
s000001328,CJ9
s000005187,CJ9
s000000973,CJ9
s000005538,CJ10
s000003242,CJ10
s000004981,CJ10
s000008950,CJu10
s000008951,CJu10
s000008952,CJu10
s000008953,CJu10
s000005534,CkB10
s000000846,CkB10
s000008954,CKl2
s000008955,CKl4
s000008956,CKl4
s000008957,CKl4
s000004298,CL1
s000006740,CL1
s000002300,CL1
s000000434,CL1
s000006373,CL1
s000002400,CL1
s000007342,CL1
s000003221,CLa18
s000003221,CLa20
s000003221,CLa24
s000000002,CLa95
s000001295,CLa95
s000004162,CLa95
s000005799,CLa95
s000001732,CLa95
s000000002,CLa100
s000001295,CLa100
s000002116,CLa100
s000002123,CLa100
s000003623,CLa100
s000000002,CLa110
s000001295,CLa110
s000003531,CLa110
s000000751,CLa110
s000006510,CLa110
s000001858,CLa110
s000000002,CLa114
s000001295,CLa114
s000000588,CLa114
s000001818,CLa114
s000002996,CLa114
s000004783,CLa114
s000008958,CLa114
s000003415,CLa114
s000000002,CLa115
s000001295,CLa115
s000003196,CLa115
s000008959,CLa115
s000005946,CLa115
s000006604,CLa115
s000000002,CLa121
s000001295,CLa121
s000000343,CLa121
s000001119,CLa121
s000006651,CLa121
s000008960,CLa121
s000008961,CLa121
s000000002,CLa125
s000001295,CLa125
s000008959,CLa125
s000006726,CLa125
s000003203,CLa125
s000008962,CLa125
s000006586,CLa125
s000008963,CLa125
s000000002,CLa127
s000001295,CLa127
s000004895,CLa127
s000006239,CLB10
s000008964,CLB10
s000008965,CLB10
s000006239,CLB20
s000001524,CLB20
s000000572,ClC2
s000000720,ClC2
s000008966,ClC2
s000007321,ClC5
s000008967,ClC5
s000000359,ClC5
s000008968,ClC8
s000001560,ClC8
s000008969,ClC8
s000008970,ClC8
s000008971,ClC18
s000000252,ClC18
s000008972,ClC18
s000005535,ClC20
s000006273,ClC20
s000000252,ClC20
s000000252,ClC21
s000000659,ClC21
s000005397,ClC21
s000008973,ClC21
s000002403,ClC22
s000006812,ClC24
s000000252,ClC24
s000008974,ClC35
s000008975,ClC35
s000008976,ClC35
s000008977,ClC35
s000008978,ClC45
s000004038,ClC45
s000008979,ClC45
s000008980,ClC45
s000004063,ClC49
s000002678,ClC49
s000000252,ClC49
s000000042,ClC49
s000006859,ClC49
s000008981,ClC49
s000008982,ClC50
s000007180,ClC50
s000008983,ClC50
s000008984,ClC50
s000001005,ClC57
s000000563,ClC57
s000000630,ClC57
s000002969,ClC57
s000002969,ClC58
s000002969,ClC60
s000008985,ClD1
s000008986,ClD1
s000008987,ClD1
s000008988,ClD1
s000008989,ClD1
s000008990,ClD1
s000008991,ClD1
s000007753,ClD1
s000006860,ClD1
s000008992,ClD5
s000008993,ClD5
s000001409,ClD10
s000008134,ClD10
s000008994,CLi10
s000008995,CLi10
s000008996,CLi10
s000008997,CLi10
s000008998,CLi10
s000008999,CLi10
s000009000,CLi10
s000000459,ClL25
s000009001,ClL25
s000006859,ClL25
s000006859,ClL25
s000002177,ClM30
s000009002,ClM30
s000009003,ClM30
s000009004,ClM30
s000009005,ClM40
s000009006,ClM40
s000000615,ClM40
s000001762,ClO10
s000002392,ClO10
s000000375,ClO10
s000006859,ClO10
s000003912,ClP10
s000000704,ClP10
s000002069,ClP10
s000003912,ClP12
s000003912,ClP18
s000006859,ClS22
s000004319,ClS25
s000009007,ClS25
s000005574,ClS25
s000000259,ClS40
s000000418,ClS40
s000009008,ClS40
s000009009,ClS40
s000009010,ClS40
s000009011,ClS40
s000000418,ClS45
s000007192,ClS45
s000009012,ClS45
s000006859,ClS45
s000001129,ClW10
s000001681,ClW10
s000002470,ClW10
s000006649,ClW10
s000009013,ClW20
s000009014,ClW20
s000002482,ClW20
s000008423,ClZ10
s000009015,ClZ10
s000009016,ClZ19
s000009017,ClZ19
s000009018,ClZ19
s000009019,ClZ19
s000009020,ClZ19
s000009021,ClZ19
s000005113,CMA1
s000009022,CMA1
s000003923,CMA1
s000009023,CMA1
s000005280,CMA1
s000002697,CMA1
s000002683,CMe10
s000009024,CMe10
s000000971,CMe10
s000008311,CMe10
s000009025,CMe10
s000006859,CMe10
s000009026,CMk11
s000006859,CMk40
s000009027,CMt10
s000009028,CMt10
s000009029,CMu10
s000009030,CNo1
s000006859,CNo1
s000007759,CNo3
s000009031,CNu10
s000009032,CNy1
s000005709,CNy1
s000000203,CNy1
s000006212,CNy1
s000005167,CNy1
s000001881,CNy15
s000002511,CNy15
s000003047,CNy15
s000009033,CNy15
s000000056,CNy15
s000009034,CNy15
s000009035,CoA1
s000002936,CoA10
s000001928,CoA10
s000002062,CoA10
s000005049,CoA10
s000003714,CoB1
s000005177,CoB3
s000002821,CoB3
s000005359,CoB3
s000000270,CoB3
s000009036,CoB3
s000009037,CoB3
s000005285,CoB3
s000002391,CoB6
s000003293,CoB6
s000000945,CoB6
s000002507,CoB6
s000002292,CoB6
s000001916,CoC10
s000001080,CoC10
s000005526,CoC10
s000002313,CoC10
s000009038,CoF10
s000001066,CoH1
s000002683,CoH1
s000004341,CoH1
s000004187,CoH1
s000009039,CoH1
s000009040,CoH1
s000002038,CoH2
s000006227,CoH2
s000004827,CoH2
s000001172,CoH2
s000002691,CoH2
s000006709,CoH2
s000005240,CoH3
s000004827,CoH3
s000001760,CoH3
s000001543,CoH3
s000004489,CoH3
s000003890,CoH3
s000004547,CoH3
s000006655,CoW1
s000006655,CoW2
s000006655,CoW3
s000006477,CoW3
s000006859,CoW3
s000000049,CoW3
s000009041,CoW3
s000007862,CoW3
s000006655,CoW4
s000006655,CoW5
s000006235,CoW5
s000009042,CoW5
s000006477,CoW5
s000006655,CoW6
s000006655,CoW7
s000009043,CP2
s000002087,CP2
s000000303,CP2
s000005675,CP2
s000004802,CP2
s000006287,CP2
s000000697,CP2
s000003906,CP2
s000005954,CP2
s000002036,CP3
s000008852,CP3
s000009044,CP3
s000003943,CP3
s000007888,CP3
s000009045,CP3
s000009046,CP3
s000009047,CPR10
s000009048,CPR10
s000009049,CPR10
s000009050,CPR10
s000009051,CR10
s000002637,CR10
s000005097,CR10
s000006556,CR10
s000002740,CR10
s000003290,CR10
s000000270,CR10
s000001366,CR10
s000003874,CR10
s000002968,CR10
s000009052,CR10
s000005177,CR12
s000000888,CR12
s000009053,CR12
s000005297,CR12
s000000043,CR12
s000006657,CR12
s000004866,CR12
s000005285,CR12
s000000286,CR12
s000004920,CR12
s000006377,CR12
s000009054,CR12
s000009055,CR12
s000009056,CR13
s000003714,CR13
s000004587,CR14
s000002847,CR14
s000002968,CR14
s000009057,CR14
s000001644,CR14
s000003536,CR14
s000001767,CR14
s000009058,CR14
s000009059,CR14
s000009060,CR14
s000009061,CR14
s000009062,CR14
s000002243,CR14
s000003086,CR14
s000006330,CR14
s000003996,CR16
s000005469,CR16
s000009063,CR16
s000009064,CR16
s000009065,CR16
s000004563,CR16
s000004074,CR16
s000002653,CR16
s000004678,CR16
s000001210,CR16
s000001390,CR16
s000002741,CR17
s000005272,CR17
s000004379,CR17
s000001704,CR17
s000002680,CR17
s000001297,CR18
s000006587,CR18
s000006338,CR18
s000002915,CR18
s000003704,CR18
s000005177,CR18
s000003570,CR18
s000009066,CR18
s000001588,CR18
s000009067,CR18
s000009068,CR18
s000002876,CR18
s000002915,CR19
s000009069,CR19
s000004390,CR19
s000002798,CR19
s000009070,CR19
s000004522,CR20
s000002490,CR24
s000001307,CR24
s000003023,CR24
s000004677,CR24
s000003400,CR24
s000005272,CR24
s000009071,CrB10
s000009072,CrB10
s000009073,CrB10
s000008208,CrC10
s000009074,CrC10
s000009075,CrC10
s000003826,CRd10
s000009076,CRd10
s000009077,CRd10
s000009078,CRd10
s000009079,CRd10
s000009080,CRd10
s000009081,CRd10
s000009082,CRd10
s000005858,CrM10
s000003537,CrM10
s000003612,CrM10
s000004021,CrM10
s000007414,CrR10
s000009083,CrS10
s000009084,CrS10
s000000974,CRu10
s000001606,CRu10
s000009085,CRu10
s000009086,CSc10
s000009087,CSe2
s000009088,CSe15
s000000259,CSe15
s000009089,CSe15
s000008243,CSe15
s000009090,CSe15
s000009091,CSe15
s000009092,CSe15
s000009093,CSe15
s000006575,CSG10
s000008310,CSG10
s000009094,CSG10
s000009095,CSG10
s000009096,CSG10
s000000834,CSi6
s000004859,CSi6
s000001044,CSi6
s000009097,CSi6
s000009098,CSi6
s000006026,CSi6
s000001103,CSi10
s000006111,CSi10
s000009099,CSi10
s000009100,CSm10
s000004676,CSm10
s000009101,CSm10
s000006859,CSm10
s000004958,CSm10
s000009102,CSr4
s000001050,CSr4
s000009103,CSr5
s000001050,CSr5
s000001050,CSr5
s000006859,CSr5
s000006859,CSr5
s000009104,CSr7
s000009105,CSr7
s000009106,CSr10
s000009107,CSr10
s000009108,CSr10
s000009109,CSr10
s000009110,CSr10
s000001541,CSr20
s000009111,CSr25
s000004282,CsS10
s000009112,CsS10
s000009113,CsS10
s000009114,CsS10
s000001476,CsS10
s000003072,CsS10
s000004752,CsS15
s000003234,CsS15
s000000002,CTB10
s000001295,CTB10
s000003780,CTB10
s000001043,CTB10
s000006012,CTB10
s000000247,CTB10
s000005047,CTB10
s000005134,CTB10
s000001960,CTB10
s000009115,CTB10
s000000002,CTB15
s000001295,CTB15
s000000290,CTB15
s000000288,CTB15
s000000751,CTB15
s000009116,CTB15
s000002912,CTB15
s000000536,CTB15
s000009117,CTB15
s000000002,CTB16
s000001295,CTB16
s000003196,CTB16
s000009118,CTB16
s000000247,CTB16
s000006739,CTB16
s000009119,CTB16
s000004429,CTB16
s000002402,CTB16
s000003844,CTB25
s000003349,CTB25
s000002515,CTB25
s000002163,CTB25
s000003239,CTB25
s000001233,CTB25
s000003975,CTB25
s000002916,CTH10
s000006859,CTH10
s000009120,CTK10
s000009121,CTK10
s000009122,CTK10
s000009123,CTK10
s000009124,CTK10
s000009125,CTK10
s000000530,CTK12
s000007832,CTK12
s000000045,CTK12
s000009126,CTK12
s000009127,CTK12
s000007085,CuB32
s000000714,CuB32
s000001326,CuB34
s000002716,CuB34
s000004005,CuB34
s000000754,CuB34
s000005280,CuB34
s000009128,CuB34
s000004695,CuB34
s000000603,CuB34
s000006302,CuB37
s000003452,CuB37
s000004193,CuB37
s000002692,CuB37
s000002342,CuB37
s000000005,CuB37
s000001407,CuB37
s000009129,CuB37
s000002707,CuB39
s000002391,CuB40
s000006113,CuB40
s000006330,CuB40
s000004390,CuB40
s000000501,CuB44
s000009130,CuB44
s000001398,CuB44
s000006478,CuB44
s000000151,CuB44
s000001332,CuH14
s000004270,CuH14
s000005266,CuH14
s000001817,CuH14
s000003407,CuH20
s000001023,CuH20
s000006214,CuH20
s000000772,CuH20
s000002090,CuH20
s000009131,CVi10
s000009132,CVi10
s000002969,CVi16
s000000259,CVi16
s000001866,CWh10
s000005903,CWh10
s000004332,CWh10
s000003557,CWh10
s000009133,CWh10
s000009134,CWh10
s000002152,CWi10
s000007167,CWi10
s000009135,CWl10
s000009136,CWl10
s000006503,CWm10
s000009137,CWm10
s000007811,CWm10
s000009138,CWm10
s000003129,CWm10
s000009139,CWm10
s000009140,CWm10
s000006740,CWm10
s000009141,CWm10
s000001302,CWr3
s000009142,CWr3
s000009143,CWr3
s000009144,CWr3
s000006175,CWr3
s000009145,CWr3
s000001221,CWr10
s000004152,CWr10
s000009146,CWr10
s000009147,CWr10
s000001502,CWr10
s000002090,CWr10
s000002628,CWr10
s000009148,CyC10
s000009005,CyC10
s000009149,CyC10
s000003757,CyE8
s000000945,CyE8
s000005469,CyE8
s000000727,CyE8
s000000347,CyE10
s000003714,CyE30
s000001315,CyE30
s000002430,CyE30
s000001728,CyE40
s000009150,CyS1
s000009151,CyS1
s000009152,CyS1
s000009153,CyS1
s000009154,CyS1
s000009155,CyS1
s000009156,CyS1
s000009157,CyS1
s000004482,DaA1
s000003273,DaA1
s000006859,DaA1
s000006859,DaA1
s000006859,DaA1
s000006859,DaA1
s000002105,DaA3
s000003880,DaA3
s000006859,DaA3
s000002606,DaA5
s000000484,DaA5
s000006338,DaA5
s000009158,DaA5
s000009159,DaA5
s000009160,DaA5
s000003234,DaA18
s000002232,DaB3
s000001924,DaB3
s000000709,DaB4
s000004747,DaB4
s000000065,DaB4
s000008623,DaB4
s000002213,DaB4
s000007737,DaB4
s000000254,DaB4
s000001916,DaB5
s000006132,DaB8
s000009161,DaB8
s000002855,DaB8
s000004389,DaB8
s000009162,DaB8
s000007317,DaB8
s000000539,DaB8
s000004101,DaB8
s000006132,DaB9
s000000379,DaB9
s000006387,DaB9
s000003708,DaB9
s000005353,DaB9
s000004083,DaB9
s000000570,DaB9
s000006132,DaB11
s000003308,DaB11
s000001786,DaB11
s000006045,DaB11
s000009163,DaB11
s000002513,DaB11
s000001452,DaB11
s000001936,DaB13
s000004467,DaB13
s000004477,DaB13
s000002199,DaB13
s000009164,DaB13
s000003080,DaB13
s000001591,DaB13
s000009165,DaB13
s000004164,DaB13
s000009166,DaB17
s000000376,DaB17
s000007081,DaB17
s000006385,DaB17
s000005360,DaB17
s000003256,DaB17
s000002700,DaB17
s000009167,DaB17
s000001344,DaB19
s000002865,DaB19
s000003464,DaB19
s000005092,DaB19
s000001697,DaB19
s000002865,DaB20
s000003464,DaB20
s000005032,DaB20
s000000247,DaB20
s000001103,DaB20
s000004164,DaB20
s000000400,DaB20
s000000917,DaB21
s000004374,DaB21
s000003627,DaB21
s000002884,DaB21
s000005493,DaB21
s000000613,DaB21
s000000984,DaB21
s000001469,DaB21
s000001531,DaB21
s000002032,DaB21
s000002196,DaB21
s000002528,DaB21
s000003793,DaB21
s000005707,DaB21
s000005729,DaB21
s000006213,DaB21
s000003140,DaB21
s000000539,DaB21
s000004083,DaB21
s000004374,DaB23
s000000984,DaB23
s000003627,DaB23
s000004781,DaB23
s000005493,DaB23
s000004797,DaB23
s000000280,DaB23
s000001493,DaB28
s000009168,DaB28
s000000182,DaB28
s000009169,DaB28
s000004533,DaB28
s000006803,DaB28
s000009170,DaB28
s000005493,DaB28
s000002677,DaB29
s000009168,DaB29
s000000386,DaB29
s000005493,DaB29
s000004533,DaB29
s000001452,DaB29
s000005241,DaB29
s000004045,DaB30
s000004533,DaB30
s000004374,DaB30
s000005493,DaB30
s000009171,DaB30
s000009097,DaB30
s000001493,DaB32
s000000618,DaB32
s000001456,DaB32
s000004246,DaB32
s000009172,DaB32
s000000618,DaB32
s000004133,DaB33
s000009173,DaB33
s000009174,DaB33
s000005605,DaB33
s000009175,DaB33
s000006823,DaD10
s000000072,DaD10
s000001790,DAf10
s000009176,DAf10
s000009177,DAf10
s000009178,DAf10
s000001030,DaG3
s000001388,DaG3
s000002776,DaG6
s000000969,DaG6
s000003219,DaG6
s000000420,DaG6
s000004114,DaG6
s000001308,DaG6
s000009179,DaG6
s000007231,DaG6
s000009180,DaG6
s000002065,DaG6
s000005176,DaG10
s000005178,DaG10
s000002320,DaG10
s000006859,DaG10
s000005018,DaH1
s000009181,DaH1
s000004410,DaH1
s000009182,DaH1
s000006325,DaH1
s000000251,DaH1
s000000774,DaH1
s000000669,DaH2
s000009183,DaH2
s000004625,DaH2
s000001612,DaH2
s000002730,DaH2
s000005559,DaH2
s000003167,DaH2
s000009184,DaH2
s000005994,DAl10
s000009185,DAl10
s000009186,DAl10
s000001129,DAl10
s000001388,DAl10
s000001410,DAl10
s000006301,DAl10
s000009187,DAl10
s000009188,DAl10
s000009189,DAl10
s000000640,DaM1
s000003466,DaM1
s000004355,DaM1
s000002706,DaM3
s000001235,DaM3
s000000061,DaM3
s000006966,DaM3
s000006111,DaM3
s000001440,DaM3
s000003923,DaM3
s000003867,DaM4
s000003466,DaM4
s000006356,DaM4
s000004850,DaM4
s000009190,DaM4
s000002448,DaM4
s000007282,DaM5
s000006113,DaM6
s000009191,DaM6
s000002011,DaM6
s000004196,DaM6
s000001751,DaM6
s000001976,DaM6
s000003807,DaM6
s000004161,DaM6
s000007051,DaM6
s000004452,DaM7
s000006550,DaM7
s000004790,DaM7
s000002706,DaM10
s000003964,DaM10
s000006628,DaM10
s000004166,DaM10
s000000320,DaM10
s000001154,DaM15
s000001152,DaM15
s000002332,DaM15
s000004442,DaM15
s000009192,DaM15
s000009193,DaM15
s000004422,DaM30
s000006740,DaM30
s000002847,DaM30
s000005047,DaM30
s000007311,DaM30
s000006534,DaM30
s000006743,DaM30
s000003939,DaM30
s000004270,DaM30
s000000488,DaM30
s000009194,DaM35
s000004298,DaM35
s000002479,DaM35
s000009195,DAP10
s000009196,DAP10
s000009197,DAr10
s000009198,DAr10
s000000654,DaT10
s000005318,DaT10
s000006049,DaT10
s000006379,DaT10
s000001568,DaV1
s000000412,DaV1
s000004160,DaV1
s000000369,DaV1
s000006859,DaV1
s000006859,DaV1
s000000664,DAz5
s000003913,DAz5
s000004634,DAz5
s000002853,DAz5
s000009199,DAz5
s000001211,DAz5
s000009200,DAz5
s000009201,DAz5
s000009202,DAz5
s000001071,DAz6
s000003913,DAz6
s000009203,DAz6
s000001848,DAz6
s000009204,DAz6
s000009205,DAz6
s000009206,DAz6
s000002757,DAz21
s000001139,DAz21
s000000820,DAz21
s000001038,DAz21
s000002047,DAz21
s000003519,DAz21
s000005919,DAz23
s000009207,DAz23
s000002853,DAz23
s000000488,DAz23
s000001124,DAz23
s000009208,DAz23
s000004761,DAz23
s000005119,DAz23
s000004677,DAz35
s000000317,DAz35
s000002705,DAz35
s000002926,DAz35
s000004757,DAz35
s000001982,DAz35
s000000078,DAz35
s000009209,DAz35
s000009210,DAz35
s000000008,DAz35
s000000570,DAz35
s000001743,DAz35
s000006282,DAz35
s000009211,DAz35
s000002975,DBd10
s000003265,DBd10
s000009212,DBd10
s000009213,DBl10
s000004981,DBl10
s000001543,DBl10
s000003177,DBl10
s000005968,DBl15
s000009214,DBl20
s000001045,DBl20
s000009215,DBl20
s000009216,DBl20
s000000279,DBl24
s000005470,DBl24
s000008816,DBl24
s000009217,DBl24
s000003688,DBl24
s000004904,DBl24
s000009218,DBl24
s000003507,DBl24
s000009219,DBo6
s000009220,DBo6
s000007885,DBo6
s000007885,DBo10
s000009221,DBo10
s000007703,DBo10
s000007758,DBo10
s000009222,DBo10
s000009223,DBo10
s000007885,DBo12
s000002850,DBo12
s000001606,DBo12
s000002961,DBo12
s000009224,DBo12
s000008349,DBo12
s000007883,DBo15
s000007758,DBo15
s000009225,DBo15
s000009226,DBo15
s000006072,DBo15
s000005360,DBr5
s000001222,DBr5
s000004601,DBr10
s000009227,DBr10
s000009228,DBr10
s000000602,DBr10
s000003946,DBr10
s000004523,DBu10
s000003812,DBu10
s000009229,DbW10
s000002776,DBy1
s000002963,DBy2
s000002776,DBy2
s000004467,DBy4
s000009230,DBy4
s000002402,DBy4
s000003202,DBy4
s000006001,DBy4
s000006859,DBy10
s000006859,DBy10
s000009231,DBy10
s000005987,DBy10
s000004784,DBy10
s000006859,DBy10
s000002087,DCa5
s000009232,DCa5
s000004788,DCa5
s000009233,DCa5
s000001096,DCa10
s000006562,DCa10
s000002386,DCa10
s000009234,DCa10
s000003770,DCa10
s000009235,DCb10
s000002601,DCb10
s000009236,DCb10
s000000197,DCh10
s000000568,DCh10
s000009237,DCh10
s000009238,DCh10
s000003398,DCh10
s000005160,DCh10
s000006579,DCh15
s000009239,DCh15
s000005269,DCh15
s000001809,DCh25
s000005882,DCn10
s000000227,DCn10
s000009240,DCn10
s000009241,DCn10
s000009242,DCn12
s000009243,DCn12
s000009244,DCn12
s000009245,DCn12
s000009246,DCr10
s000009247,DCr14
s000006859,DCr14
s000004102,DCr15
s000004719,DCr15
s000003433,DCr15
s000006462,DCr17
s000005786,DCr17
s000000024,DCr17
s000005693,DCr17
s000009248,DCr17
s000006773,DCr18
s000002640,DCr18
s000005828,DCr18
s000001766,DCr18
s000001331,DCr18
s000002366,DCr18
s000005827,DCr19
s000003081,DCr19
s000005548,DCr19
s000002334,DCr20
s000001472,DCr20
s000002262,DCr20
s000003014,DCr22
s000003014,DCr22
s000009249,DCr22
s000007571,DCr25
s000001476,DCr25
s000001476,DCr25
s000002850,DCr25
s000005557,DCr25
s000009250,DCr25
s000008802,DCr25
s000006859,DCr25
s000003014,DCr30
s000003720,DCr30
s000008903,DCr35
s000002961,DCr35
s000007135,DCr35
s000009251,DCr35
s000000208,DCr35
s000003601,DCr37
s000007459,DCr37
s000009220,DCr37
s000002850,DCr37
s000002145,DCs1
s000000484,DCs1
s000009252,DCs1
s000005602,DCs1
s000001484,DCs1
s000009253,DCs1
s000001461,DCs1
s000003194,DCs1
s000003032,DCs1
s000005631,DCs1
s000004786,DCs10
s000003637,DCs10
s000001460,DCs10
s000006500,DCs10
s000006859,DCs10
s000009254,DCs10
s000009255,DCs10
s000009256,DCs10
s000005187,DCs12
s000000567,DCs12
s000001469,DCs12
s000007477,DCs12
s000004187,DCs12
s000002712,DCs12
s000004298,DCs30
s000005653,DCs30
s000000608,DCs30
s000006133,DCs30
s000000501,DCs30
s000001727,DCs30
s000006005,DCs30
s000000650,DCs30
s000002144,DCs30
s000006232,DCs30
s000005254,DCs30
s000004152,DCs30
s000005555,DCs30
s000006479,DCs30
s000003265,DCs30
s000000517,DCs30
s000002597,DCs30
s000000454,DCs30
s000002272,DCs30
s000000171,DCs30
s000000195,DCs30
s000000502,DCs30
s000001178,DCs30
s000001180,DCs30
s000001330,DCs30
s000001639,DCs30
s000002035,DCs30
s000002420,DCs30
s000002674,DCs30
s000002866,DCs30
s000003076,DCs30
s000009257,DCs30
s000003412,DCs30
s000003459,DCs30
s000003483,DCs30
s000003879,DCs30
s000004173,DCs30
s000004334,DCs30
s000004390,DCs30
s000004596,DCs30
s000005029,DCs30
s000005051,DCs30
s000005966,DCs30
s000006231,DCs30
s000009258,DCs30
s000006750,DCs30
s000004690,DDa10
s000005819,DDa10
s000000600,DDa10
s000000146,DDa10
s000009259,DDa10
s000002569,DDa10
s000000670,DDa10
s000004187,DDa10
s000005359,DDa10
s000004011,DDB10
s000009260,DDB10
s000005672,DDe10
s000009261,DDe10
s000003667,DDe10
s000005517,DDg10
s000005517,DDg13
s000009262,DDg13
s000009263,DDg13
s000008237,DDg13
s000007243,DDg13
s000009264,DDg13
s000009265,DDg13
s000006859,DDg13
s000009266,DDk10
s000009267,DDk10
s000009268,DDk10
s000009269,DDk10
s000009270,DDo20
s000009271,DDo20
s000009272,DDo20
s000009273,DDo20
s000009274,DDo20
s000009275,DDo20
s000007590,DDo25
s000009276,DDo25
s000009277,DDo25
s000000505,DDo25
s000009278,DDo25
s000009279,DdP10
s000006235,DDu10
s000000919,DDu10
s000002502,DDu10
s000009280,DDu10
s000002376,DDu15
s000004981,DDu15
s000006820,DDu15
s000009281,DDu15
s000001592,DdV1
s000001360,DdV1
s000009282,DdV1
s000006301,DdV2
s000001681,DdV2
s000001592,DdV2
s000006859,DdV2
s000004572,DdV4
s000001592,DdV4
s000000227,DdV4
s000006484,DdV4
s000009283,DdV4
s000009284,DDW10
s000009285,DDW10
s000004283,DDy10
s000009286,DDy10
s000001958,DDy10
s000009287,DDy10
s000009288,DDy10
s000008283,DeA10
s000009289,DeA10
s000006859,DeA10
s000002392,DeD18
s000002196,DeD18
s000002528,DeD18
s000009128,DeD18
s000001117,DeD18
s000000140,DeD18
s000006639,DeD18
s000005051,DeD18
s000002992,DeD18
s000006294,DeD18
s000001844,DeD18
s000002067,DeD18
s000003627,DeD30
s000002992,DeD30
s000001117,DeD30
s000004781,DeD30
s000007132,DeD30
s000000490,DeD30
s000000778,DeD30
s000000917,DeD30
s000001326,DeD30
s000001469,DeD30
s000002196,DeD30
s000002427,DeD30
s000002740,DeD30
s000003746,DeD30
s000003793,DeD30
s000004374,DeD30
s000005378,DeD30
s000005493,DeD30
s000005804,DeD30
s000005896,DeD30
s000006799,DeD30
s000005354,DeD40
s000004058,DeD40
s000000132,DeD40
s000000613,DeD42
s000000280,DeD42
s000000480,DeD42
s000004366,DeD42
s000001422,DeD42
s000005958,DeD42
s000003277,DeD42
s000009290,DeD42
s000009291,DeD42
s000005968,DeD50
s000001039,DeD50
s000004777,DeD50
s000005464,DeD50
s000002237,DeD50
s000009292,DeD50
s000005756,DeD50
s000003437,DeD57
s000009293,DeD57
s000002051,DeD60
s000000648,DeD60
s000001918,DeD60
s000005914,DeD60
s000009294,DeD60
s000000748,DeD60
s000000440,DeD60
s000002051,DeD62
s000002716,DeD62
s000001918,DeD62
s000001419,DeD62
s000003132,DeD62
s000003043,DeD62
s000001849,DeD62
s000003437,DeD65
s000000648,DeD65
s000003166,DeD65
s000008931,DeD65
s000005816,DeD65
s000009295,DeD65
s000001849,DeD65
s000006859,DeD75
s000006249,DeD75
s000006799,DeD75
s000006859,DeD75
s000006859,DeD75
s000006859,DeD75
s000006859,DeD75
s000002037,DeD77
s000004677,DeD77
s000009296,DeD77
s000001338,DeD77
s000009297,DeD77
s000009298,DeD77
s000004283,DeH10
s000009299,DeH10
s000000308,DeH10
s000005577,DeH10
s000005909,DeH10
s000000169,DeJ10
s000006665,DeJ10
s000005440,DeJ10
s000004526,DeJ10
s000009300,DeJ10
s000009301,DeJ28
s000008830,DeJ28
s000006072,DeJ28
s000009302,DeJ28
s000006859,DeJ28
s000009303,DeJ28
s000009304,DeJ28
s000009305,DeJ32
s000006072,DeJ32
s000009306,DeJ32
s000009307,DEl10
s000009308,DEl10
s000008723,DEl10
s000009309,DEl10
s000009310,DEl10
s000008720,DEl10
s000000648,DeM1
s000000574,DeM1
s000004271,DeM1
s000001106,DeM1
s000003904,DeM1
s000009311,DeM1
s000004805,DeM1
s000000876,DeM1
s000006327,DeM1
s000004475,DeM2
s000003954,DeM2
s000006501,DeM2
s000000006,DeM2
s000009312,DeM2
s000009313,DeM2
s000003123,DeM2
s000003744,DeM4
s000003023,DeM4
s000004891,DeM4
s000009314,DeM4
s000005333,DeM4
s000005651,DeM4
s000001493,DeM8
s000002936,DeM8
s000005129,DeM8
s000004634,DeM8
s000000027,DeM8
s000002392,DeM10
s000001493,DeM10
s000006826,DeM10
s000009315,DeM10
s000005532,DeM10
s000000232,DeM10
s000002975,DeM17
s000000076,DeM17
s000004658,DeM17
s000003466,DeM20
s000002707,DeM20
s000004587,DeM20
s000003293,DeM20
s000002798,DeM20
s000007255,DeM20
s000004544,DeM20
s000000270,DeM20
s000006122,DeM20
s000009316,DeM20
s000002551,DeM20
s000009317,DeR10
s000009318,DeR10
s000009319,DeR10
s000005683,DeR10
s000009320,DeR10
s000009321,DeR10
s000009322,DeS10
s000003455,DeS10
s000009323,DFg10
s000009015,DFg10
s000009324,DFg10
s000006564,DFi10
s000002742,DFi10
s000009325,DFi10
s000001421,DFi10
s000009326,DFi10
s000009327,DFi10
s000009328,DFi10
s000009329,DFi10
s000009330,DFi10
s000004965,DFi15
s000004794,DFi15
s000002139,DFi15
s000008322,DFi15
s000001681,DFi17
s000004882,DFi17
s000007480,DFi17
s000005626,DGi10
s000009331,DGi10
s000009332,DGi10
s000004837,DGi10
s000001191,DGr1
s000009333,DGr1
s000009334,DGr1
s000009335,DGr1
s000009336,DGr1
s000009337,DGr1
s000009328,DGr1
s000009338,DGr1
s000005083,DGr1
s000004038,DH5
s000000699,DH5
s000009339,DH5
s000005253,DH5
s000002392,DHa2
s000001695,DHa2
s000006229,DHa2
s000004429,DHa2
s000009340,DHa2
s000006859,DHa2
s000006859,DHa2
s000004298,DHa5
s000003600,DHa5
s000001271,DHa5
s000009341,DHa5
s000009023,DHa5
s000009342,DHa7
s000009343,DHa7
s000003871,DHa7
s000006036,DHa7
s000002595,DHa7
s000005241,DHa7
s000001520,DHe10
s000005989,DHe10
s000000443,DHe10
s000000609,DHe10
s000003044,DHe10
s000005725,DHe10
s000009344,DHg10
s000004682,DHi10
s000005739,DHi10
s000002802,DHi10
s000001852,DHL1
s000009345,DHL1
s000009346,DHL1
s000009347,DHL1
s000009348,DHL6
s000009349,DHL6
s000009350,DHL6
s000000183,DHL6
s000009351,DHL6
s000009352,DHL10
s000009353,DHL10
s000005562,DHL10
s000005563,DHL10
s000009354,DHL10
s000009355,DHL10
s000009356,DHL10
s000002039,DHo1
s000002871,DHo1
s000004572,DHo1
s000009357,DHo1
s000000567,DHo1
s000000388,DHo1
s000000223,DHo1
s000002000,DHo1
s000001203,DHo1
s000000120,DHo1
s000005556,DHo1
s000006797,DHo1
s000006469,DHo1
s000002414,DHo1
s000005349,DHo1
s000002774,DHo1
s000002871,DHo18
s000003907,DHo18
s000009358,DHo18
s000002357,DHo18
s000000834,DHo18
s000002072,DHo22
s000002871,DHo22
s000009359,DHo22
s000005989,DHo22
s000004903,DHo22
s000005047,DHo22
s000001771,DHo22
s000005692,DHo22
s000002683,DHr10
s000002710,DHr10
s000000348,DHr12
s000007194,DHr12
s000003504,DHr12
s000008545,DHr12
s000007881,DHr12
s000000975,DHx10
s000003533,DHx10
s000005470,DiK10
s000009360,DiK10
s000002961,DiK10
s000003222,DiK10
s000004021,DiK10
s000006848,DIl10
s000009361,DIl10
s000002710,DIr5
s000005939,DIr5
s000009362,DIr10
s000009363,DIr10
s000009364,DIr10
s000002386,DIr10
s000009365,DIr10
s000003046,DIr10
s000009366,DIr10
s000009367,DIr10
s000009368,DIr10
s000009369,DIr10
s000006383,DIr10
s000009370,DiS10
s000002333,DJR10
s000009371,DJR10
s000009372,DJR10
s000009373,DJR15
s000009374,DJR15
s000008001,DJR15
s000009375,DKl10
s000002075,DKl10
s000004881,DKl10
s000009376,DKl10
s000009377,DKl10
s000009378,DKl10
s000009379,DKl10
s000000104,DkP3
s000003612,DkP3
s000000545,DkP3
s000000284,DkP3
s000003215,DkP3
s000009380,DkP3
s000003151,DkP3
s000004298,DkP4
s000003167,DkP4
s000002713,DkP4
s000000548,DkP4
s000006859,DkP4
s000006859,DkP4
s000004298,DkP4
s000006452,DkP5
s000007931,DkP5
s000001808,DkP5
s000002969,DKu1
s000004278,DKu1
s000009381,DKu1
s000002969,DKu5
s000002969,DKu10
s000009382,DKu10
s000009383,DKu10
s000009384,DKu10
s000009385,DKu10
s000009386,DKu10
s000009387,DKu10
s000009388,DKu10
s000009389,DKu10
s000001307,DL1
s000004226,DL1
s000004264,DL1
s000000240,DL1
s000003100,DL1
s000006485,DL1
s000006657,DL1
s000002637,DL3
s000002571,DL3
s000001368,DL3
s000006849,DL3
s000006459,DL3
s000000929,DL3
s000003100,DL4
s000002915,DL4
s000002847,DL4
s000000929,DL4
s000005159,DL4
s000004264,DL5
s000004226,DL5
s000001377,DL5
s000007547,DL5
s000002821,DL5
s000006038,DL5
s000002959,DL5
s000005763,DL5
s000006038,DL5
s000004916,DL5
s000009390,DL5
s000006449,DL5
s000009391,DL5
s000003028,DL5
s000001113,DL5
s000009392,DL5
s000006148,DL5
s000007547,DL6
s000004555,DL6
s000006859,DL6
s000001669,DL6
s000006218,DL7
s000002915,DL7
s000005113,DL7
s000009393,DL7
s000001502,DL7
s000002897,DL7
s000009394,DL7
s000005272,DL9
s000004838,DL9
s000006218,DL9
s000003172,DL9
s000005708,DL9
s000009395,DL9
s000001827,DL9
s000003531,DL10
s000001507,DL10
s000004264,DL10
s000003531,DL10
s000002757,DL11
s000000706,DL11
s000007547,DL12
s000002680,DL12
s000002839,DL12
s000002687,DL12
s000001644,DL12
s000002879,DL12
s000004368,DL12
s000002761,DL12
s000006859,DL12
s000004752,DL13
s000005665,DL13
s000007547,DL13
s000009396,DL13
s000005092,DL13
s000003276,DL13
s000002680,DL13
s000005113,DL13
s000005083,DL13
s000009397,DL13
s000009398,DL13
s000009399,DL13
s000009400,DL13
s000009401,DL13
s000009402,DL13
s000009175,DL13
s000002499,DL13
s000009403,DL13
s000005665,DL14
s000001096,DL14
s000001050,DL14
s000005914,DL14
s000006305,DL14
s000007547,DL14
s000005272,DL14
s000001302,DL14
s000004231,DL15
s000004298,DL15
s000003124,DL15
s000004264,DL15
s000002915,DL15
s000004124,DL15
s000002070,DL15
s000001476,DL16
s000000324,DL16
s000000215,DL16
s000007547,DL16
s000002087,DL16
s000009404,DL16
s000009405,DL16
s000009406,DL16
s000009407,DL16
s000003045,DL16
s000008826,DL16
s000009408,DL16
s000009409,DL16
s000000393,DlB10
s000009410,DlB10
s000009411,DlB10
s000009412,DlB10
s000009413,DlB10
s000009414,DlB10
s000009415,DlB10
s000009416,DlB10
s000004977,DLD10
s000001543,DLD10
s000005185,DLD10
s000000262,DLD10
s000001482,DLD10
s000003550,DLD10
s000009417,DLD10
s000009418,DLD10
s000009419,DLD10
s000003521,DLD10
s000009420,DLD10
s000009421,DLD10
s000009422,DLD10
s000003690,DLe1
s000009423,DLe2
s000009424,DLe2
s000009425,DLe2
s000009426,DLe2
s000009427,DLi10
s000009266,DLi10
s000004993,DLi13
s000009428,DLi13
s000008719,DLi13
s000009429,DLi13
s000009430,DLi13
s000009431,DLi13
s000009432,DLi13
s000009433,DLi13
s000009434,DLi13
s000002308,DLo10
s000006686,DLo10
s000005185,DLo10
s000004076,DLo10
s000005240,DLo10
s000005714,DLo13
s000004187,DLo13
s000009435,DLo13
s000009436,DLo13
s000006859,DLo13
s000000312,DLo19
s000007951,DLo19
s000001154,DLo19
s000006859,DLo19
s000006859,DLo19
s000006859,DLo19
s000001618,DLR3
s000009437,DLR3
s000009438,DLR3
s000000225,DLR3
s000004096,DLR4
s000005542,DLR4
s000006302,DLR5
s000002067,DLR5
s000004317,DLR5
s000000481,DLR5
s000004187,DLR5
s000001728,DLR5
s000002448,DLR5
s000005957,DLR5
s000001538,DLR10
s000009439,DLR10
s000003279,DLR10
s000003407,DLR10
s000006452,DLR10
s000000061,DLR10
s000000123,DLR10
s000001463,DLR10
s000005157,DLR10
s000006317,DLR10
s000004062,DLR10
s000009440,DLR15
s000001355,DLR15
s000000233,DLR15
s000009441,DLu10
s000009442,DLu10
s000009443,DLv10
s000009278,DLv10
s000006859,DLv10
s000009444,DLv10
s000004499,DLy1
s000005965,DLy1
s000002975,DLy2
s000002868,DLy2
s000002272,DLy2
s000000321,DLy2
s000003128,DLy2
s000002798,DLy2
s000001841,DLy2
s000009445,DLy2
s000000164,DLy5
s000001966,DLy5
s000004933,DLy5
s000001686,DLy5
s000005989,DLy5
s000003892,DLy5
s000006439,DLy5
s000005979,DLy5
s000003128,DLy5
s000005970,DLy5
s000003834,DLy8
s000008066,DLy8
s000001577,DLy8
s000002871,DLy8
s000005989,DLy8
s000003502,DLy8
s000009321,DLy8
s000001686,DLy8
s000003834,DLy10
s000009446,DLy10
s000004498,DLy10
s000006092,DLy10
s000001074,DLy10
s000003537,DLy10
s000004723,DLy10
s000000679,DLy10
s000008381,DLy12
s000001396,DLy12
s000001577,DLy12
s000003440,DLy12
s000008066,DLy12
s000005895,DLy12
s000006859,DLy12
s000008380,DLy18
s000009447,DLy18
s000002261,DLy18
s000001913,DLy21
s000006859,DLy21
s000005858,DLy21
s000000838,DLZ10
s000008167,DLZ10
s000009448,DLZ10
s000009449,DLZ10
s000009450,DLZ10
s000009451,DLZ10
s000000371,DM100
s000004096,DM100
s000001264,DM100
s000007635,DM101
s000002046,DM101
s000009452,DM101
s000004500,DM101
s000009453,DM101
s000006383,DM200
s000004059,DM200
s000000979,DM200
s000004139,DM230
s000004617,DM230
s000009454,DM230
s000000111,DMa10
s000008178,DMa10
s000008178,DMa13
s000003858,DMa13
s000005594,DMa20
s000002234,DMa20
s000009455,DMa20
s000009456,DMa20
s000003974,DMa20
s000009457,DMa20
s000002685,DMa21
s000009457,DMa21
s000009458,DMa21
s000009459,DMa21
s000009460,DMa21
s000003503,DMc1
s000001050,DMc1
s000009461,DMc1
s000002887,DMc1
s000009222,DMc1
s000009462,DMc1
s000005737,DMc1
s000009463,DMD35
s000005186,DMD35
s000003853,DMD35
s000002168,DMD35
s000001324,DMD35
s000001377,DMD35
s000003913,DMD40
s000001822,DMD40
s000006038,DMD40
s000005469,DMD40
s000000622,DMD40
s000006071,DMD40
s000005834,DMD40
s000006257,DMD40
s000003169,DMD40
s000009464,DMD40
s000000270,DMD40
s000003675,DMD40
s000006859,DMD40
s000009041,DMD50
s000006082,DMD50
s000002364,DMD50
s000000202,DMD50
s000003590,DMD50
s000007869,DMD50
s000004416,DMD50
s000009465,DME10
s000000093,DME10
s000003561,DME10
s000009466,DME10
s000003133,DME10
s000006859,DME10
s000009467,DME10
s000006859,DME10
s000009468,DME10
s000009469,DME13
s000009470,DME13
s000004510,DME13
s000009471,DME13
s000009472,DME13
s000006860,DME13
s000006860,DME13
s000009473,DMH10
s000009474,DMH10
s000009475,DMH10
s000009476,DMH10
s000003524,DMH10
s000009477,DMH10
s000003005,DMH10
s000009478,DMH10
s000009479,DMH15
s000009480,DMH15
s000009481,DMH15
s000003985,DMi15
s000003984,DMi15
s000004004,DMi15
s000000602,DMi15
s000009482,DMi15
s000004313,DMi15
s000003983,DMi15
s000006393,DMi15
s000009483,DMi15
s000000834,DMi15
s000001255,DMi15
s000000104,DMi25
s000002405,DMi25
s000001189,DMi25
s000009484,DMi25
s000004358,DMi25
s000000599,DMi25
s000004578,DMi25
s000005265,DMi25
s000000284,DMi25
s000003051,DMi25
s000001326,DMi27
s000005620,DMi27
s000009485,DMi27
s000005130,DMi27
s000004837,DMi27
s000001210,DMi27
s000003706,DMi27
s000009065,DMi27
s000008858,DMi27
s000009486,DMi27
s000000743,DMi27
s000004587,DMi28
s000002233,DMi28
s000005213,DMi28
s000009487,DMi28
s000009488,DMi28
s000005011,DMi28
s000001493,DMi30
s000004090,DMi30
s000002228,DMi30
s000002637,DMi30
s000003769,DMi30
s000003955,DMi30
s000006683,DMi30
s000004824,DMi30
s000000286,DMi30
s000002706,DMi32
s000002228,DMi32
s000004234,DMi32
s000002448,DMi32
s000001696,DMi32
s000002192,DMi32
s000001679,DMi35
s000005423,DMi35
s000003187,DMi35
s000004021,DMi35
s000005115,DMi35
s000003279,DMi35
s000004655,DMi35
s000005473,DMi45
s000003466,DMi45
s000002237,DMi45
s000002413,DMi45
s000009489,DMl10
s000009490,DMl10
s000009491,DMl10
s000009492,DMl10
s000008972,DMl10
s000006860,DMl10
s000006860,DMl10
s000006860,DMl10
s000004338,DmM10
s000009493,DmM10
s000002460,DmM10
s000008210,DmM10
s000009494,DmM10
s000002580,DmM10
s000009495,DmM10
s000009496,DmM10
s000007524,DmM10
s000009497,DMk10
s000009498,DMk10
s000009499,DMk10
s000009500,DMk10
s000009501,DMk10
s000006884,DMk10
s000009502,DMu4
s000009503,DMu4
s000009504,DMu4
s000005347,DMu10
s000009505,DMu10
s000009506,DMy10
s000009071,DmS1
s000009507,DmS1
s000009508,DnB10
s000008260,DnB10
s000009509,DnD10
s000009510,DnH30
s000006221,DnR10
s000009511,DoC7
s000005336,DoC10
s000005779,DoC10
s000006235,DoC10
s000000116,DoC10
s000004268,DoC10
s000003734,DoC10
s000002570,DoC10
s000005542,DoH10
s000005990,DoH10
s000004068,DoH10
s000004578,DoH10
s000009512,DoH10
s000007943,DoH10
s000009513,DOR10
s000009514,DOR10
s000003576,DoS8
s000009515,DoS8
s000005291,DoS8
s000001661,DoS8
s000002417,DoS8
s000009516,DoS8
s000003576,DoS9
s000009515,DoS9
s000003425,DoS9
s000007797,DoS9
s000009517,DoS9
s000006706,DoS9
s000009516,DoS9
s000005513,DoS12
s000005205,DoS12
s000002754,DoS12
s000002597,DoS12
s000005018,DoS16
s000009518,DoS16
s000004264,DoS16
s000005000,DoS16
s000009519,DoS16
s000009041,DoS16
s000004948,DoS16
s000006601,DoS16
s000009520,DoS16
s000003233,DoS16
s000007848,DoS16
s000009521,DoS16
s000009522,DoS16
s000002014,DoW50
s000009523,DoW50
s000006859,DoW50
s000006859,DoW50
s000009524,DoW51
s000005998,DoW51
s000004209,DoW51
s000009525,DoW51
s000001802,DoW51
s000009526,DoW51
s000009527,DoW51
s000009525,DoW51
s000001301,DoW80
s000006282,DoW80
s000001007,DoW80
s000006859,DoW80
s000002910,DoW81
s000009528,DoW81
s000003097,DoW81
s000004468,DoW81
s000009529,DoW81
s000009530,DoW81
s000005262,DoW81
s000006569,DoW82
s000006859,DoW82
s000005793,DoW82
s000002865,DoW95
s000000317,DoW95
s000004036,DoW95
s000006235,DoW95
s000009531,DoW95
s000001532,DoW95
s000000284,DoW95
s000006726,DoW95
s000005498,DoW95
s000003349,DoW97
s000009532,DoW97
s000003468,DoW97
s000009533,DoW97
s000003221,DoW97
s000003464,DoW97
s000003610,DoW97
s000009534,DoW97
s000009535,DoW97
s000005277,DoW97
s000000261,DoW97
s000002501,DoW120
s000001513,DoW120
s000009536,DoW120
s000006859,DoW120
s000006859,DoW120
s000009537,DoW120
s000004341,DoW130
s000009538,DPa10
s000009539,DPa10
s000009540,DPa10
s000006096,DpM10
s000001343,DpM10
s000002036,DpM10
s000002419,DpM10
s000000276,DpM13
s000009541,DpM13
s000009542,DpM13
s000006859,DpM13
s000002735,DPo2
s000002181,DPo4
s000002181,DPo7
s000001478,DPo7
s000006055,DPo7
s000005907,DPo7
s000000992,DPo7
s000003878,DPo7
s000006613,DPo7
s000005906,DPo7
s000001126,DPo7
s000002735,DPo7
s000001042,DPo7
s000006859,DPo7
s000005477,DPo7
s000004361,DPo7
s000002140,DPo7
s000009543,DPo7
s000004123,DPo7
s000000660,DPo7
s000001250,DPo7
s000005412,DPo7
s000002001,DPo15
s000006859,DPo15
s000006859,DPo15
s000006859,DPo15
s000006859,DPo15
s000006859,DPo15
s000006859,DPo15
s000006859,DPo15
s000006859,DPo15
s000006859,DPo15
s000006859,DPo15
s000006859,DPo15
s000006859,DPo15
s000006859,DPo15
s000006859,DPo15
s000006859,DPo15
s000000374,DPs10
s000004676,DPs10
s000009544,DPs10
s000009545,DPs10
s000001764,DPs10
s000008417,DPs13
s000006564,DPs13
s000006997,DPs13
s000005662,DPs13
s000006859,DPs13
s000005366,DPs13
s000009546,DPs13
s000006859,DPs13
s000006859,DPs13
s000006859,DPs13
s000004986,DPt2
s000004145,DPt2
s000001519,DPt2
s000001519,DPt2
s000005519,DPt2
s000001631,DPt2
s000009547,DPt2
s000002370,DPt2
s000003075,DPt6
s000002657,DPt6
s000003540,DPt6
s000006077,DPt6
s000005002,DPt6
s000000582,DPt6
s000001827,DPt6
s000007848,DPt6
s000002053,DPt6
s000003570,DPt6
s000009548,DPt6
s000009549,DPt6
s000002770,DPt16
s000000076,DPt16
s000002770,DPt17
s000000076,DPt17
s000007254,DPt19
s000001692,DPt19
s000001763,DPt19
s000003143,DPt19
s000007795,DPt19
s000000076,DPt19
s000000456,DPt19
s000006743,DPt19
s000002770,DPt19
s000004559,DPt21
s000002452,DPt21
s000000225,DPt21
s000006453,DPt21
s000007041,DPt21
s000005375,DPt23
s000003484,DPt23
s000002406,DPt23
s000001263,DPt23
s000002542,DPt23
s000006877,DPt30
s000005331,DPt30
s000009550,DPt30
s000009551,DPt30
s000009552,DPt30
s000009553,DPt30
s000001965,DPt30
s000009554,DPt30
s000007458,DPt30
s000009555,DPt33
s000009556,DPt33
s000009557,DPt33
s000001827,DPt33
s000009558,DPt33
s000009559,DPt33
s000009560,DPt33
s000009561,DPt33
s000009562,DPt33
s000009563,DPt33
s000003612,DPt35
s000004021,DPt35
s000009564,DPt35
s000004187,DPt35
s000006859,DPt36
s000004103,DPt36
s000008380,DPt36
s000004965,DPt36
s000006453,DPt36
s000003612,DPt37
s000004021,DPt37
s000003612,DPt39
s000004021,DPt41
s000005470,DPt41
s000003222,DPt41
s000009360,DPt41
s000000812,DPt42
s000009565,DPt42
s000000877,DPt42
s000000501,DPt42
s000005670,DPt42
s000002934,DPt42
s000009566,DPt42
s000009567,DPt42
s000004298,DRi10
s000005127,DRi10
s000003013,DRi10
s000004233,DRi10
s000006850,DRi10
s000004046,DRi10
s000005882,DRi10
s000002511,DRi14
s000001555,DRi14
s000002796,DRi14
s000006439,DRi14
s000002850,DRi14
s000000683,DRi14
s000005693,DRi20
s000001434,DRi20
s000004530,DRi20
s000002730,DRi20
s000009568,DRi20
s000004234,DrH10
s000001875,DrH10
s000009569,DrH10
s000004059,DrH10
s000000979,DrH10
s000009570,DrH10
s000001658,DrH10
s000007524,DRo10
s000009571,DRo10
s000009360,DRo10
s000003761,DRo10
s000009572,DRu10
s000007144,DRu10
s000005978,DRu15
s000007597,DRu15
s000000070,DRu15
s000006227,DRu15
s000009573,DRu15
s000009447,DRu15
s000004350,DRu15
s000005626,DRu15
s000003624,DRu15
s000009574,DRz10
s000009575,DRz10
s000009576,DRz10
s000009577,DRz10
s000005167,DS5
s000003666,DS5
s000009578,DS5
s000001325,DS5
s000004000,DS5
s000005946,DS5
s000009579,DS5
s000002427,DS6
s000003746,DS6
s000003747,DS6
s000008863,DS6
s000003022,DS6
s000001018,DS6
s000005713,DS6
s000004298,DS8
s000002431,DS8
s000000470,DS8
s000009580,DS8
s000003377,DS8
s000009581,DS8
s000005080,DS8
s000009582,DS8
s000006859,DS8
s000003793,DS9
s000001155,DS9
s000003047,DS9
s000001719,DS9
s000004064,DS13
s000006809,DS13
s000002221,DS13
s000001657,DS13
s000003123,DS13
s000009583,DS13
s000009584,DS13
s000002334,DS13
s000005167,DS23
s000003982,DS23
s000001003,DS23
s000002491,DS23
s000001609,DS23
s000006645,DS28
s000002881,DS28
s000005548,DS28
s000008101,DS28
s000002221,DS28
s000005816,DS28
s000001778,DS30
s000004774,DS30
s000002648,DS30
s000001778,DS32
s000002479,DS32
s000005527,DS32
s000006400,DS32
s000004297,DS32
s000004021,DS33
s000000299,DS33
s000001918,DS33
s000005351,DS33
s000006400,DS33
s000004617,DS33
s000001948,DS33
s000006552,DS35
s000005968,DS35
s000000748,DS36
s000005221,DS36
s000007311,DS36
s000001413,DS36
s000003866,DS36
s000004617,DS36
s000001778,DS37
s000004102,DS37
s000009585,DS37
s000005240,DS38
s000009586,DS38
s000004587,DS38
s000006601,DS38
s000003866,DS38
s000000013,DS38
s000001778,DS39
s000001763,DS39
s000005548,DS39
s000009587,DS39
s000004221,DS40
s000006453,DS40
s000006235,DS40
s000009588,DS40
s000001820,DS40
s000004552,DS49
s000002284,DS49
s000009589,DS49
s000001778,DS50
s000004521,DS50
s000009590,DS50
s000006859,DS50
s000009591,DSa10
s000006859,DSa10
s000006859,DSa10
s000006859,DSa10
s000009592,DSa10
s000006859,DSa10
s000006859,DSa10
s000006859,DSa10
s000009593,DSa10
s000009594,DSa10
s000006859,DSa10
s000009595,DSa10
s000001895,DSc10
s000005534,DSc10
s000001806,DSc10
s000005943,DSc10
s000009320,DSc10
s000003310,DSh10
s000005006,DSh10
s000000972,DSh10
s000009596,DSh10
s000008220,DSh10
s000003798,DSk32
s000006859,DSk32
s000000207,DSk32
s000006666,DSk32
s000006230,DSk32
s000006859,DSk32
s000006655,DSk38
s000009597,DSk38
s000002936,DSk44
s000001039,DSk48
s000004786,DSk48
s000008759,DSk48
s000009598,DSk48
s000004405,DSk48
s000009599,DSk48
s000002117,DSk48
s000005614,DSk48
s000006799,DSk49
s000002936,DSk49
s000004358,DSk49
s000005443,DSk49
s000003413,DSk49
s000004791,DSk49
s000001018,DSk49
s000009600,DSk49
s000000484,DSk50
s000009130,DSk50
s000007085,DSk50
s000009601,DSk50
s000004895,DSk50
s000009602,DSk50
s000001452,DSk50
s000002936,DSk51
s000005877,DSk54
s000000280,DSk54
s000002936,DSk54
s000003887,DSk54
s000003238,DSk54
s000006677,DSk54
s000002936,DSk58
s000000706,DSk62
s000000104,DSk62
s000005401,DSk62
s000009603,DSk62
s000002228,DSk66
s000005067,DSk66
s000009604,DSk66
s000006806,DSk66
s000003869,DSk66
s000005877,DSk67
s000003887,DSk67
s000000984,DSk67
s000002936,DSk67
s000004220,DSk67
s000009605,DSk67
s000001643,DSk67
s000006859,DSk67
s000006859,DSk67
s000006302,DSk69
s000004346,DSk69
s000009606,DSk69
s000001520,DSk69
s000002228,DSk69
s000006859,DSk69
s000004678,DSk69
s000000071,DSk69
s000009607,DSk69
s000004263,DSm10
s000006799,DSm10
s000001808,DSm10
s000003880,DSm10
s000004697,DSm10
s000004180,DSm10
s000001338,DSm10
s000004358,DSm10
s000001265,DSm10
s000005240,DSt10
s000001425,DSt10
s000001948,DSt10
s000001659,DSt10
s000000219,DSt10
s000002991,DSt10
s000004346,DSt10
s000006859,DSu20
s000009608,DSu20
s000004603,DSW1
s000006729,DSW1
s000007666,DSW15
s000009217,DSW18
s000009609,DSW18
s000009610,DSW18
s000009611,DSW18
s000005895,DSW18
s000001576,DSW18
s000003858,DSW18
s000009612,DSW18
s000009613,DSW18
s000009614,DSW18
s000009615,DSW18
s000006954,DTa100
s000006150,DTa100
s000004100,DTa102
s000009616,DTa102
s000009617,DTa103
s000006859,DTa103
s000006859,DTa103
s000001827,DTa104
s000009618,DTa104
s000002817,DTa104
s000009619,DTa104
s000006859,DTa104
s000006859,DTa104
s000006859,DTa104
s000006859,DTa104
s000002222,DTa105
s000004166,DTa105
s000009620,DTa106
s000007631,DTa106
s000004197,DTa106
s000007413,DTa150
s000009621,DTa150
s000009622,DTa150
s000002966,DTa150
s000001796,DTa150
s000003982,DTa210
s000003982,DTa210
s000005187,DTa210
s000001365,DTa210
s000000219,DTa210
s000003619,DTa210
s000003466,DTa211
s000006818,DTa211
s000001460,DTa211
s000002839,DTa212
s000002395,DTa212
s000000273,DTa212
s000009623,DTa212
s000001679,DTa215
s000005693,DTa215
s000001908,DTa215
s000007795,DTa215
s000009624,DTa215
s000001760,DTa215
s000009625,DTa220
s000005083,DTa220
s000009626,DTa220
s000002272,DTa220
s000007442,DTa220
s000005083,DTa221
s000009626,DTa221
s000002272,DTa221
s000007442,DTa221
s000005083,DTa222
s000009626,DTa222
s000002272,DTa222
s000007442,DTa222
s000001576,DTr3
s000005007,DTr3
s000005284,DTr3
s000006423,DTr3
s000006765,DTr10
s000006462,DTr10
s000002027,DTr10
s000005341,DTr10
s000005692,DTw10
s000005754,DTw10
s000006859,DTw10
s000006859,DTw10
s000002716,DuC10
s000003531,DuC10
s000003785,DuC10
s000001859,DuC10
s000001551,DuC10
s000004574,DuC10
s000009627,DuC10
s000004807,DuC10
s000005180,DuC10
s000008550,DuC10
s000006284,DuC10
s000000168,DuM5
s000003150,DuM5
s000004738,DuM5
s000008136,DuM8
s000005549,DuM8
s000005329,DuM10
s000005549,DuM10
s000003292,DuM10
s000009628,DuM20
s000009629,DuM20
s000009630,DuM20
s000009631,DuM20
s000006859,DuM20
s000000101,DuN2
s000004005,DuN2
s000005459,DuN2
s000005177,DuN2
s000001679,DuN2
s000004856,DuN2
s000009632,DuW10
s000002813,DuW10
s000002825,DuW10
s000004930,DuW10
s000004471,DuW10
s000009633,DuW10
s000003762,DuW10
s000009634,DvD10
s000009635,DvD10
s000009636,DvD10
s000009637,DvD10
s000009638,DvF10
s000009639,DvF10
s000001928,DvF10
s000000323,DvF10
s000009640,DvF10
s000009641,DvF10
s000006859,DvF10
s000006859,DvF10
s000009642,DvH10
s000009643,DvH10
s000002276,DvH10
s000001557,DvJ1
s000002617,DvJ1
s000000301,DvJ1
s000003834,DvJ6
s000002868,DvJ6
s000009644,DvJ6
s000009645,DvJ6
s000007442,DvJ6
s000008271,DvJ6
s000008903,DvR10
s000009646,DvR10
s000005318,DvR10
s000009647,DvR10
s000006513,DvR10
s000003537,DvR10
s000004818,DvR10
s000009648,DvR10
s000009649,DvR10
s000009650,DvR10
s000006026,DvR10
s000009651,DvR10
s000009652,DvR10
s000009653,DvR10
s000009654,DvR10
s000009655,DvR10
s000006150,DVs1
s000002726,DVs1
s000004263,DvS3
s000004263,DvS3
s000004677,DvS3
s000003235,DvS3
s000005434,DvS3
s000004193,DvS3
s000000979,DvS3
s000000353,DvS3
s000004544,DvS3
s000004085,DvS3
s000003419,DvS3
s000004415,DvS10
s000006337,DvS10
s000003585,DvS10
s000009656,DvS10
s000009657,DvS10
s000009657,DvS10
s000004018,DvS10
s000004454,DvW10
s000003556,DvW10
s000005871,DvW10
s000004534,DWa10
s000003164,DWa10
s000009658,DWa10
s000003431,DWa10
s000009659,DWG02
s000009659,DWG03
s000005014,DWG8
s000006859,DWG8
s000009660,DWG11
s000000213,DWG11
s000003548,DWG11
s000009661,DWG11
s000004946,DWG15
s000009662,DWG15
s000009663,DWG15
s000009664,DWG29
s000003946,DWG49
s000002300,DWG49
s000009665,DWG49
s000006492,DWG49
s000009666,DWG49
s000009667,DWG49
s000009668,DWG49
s000006067,DWG50
s000006492,DWG50
s000009666,DWG50
s000009667,DWG50
s000003946,DWG50
s000009665,DWG50
s000009669,DWG50
s000002300,DWG50
s000002300,DWG51
s000003946,DWG51
s000009670,DWG51
s000002300,DWG52
s000003946,DWG52
s000009665,DWG52
s000003754,DWG52
s000006715,DWG52
s000004789,DWG52
s000006087,DWG52
s000003659,DWG52
s000004762,DWG52
s000009669,DWG52
s000003960,DWG52
s000009671,DWG52
s000001256,DWG52
s000008441,DWG52
s000002300,DWG55
s000009665,DWG55
s000002300,DWG57
s000001338,DWG57
s000000383,DWG57
s000002897,DWG57
s000009672,DWG57
s000002300,DWG58
s000002628,DWG58
s000009673,DWG58
s000002300,DWG64
s000000383,DWG64
s000005710,DWG64
s000002531,DWG64
s000009674,DWG64
s000005690,DWG64
s000009675,DWG67
s000009676,DWG67
s000005567,DWG67
s000009643,DWG67
s000000603,DWG67
s000009677,DWG67
s000005066,DWG67
s000002531,DWG67
s000006754,DWG67
s000002567,DWG71
s000009678,DWG71
s000001553,DWG71
s000000379,DWG71
s000001553,DWG72
s000002567,DWG72
s000009679,DWG72
s000009680,DWG72
s000004946,DWG75
s000002171,DWG75
s000009681,DWG80
s000004193,DWG80
s000002571,DWG80
s000009682,DWG80
s000003237,DWG80
s000005318,DWG80
s000000725,DWi10
s000001866,DWi10
s000005111,DWi10
s000001262,DWi10
s000004315,DWi10
s000009683,DWl10
s000009684,DWl10
s000000492,DWr10
s000003108,DWr10
s000001597,DWr10
s000005786,DWr10
s000006511,DWr10
s000009685,DzJ10
s000007666,DZo10
s000005731,DZo10
s000009686,DZo10
s000003943,DZo10
s000009687,DZo10
s000004578,DZu12
s000006855,DZu12
s000006855,DZu12
s000003279,DZu12
s000005768,DZu12
s000005039,DZu12
s000002379,DZu12
s000009688,DZu12
s000009689,DZu12
s000009690,DZu12
s000009691,DZu12
s000009692,DZu12
s000009693,DZu12
s000008876,DZu12
s000009694,DZu12
s000006859,DZu12
s000002174,DZu12
s000006579,DZu12
s000006843,DZu12
s000001726,DZu12
s000009695,DZu12
s000003133,DZu12
s000009696,DZu12
s000003057,EAD10
s000001571,EAD10
s000009697,EAD10
s000009698,EAD10
s000003531,EaK8
s000003780,EaK8
s000000187,EaK8
s000009699,EaK8
s000002994,EaK8
s000004634,EaK10
s000003717,EaK10
s000000570,EaK10
s000009700,EaK10
s000009701,EaK10
s000009702,EaK10
s000003896,EaK10
s000009703,EaK10
s000009704,EaK10
s000006607,EaK10
s000003257,EaK30
s000001182,EaK30
s000009705,EaK30
s000009706,EaK30
s000002532,EaK30
s000000002,EaK50
s000001295,EaK50
s000002199,EaK50
s000008866,EaK50
s000003377,EaK50
s000004999,EaK50
s000001305,EaK50
s000000470,EaK50
s000006644,EaK50
s000002342,EaK50
s000000002,EaK51
s000001295,EaK51
s000009207,EaK51
s000009707,EaK51
s000004783,EaK51
s000000794,EaK51
s000001545,EaK51
s000001858,EaK51
s000005952,EaK60
s000001044,EaK60
s000000970,EaK60
s000004670,EaK60
s000000028,EaK60
s000009708,EaK60
s000002333,EAr10
s000003234,EAr10
s000005819,EAr10
s000006644,EAr10
s000008013,EAr10
s000008014,EAr10
s000009709,EAr10
s000006859,EAr10
s000004221,EAr12
s000009710,EAr12
s000005283,EAr12
s000009711,EAr12
s000001785,EAr12
s000009712,EAr12
s000009713,EAr12
s000009714,EAr12
s000009715,EAr12
s000009716,EAr12
s000009717,EAr12
s000009718,EAy10
s000009719,EAy10
s000009720,EAy10
s000009721,EBe5
s000009722,EBe5
s000009723,EBe5
s000004646,EBe5
s000005474,EBe5
s000006086,EBe5
s000009724,EBe5
s000000603,EBe5
s000001475,EBe7
s000009725,EBe7
s000009726,EBe7
s000009727,EBe7
s000006327,EBe7
s000002543,EBe10
s000006026,EBe10
s000006463,EBe10
s000009728,EBe10
s000002351,EBe10
s000009729,EBe30
s000009721,EBe30
s000009722,EBe30
s000009730,EBe30
s000009731,EBe30
s000009732,EBe30
s000006859,EBe30
s000009729,EBe32
s000009721,EBe32
s000009722,EBe32
s000009733,EBe32
s000009730,EBe32
s000004784,EBe32
s000000280,EBi10
s000002203,EBi10
s000005898,EBi10
s000001823,EBi10
s000000187,EBS30
s000006785,EBS30
s000000749,EBS30
s000005020,EBS30
s000000439,EBS30
s000000196,EBS50
s000006785,EBS50
s000000867,EBS50
s000005203,EBS50
s000009734,EBS50
s000003110,EBS50
s000009735,EBS50
s000002024,EBS50
s000000196,EBS90
s000004355,EBS90
s000006860,EBS90
s000003099,EBS90
s000004115,EBS90
s000009736,EBu5
s000009737,EBu8
s000001606,EBu8
s000009738,EBu8
s000003870,EBu8
s000009736,EBu8
s000009739,EBu8
s000006859,EBu8
s000002284,EBu8
s000008237,EBu8
s000009610,EBu10
s000002501,EBy10
s000001513,EBy10
s000009536,EBy10
s000009740,EBy10
s000009741,EBy10
s000002295,EBy10
s000006142,EBy10
s000000970,EBy10
s000009742,EBy10
s000009743,EBy10
s000009744,EBy10
s000001365,EBy20
s000004283,EBy20
s000002211,EBy20
s000000562,EBy20
s000009745,EBy20
s000002771,EBy20
s000004267,EBy20
s000009746,EBy20
s000004090,EBy20
s000000648,EBy22
s000000233,EBy22
s000000698,EBy22
s000007726,EBy22
s000004601,EBy22
s000004234,EBy22
s000004262,EBy22
s000001873,EBy22
s000002591,EBy22
s000001266,EBy22
s000003984,EBz30
s000003983,EBz30
s000003985,EBz30
s000001734,EBz30
s000005257,EBz30
s000000302,EBz30
s000000182,EBz30
s000004879,EBz30
s000001943,EBz30
s000003984,EBz35
s000003983,EBz35
s000003985,EBz35
s000000978,EBz35
s000003636,EBz35
s000003336,EBz35
s000009747,EBz35
s000009748,EBz35
s000005936,EBz46
s000009749,EBz46
s000005183,EBz46
s000006733,EBz46
s000009750,EBz46
s000006676,EBz60
s000004317,EBz60
s000008336,EBz60
s000009751,EBz60
s000004046,EBz60
s000002209,EBz60
s000005785,EBz60
s000006806,EBz60
s000009752,ECa62
s000007063,ECa62
s000006198,ECa64
s000004344,ECa64
s000001252,ECa65
s000009753,ECa65
s000001209,ECa65
s000003106,ECa65
s000009754,ECa65
s000006045,ECa65
s000005428,ECh10
s000009755,ECh10
s000001036,ECl10
s000001151,ECl10
s000004165,ECl10
s000005102,ECl10
s000003221,ECn166
s000001989,ECn167
s000006859,ECn167
s000006859,ECn167
s000006859,ECn167
s000006053,ECn167
s000004193,ECn167
s000004797,ECn167
s000002912,ECn167
s000001989,ECn168
s000006600,ECn168
s000000884,ECn168
s000002044,ECn168
s000001648,ECn168
s000002565,ECn168
s000004164,ECn168
s000004694,ECn177
s000003101,ECn177
s000004670,ECn177
s000009756,ECn177
s000001044,ECn177
s000002912,ECn177
s000005144,ECn177
s000000793,ECn177
s000002276,ECn177
s000004797,ECn177
s000001230,ECn177
s000000390,ECn177
s000009757,ECn177
s000009758,ECn177
s000002490,EdC10
s000006500,EdC10
s000009759,EdC10
s000001104,EdC10
s000005000,EdC10
s000001024,EdC10
s000000013,EdC10
s000006891,EdE10
s000009760,EDF10
s000009761,EDi12
s000002671,EDi12
s000000846,EDi12
s000009762,EDi12
s000009763,EDi12
s000009325,EDi12
s000009764,EDi12
s000009765,EDi14
s000009766,EDi14
s000009481,EDi14
s000009767,EDi14
s000005009,EDi14
s000009768,EDi14
s000000735,EdK10
s000009769,EdK10
s000009770,EdK10
s000009771,EdK10
s000000735,EdK15
s000009769,EdK15
s000009770,EdK15
s000009771,EdK15
s000005372,EDm18
s000005473,EDm18
s000002981,EDm18
s000001186,EDm18
s000007073,EDm18
s000002965,EDm18
s000001452,EDm18
s000006003,EDm20
s000000162,EDm20
s000000970,EDm20
s000009772,EDm20
s000009117,EDm20
s000001276,EDm20
s000009773,EDm20
s000005012,EDm22
s000006267,EDm22
s000005726,EDm22
s000004046,EDm22
s000003413,EDm22
s000002903,EDm22
s000003891,EDm22
s000009774,EDm22
s000005012,EDm24
s000004112,EDm25
s000003863,EDm25
s000009775,EDm25
s000004298,EDm25
s000006294,EDm25
s000002199,EDm25
s000009776,EDm25
s000009777,EDm25
s000009778,EDm25
s000009779,EDm25
s000009780,EDm25
s000009781,EDm25
s000000474,EDm25
s000006831,EDm26
s000005473,EDm26
s000004298,EDm26
s000002387,EDm26
s000009782,EDm26
s000009783,EDm26
s000000474,EDm26
s000003634,EDm26
s000003257,EDm26
s000000742,EDm26
s000009784,EDm26
s000000613,EDm34
s000003844,EDm34
s000001966,EDm34
s000003115,EDm34
s000003982,EDm34
s000003954,EDm34
s000006249,EDm35
s000006645,EDm35
s000006452,EDm35
s000004907,EDm35
s000003166,EDm35
s000004643,EDm35
s000002117,EDm35
s000002171,EDm37
s000002706,EDm37
s000005227,EDm37
s000000613,EDm38
s000006201,EDm38
s000001152,EDm38
s000003954,EDm38
s000009785,EDm38
s000006249,EDm39
s000006452,EDm39
s000006267,EDm39
s000001545,EDm39
s000003954,EDm39
s000000700,EDm41
s000003964,EDm41
s000000730,EDm43
s000003167,EDm43
s000000548,EDm43
s000000332,EDm43
s000002037,EDm44
s000005092,EDm44
s000004886,EDm46
s000009786,EDm46
s000003437,EDm46
s000009787,EDm46
s000006859,EDm46
s000006859,EDm46
s000006859,EDm46
s000006859,EDm46
s000006859,EDm46
s000006859,EDm46
s000002839,EDm55
s000006645,EDm55
s000005437,EDm55
s000001138,EDm40
s000006113,EDm40
s000005490,EDm40
s000004838,EDm40
s000003982,EDm40
s000006122,EDm40
s000009788,EDm40
s000000008,EDm40
s000009789,EDm40
s000001700,EDm40
s000009790,EDm40
s000006687,EDm40
s000000842,EDm58
s000006579,EDm58
s000002711,EDm58
s000003674,EDm58
s000001435,EDm58
s000000457,EDm58
s000009791,EDm58
s000009792,EDm58
s000009793,EDm58
s000009794,EDr10
s000009795,EDr10
s000003221,EdS50
s000001498,EdS50
s000009210,EdS50
s000009796,EdS50
s000003221,EdS60
s000004771,EdS60
s000004329,EdS60
s000003221,EdS60
s000003221,EdS70
s000001757,EdS70
s000003221,EdS75
s000001757,EdS75
s000006220,EdS75
s000009797,EdS75
s000006760,EDW10
s000006086,EDW10
s000009798,EDW10
s000002158,EDW10
s000009799,EDW10
s000003780,EDW10
s000002158,EDW13
s000006086,EDW13
s000005200,EDW13
s000006195,EDW13
s000003780,EDW14
s000003114,EDW14
s000006859,EDW14
s000003780,EDW22
s000003114,EDW22
s000009800,EDW22
s000009801,EDW22
s000009802,EDW22
s000006086,EDW22
s000006859,EdY10
s000001868,EFo10
s000001353,EFo10
s000006664,EFo10
s000000896,EFo10
s000006172,EFo10
s000003204,EFo10
s000000349,EFo10
s000002188,EG3
s000002277,EG3
s000002971,EG3
s000009803,EG3
s000009804,EG3
s000009805,EG3
s000009806,EG10
s000001757,EG10
s000004329,EG10
s000001687,EG10
s000009807,EG10
s000004967,EG10
s000006222,EG10
s000009706,EG10
s000000379,EG11
s000001326,EG11
s000000376,EG11
s000000441,EG11
s000002772,EG11
s000006001,EG11
s000002032,EG16
s000005144,EG16
s000004587,EG16
s000001255,EG16
s000001338,EG16
s000002014,EG16
s000001864,EG16
s000001469,EG17
s000000714,EG17
s000000613,EG17
s000005167,EG17
s000002016,EG17
s000006255,EG17
s000006747,EG17
s000004911,EG17
s000009808,EG18
s000002870,EG18
s000000714,EG18
s000000798,EG18
s000001338,EG18
s000001938,EG18
s000001305,EG18
s000009809,EG18
s000005023,EG20
s000006201,EG20
s000000408,EG20
s000003955,EG20
s000006566,EG20
s000006543,EG20
s000003525,EG20
s000003468,EG20
s000009810,EG20
s000009811,EG20
s000009812,EG20
s000004857,EG20
s000000678,EG23
s000002041,EG23
s000005804,EG23
s000003950,EG23
s000001153,EG23
s000006641,EG23
s000003746,EG23
s000005243,EG23
s000004438,EG23
s000009813,EG23
s000003755,EG23
s000009814,EG23
s000004112,EG24
s000006831,EG24
s000001108,EG24
s000006859,EG24
s000006859,EG24
s000009815,EG24
s000002192,EG24
s000002740,EG25
s000004809,EG25
s000005804,EG25
s000002498,EG25
s000003377,EG25
s000004781,EG25
s000005929,EG25
s000005023,EG27
s000006859,EG27
s000000599,EG27
s000003237,EG27
s000007087,EG27
s000006464,EG27
s000002854,EG27
s000004046,EG27
s000002849,EG28
s000001682,EG28
s000001449,EG28
s000001153,EG28
s000004291,EG28
s000009816,EG28
s000006543,EG28
s000002922,EG28
s000009817,EG28
s000005534,EGC10
s000000146,EGC10
s000009818,EGC10
s000003713,EgM10
s000003996,EgM10
s000006346,EgM10
s000005542,EgM12
s000003576,EgM12
s000001391,EgM12
s000003196,EGU1
s000003780,EGU1
s000003896,EGU1
s000009819,EGU1
s000007405,EGU1
s000000970,EGU17
s000004812,EGU17
s000009820,EGU17
s000000231,EGU17
s000009821,EGU17
s000009822,EGU18
s000009823,EGU40
s000000046,EGU40
s000009824,EGU40
s000002014,EGU40
s000009825,EHe10
s000002592,EHG15
s000009826,EHG15
s000000235,EHG15
s000002884,EHG15
s000009827,EHG15
s000002872,EHG15
s000002839,EHG15
s000002907,EHG20
s000002592,EHG20
s000003769,EHG20
s000002567,EHG20
s000002199,EHG20
s000005929,EHG20
s000009828,EHG20
s000006035,EHG30
s000005968,EHG30
s000004239,EHG30
s000004287,EHG30
s000004154,EHG30
s000009829,EHG30
s000008058,EHG38
s000000980,EHG38
s000009830,EHG38
s000002276,EHG38
s000000160,EHG38
s000004758,EHG38
s000000743,EHG38
s000002839,EHG48
s000002706,EHG48
s000000469,EHG48
s000000684,EHG48
s000000775,EHG48
s000000732,EHG48
s000000230,EHG50
s000003627,EHG50
s000000469,EHG50
s000005473,EHG50
s000004840,EHG50
s000002223,EHG50
s000000602,EHG50
s000002973,EHG50
s000003381,EHG50
s000009831,EHG50
s000006839,EHo10
s000002728,EHo10
s000009832,EHo10
s000006859,EiC10
s000000927,EJL10
s000009833,EJL10
s000009834,EJL10
s000009835,EJL10
s000009836,EJL10
s000009837,EJL10
s000002204,EK1
s000001744,EK1
s000004112,EK1
s000000599,EK1
s000004601,EK1
s000007346,EK1
s000007342,EK1
s000009779,EK1
s000000077,EK1
s000009838,EK1
s000002556,EK1
s000002264,EK2
s000009839,EK2
s000009840,EK2
s000009841,EK2
s000009842,EK2
s000009843,EK2
s000003937,EK2
s000000149,EK3
s000006795,EK3
s000001152,EK3
s000006672,EK3
s000004867,EK4
s000004112,EK4
s000002196,EK4
s000002849,EK4
s000005233,EK4
s000002679,EK4
s000001533,EK4
s000006859,EK4
s000006795,EK4
s000005989,EK4
s000009844,EK4
s000003044,EK4
s000009845,EK4
s000009846,EK4
s000003701,EK4
s000006645,EK5
s000004786,EK5
s000001682,EK5
s000000447,EK5
s000004422,EK5
s000003602,EK6
s000000700,EK6
s000002965,EK6
s000003880,EK6
s000000700,EK7
s000005092,EK7
s000003923,EK7
s000000700,EK9
s000005490,EK9
s000005914,EK9
s000001152,EK9
s000003880,EK9
s000001858,EK9
s000000320,EK9
s000009847,EK9
s000002501,EK9
s000003049,EK9
s000002739,EK9
s000004901,EK9
s000009848,EK9
s000009849,EK10
s000004005,EK10
s000009850,EK10
s000002620,EK10
s000003023,EK10
s000006356,EK10
s000001533,EK10
s000005818,EK10
s000000406,EK10
s000000934,EK10
s000002708,EK10
s000009851,EK10
s000009852,EK10
s000001057,EK10
s000009853,EK10
s000009417,EK10
s000003880,EK11
s000008090,EK11
s000006859,EK11
s000006478,EK11
s000002455,EK12
s000005221,EK12
s000004021,EK12
s000004515,EK12
s000002096,EK12
s000009854,EK12
s000009855,EK12
s000006765,EK14
s000000422,EK14
s000002810,EK14
s000001095,EK14
s000003705,EK14
s000007275,EK14
s000001562,EK14
s000009856,EK14
s000003703,EK14
s000001617,EK14
s000009857,EK14
s000001679,EK15
s000001735,EK15
s000001557,EK18
s000004572,EK18
s000009858,EK18
s000001388,EK18
s000004298,EK18
s000004365,EK18
s000004239,EK18
s000004976,EK18
s000000149,EK18
s000000970,EK18
s000008151,EK18
s000009859,EK18
s000000700,EK20
s000001570,EK20
s000001735,EK20
s000009860,EK20
s000009861,EKu5
s000009862,EKu5
s000009863,EKu5
s000009864,EKu5
s000009865,EKu5
s000009866,EKu5
s000009135,EL9
s000009867,EL9
s000004749,EL9
s000009135,EL13
s000003057,EL13
s000004749,EL13
s000009868,EL15
s000004749,EL15
s000003057,EL15
s000004523,EL19
s000009869,EL19
s000009868,EL19
s000003057,EL19
s000004523,EL21
s000009868,EL21
s000009870,EL21
s000004749,EL29
s000009871,EL29
s000009872,EL29
s000009868,EL29
s000003057,EL31
s000004523,EL31
s000009868,EL31
s000005582,EL31
s000004749,EL32
s000009873,EL32
s000009871,EL32
s000009874,EL33
s000006440,EL33
s000009875,EL33
s000009876,EL33
s000009877,EL34
s000009877,EL34
s000006440,EL34
s000003057,EL34
s000009875,EL34
s000009878,EL35
s000004749,EL35
s000009879,EL35
s000004523,EL36
s000009880,EL36
s000009868,EL36
s000006572,EL36
s000009135,EL36
s000003057,EL37
s000009877,EL37
s000009881,EL37
s000009882,EL37
s000009883,EL37
s000002651,EL37
s000004523,EL38
s000009884,EL38
s000009871,EL38
s000009873,EL38
s000003057,EL39
s000009868,EL39
s000009885,EL39
s000006572,EL39
s000009886,EL39
s000004523,EL40
s000009873,EL40
s000009887,EL40
s000009888,EL40
s000004946,EL41
s000000603,EL42
s000005043,EL42
s000006859,EL42
s000004180,EL42
s000004523,EL44
s000004180,EL44
s000009889,EL44
s000005901,EL44
s000009890,EL44
s000004052,EL46
s000003815,EL46
s000005260,EL46
s000009891,EL46
s000004626,EL48
s000005690,EL48
s000002772,EL48
s000009892,EL48
s000009893,EL48
s000003057,EL49
s000006001,EL49
s000006411,EL49
s000002567,EL49
s000001083,EL51
s000003820,EL51
s000003487,EL51
s000005417,EL51
s000000461,EL51
s000009894,EL51
s000009895,EL51
s000009896,EL51
s000009897,EL51
s000009898,EL51
s000009899,EL51
s000006304,EL51
s000009900,EL51
s000000794,EL51
s000002603,EL51
s000001071,EL52
s000003913,EL52
s000000664,EL52
s000004634,EL52
s000009901,EL52
s000003185,EL52
s000005020,EL52
s000000749,EL52
s000000981,EL52
s000001083,EL52
s000000212,EL52
s000001252,EL52
s000006785,EL52
s000003979,EL52
s000008760,EL52
s000009902,EL52
s000002103,EL52
s000005371,EL52
s000000804,EL53
s000003820,EL53
s000000102,EL53
s000004967,EL53
s000000461,EL53
s000009903,EL53
s000009904,EL53
s000009905,EL53
s000009906,EL53
s000009907,EL53
s000009908,EL53
s000009909,EL53
s000009910,EL53
s000009911,EL53
s000001083,EL54
s000001165,EL54
s000007127,EL54
s000002870,EL54
s000002853,EL55
s000000379,EL55
s000009912,EL55
s000004967,EL55
s000009913,EL55
s000003681,EL55
s000003960,EL55
s000009914,EL55
s000001743,EL55
s000001083,EL56
s000003820,EL56
s000006216,EL56
s000005434,EL56
s000006832,EL56
s000009915,EL56
s000009916,EL56
s000009917,EL56
s000000338,EL56
s000009918,EL56
s000009907,EL56
s000002870,EL57
s000003955,EL57
s000002103,EL57
s000002884,EL57
s000005434,EL57
s000005808,EL57
s000002441,EL57
s000009919,EL57
s000002884,EL57
s000009903,EL57
s000002870,EL60
s000001252,EL60
s000003913,EL60
s000002884,EL60
s000004797,EL60
s000001083,EL61
s000003820,EL61
s000002884,EL61
s000004193,EL61
s000001612,EL62
s000003955,EL62
s000001680,EL62
s000001165,EL63
s000001252,EL63
s000004587,EL63
s000000551,EL63
s000002884,EL63
s000004840,EL63
s000004797,EL63
s000003000,EL63
s000009920,EL63
s000002188,EL64
s000001680,EL64
s000007074,EL64
s000002389,EL64
s000000718,EL64
s000001108,EL64
s000003780,EL64
s000005968,EL65
s000006035,EL65
s000004375,EL65
s000002513,EL65
s000005567,EL65
s000000718,EL65
s000004033,EL65
s000009921,EL65
s000006250,EL65
s000003717,EL65
s000000490,EL67
s000005877,EL67
s000000718,EL67
s000005280,EL67
s000007074,EL67
s000001723,EL67
s000003891,EL67
s000002819,EL67
s000000111,EL68
s000006201,EL68
s000001329,EL68
s000000857,EL68
s000001153,EL68
s000003151,EL68
s000002664,EL68
s000003871,EL68
s000003135,EL69
s000000678,EL69
s000000101,EL69
s000006065,ElB10
s000002444,ElB10
s000009922,ElB10
s000009923,ElB10
s000009924,ElB10
s000006859,ElB10
s000006859,ElB10
s000009925,ElB10
s000009926,ElB10
s000006610,ElB10
s000006859,ElB10
s000002984,ELC2
s000000927,ELC2
s000000138,ELC195
s000009927,ELC195
s000003909,ELC195
s000009928,ELC195
s000009929,ELC195
s000004283,ELC200
s000002695,ELC200
s000006859,ELC200
s000000476,ELh1
s000000567,ELh1
s000002395,ELh1
s000001129,ELh1
s000009930,ELh1
s000009931,ELh1
s000003780,ELM2
s000009932,ELM2
s000003896,ELM2
s000009933,ELM2
s000009934,ELM2
s000004761,ELM15
s000003699,ELM15
s000003701,ELM15
s000003317,ELM15
s000009935,ELM15
s000009936,ELM15
s000009937,ELM15
s000005462,ELM15
s000009938,ELM15
s000005852,ELM17
s000006831,ELM17
s000002962,ELM17
s000002981,ELM17
s000001800,ELM17
s000006213,ELM17
s000009939,ELM17
s000009940,ELM17
s000009941,ELM17
s000005852,ELM19
s000006573,ELM19
s000006045,ELM19
s000009942,ELM19
s000000432,ELM19
s000005852,ELM21
s000000273,ELM21
s000005808,ELM21
s000000218,ELM21
s000009943,ELM21
s000001018,ELM21
s000000917,ELM22
s000001475,ELM22
s000004467,ELM22
s000004337,ELM22
s000009944,ELM22
s000003255,ELM22
s000006552,ELM24
s000005112,ELM24
s000003721,ELM24
s000005104,ELM26
s000007313,ELM26
s000002664,ELM26
s000002292,ELM26
s000009945,ELM26
s000004254,ELM26
s000006831,ELM29
s000002530,ELM29
s000004375,ELM29
s000007342,ELM29
s000009946,ELM29
s000001459,ELM29
s000001276,ELM29
s000005609,ELM35
s000000727,ELM35
s000006859,ELM35
s000006859,ELM35
s000001749,ElN2
s000005929,ElN2
s000000749,ElN2
s000000231,ElN2
s000001334,ElN2
s000009947,ElN2
s000009948,ElN2
s000001344,ElN5
s000002870,ElN5
s000000940,ElN5
s000009949,ElN5
s000004758,ElN5
s000005929,ElN5
s000003000,ElN5
s000000338,ElN5
s000005157,ElN7
s000002865,ElN7
s000001591,ElN7
s000004429,ElN7
s000005844,ElN7
s000007074,ElN7
s000009950,ElN7
s000006778,ElN7
s000005426,ElN7
s000002865,ElN8
s000002325,ElN8
s000005844,ElN8
s000004325,ElN8
s000000416,ElN8
s000006858,ElN8
s000006607,ElN8
s000004840,ElN8
s000002865,ElN10
s000002325,ElN10
s000000205,ElN10
s000009951,ElN10
s000009952,ElN10
s000006422,ElN10
s000004287,ElN10
s000002037,ElN11
s000001531,ElN11
s000000984,ElN11
s000003627,ElN11
s000004789,ElN11
s000001526,ElN11
s000000128,ElN11
s000004083,ElN11
s000002865,ElN13
s000003464,ElN13
s000003746,ElN13
s000001044,ElN13
s000002922,ElN13
s000001622,ElN13
s000005066,ElN13
s000001563,ElN13
s000001344,ElN13
s000009953,ElN14
s000006493,ElN14
s000002528,ElN14
s000009954,ElN14
s000006094,ElN14
s000003437,ElN15
s000009955,ElN15
s000001976,ElN15
s000006036,ElN15
s000001453,ElN15
s000001344,ElN20
s000006799,ElN20
s000008449,ElN20
s000000375,ElN20
s000006765,ElN20
s000006747,ElN20
s000006230,ElN20
s000006433,ElP30
s000009956,ElP30
s000002038,ElS2
s000003982,ElS2
s000001168,ElS2
s000000882,ElS2
s000008443,ElS2
s000003215,ElS2
s000002627,ElS4
s000000132,ElS4
s000009957,ElS4
s000009958,ElS4
s000009959,ElS4
s000006112,ElS4
s000000744,ElS10
s000003692,ElS10
s000003937,ElS10
s000001281,ELu19
s000004836,ELu19
s000006094,ELu19
s000009960,ELu19
s000000879,ELu19
s000005354,ELu20
s000006010,ELu20
s000005968,ELu20
s000005886,ELu20
s000009961,ELu20
s000000970,ELu20
s000000570,ELu20
s000009210,ELu20
s000000423,ELu20
s000004287,ELu20
s000004292,ELu30
s000000538,ELu30
s000000384,ELu30
s000002858,ELu30
s000003317,ELu30
s000004857,ELu49
s000001398,ELu49
s000002595,ELu49
s000006038,ELu49
s000002824,ELu49
s000004021,EMa1
s000004037,EMa1
s000006610,EMa1
s000005402,EMa1
s000005171,EMa1
s000001156,EMa1
s000002470,EMa15
s000005702,EMa15
s000000061,EMa15
s000009931,EMa15
s000003667,EMa15
s000005051,EMa15
s000004203,EMa15
s000000422,EMa25
s000002827,EMa25
s000000038,EMa25
s000002470,EMa25
s000009962,EmC10
s000001867,EmE10
s000005692,EmE10
s000002866,EmE10
s000002262,EmE10
s000000872,EMF10
s000003034,EMF10
s000001172,EMF10
s000004365,EMo5
s000004756,EMo5
s000006859,EMo5
s000006859,EMo5
s000006859,EMo5
s000003576,EMo17
s000009963,EMo17
s000006221,EMo20
s000007192,EMo20
s000009964,EMo20
s000009965,EMo20
s000009966,EMo20
s000006221,EMo25
s000007192,EMo25
s000009967,EMo25
s000000642,EMo25
s000009968,EMo40
s000005574,EMr10
s000006859,EMr10
s000006859,EMr10
s000005574,EMr13
s000005574,EMr15
s000006859,EMr15
s000006859,EMr15
s000009969,EMu1
s000005064,EMu1
s000009970,EMu1
s000002091,EMu1
s000009971,EMu1
s000007041,EMu1
s000009972,EMu1
s000005968,EMv10
s000004193,EMv10
s000009973,EMv10
s000009974,EMv10
s000009975,EMv10
s000006859,EMv10
s000006859,EMv10
s000006859,EMv10
s000001467,EMH10
s000002052,EMH10
s000009976,EMH10
s000009977,EMH10
s000009978,EMH10
s000009979,EMH10
s000009980,EMH10
s000009981,EMH10
s000009982,EMH10
s000009983,EMH10
s000009984,EMt10
s000009985,EMt10
s000009986,EMt10
s000002963,EOB1
s000003059,EOB1
s000005956,EOB1
s000009987,EOB1
s000003531,EP1
s000003468,EP1
s000004563,EP1
s000009988,EP1
s000009989,EP1
s000003874,EP1
s000006818,EPe10
s000009990,EPe10
s000009991,EPe10
s000009992,EPe10
s000001613,EPe10
s000003233,EPe10
s000001468,EPe10
s000009993,EPe10
s000000021,EPe10
s000006049,EPy10
s000005531,EPy10
s000009994,EPy10
s000000700,EPy10
s000005665,ErD10
s000004705,ErD10
s000000180,ErD10
s000006004,ErD10
s000004612,ErK10
s000000943,ErK10
s000006346,ErK10
s000000991,ErK10
s000002477,ErK20
s000009995,ErK20
s000009996,ErK20
s000009997,ErK20
s000009998,ErK20
s000009999,ErK20
s000010000,ErK20
s000010001,ErK20
s000010002,ErK20
s000002477,ErK30
s000010003,ErM1
s000010004,ErM1
s000010005,ErM1
s000010006,ErM1
s000010007,ErM2
s000010008,ErM2
s000010009,ErM2
s000010010,ErM3
s000010011,ErM3
s000010012,ErM3
s000010013,ErM3
s000010014,ErM3
s000010015,ErM10
s000006859,ErM20
s000010016,ErM20
s000006859,ErM20
s000010017,ErM20
s000010018,ErM25
s000010019,ErM25
s000010020,ErM25
s000010021,ErM25
s000010022,ERr20
s000001888,ERr20
s000010023,ERr20
s000000720,ERr22
s000010024,ERr22
s000006859,ERr22
s000010025,ERr30
s000002185,ERr30
s000010026,ERr30
s000010027,ERr33
s000010028,ERr33
s000001375,ERr33
s000010029,ERr37
s000010030,ERr37
s000010031,ERr37
s000010032,ERr37
s000010033,ERr45
s000010034,ERr47
s000010035,ERr47
s000006859,ERr50
s000006859,ERr50
s000006859,ERr50
s000010036,ERr52
s000010037,ERr52
s000010038,ERr52
s000010039,ERr52
s000010040,ERr55
s000010041,ERr55
s000010042,ERr55
s000010043,ERr55
s000010044,ERr55
s000010045,ERz6
s000010046,ERz6
s000010047,ERz10
s000010048,ERz10
s000010049,ERz10
s000010050,ERz10
s000010051,ERz10
s000010052,ERz10
s000010053,ERz10
s000009370,ESc10
s000004814,ESc10
s000010054,ESc10
s000005978,ESc10
s000005567,ESl10
s000004375,ESl30
s000000351,ESl30
s000006714,ESl30
s000010055,ESl30
s000002528,ESl30
s000006121,ESl30
s000010056,ESP9
s000010057,ESP11
s000010058,ESP11
s000010059,ESP12
s000010060,ESP12
s000010061,ESP12
s000010062,ESP12
s000004718,ESP15
s000010063,ESP16
s000010064,ESP17
s000010065,ESP18
s000004946,ESP24
s000000376,ESP30
s000004946,ESP31
s000004946,ESP32
s000004946,ESP33
s000004946,ESP40
s000010066,ESP40
s000010067,ESP40
s000010068,ESP40
s000006859,EtC20
s000006859,EtC20
s000006859,EtC20
s000006859,EtC20
s000010069,EtC25
s000010070,EtC25
s000010071,ETG3
s000001921,ETG10
s000010072,ETG10
s000003576,ETG10
s000010073,ETG10
s000001896,ETG10
s000005187,ETG10
s000009397,ETG12
s000001967,ETG12
s000003576,ETG12
s000010074,ETG12
s000007311,ETG12
s000000185,ETi10
s000002646,ETi10
s000010075,Eti20
s000010076,Eti20
s000006859,Eti20
s000006859,Eti20
s000006859,Eti20
s000006859,Eti20
s000006859,Eti20
s000010077,Eti20
s000007103,EtS4
s000010078,EtS4
s000010079,EtS4
s000003744,EtS5
s000004012,EtS5
s000004012,EtS7
s000000361,EtS7
s000005586,EtS7
s000010080,EtS7
s000010022,EtS7
s000003234,EtS7
s000006859,EtS10
s000002219,EtS10
s000010081,EtS10
s000007907,EtS10
s000004683,EuF1
s000004683,EuF10
s000004683,EuF30
s000004683,EuF40
s000006222,EuF50
s000006840,EuF50
s000006859,EuF50
s000006859,EuF50
s000006859,EuF50
s000006222,EuF50
s000004601,EuF51
s000006563,EuF51
s000010082,EuF51
s000004054,EuF51
s000010083,EuF51
s000000008,EuF51
s000001171,EuF51
s000003381,EuF51
s000004165,EuF51
s000004601,EuF53
s000004601,EuF55
s000004601,EuF57
s000004601,EuF59
s000010084,EuL10
s000010085,EuL10
s000005162,EuL10
s000003239,EuL10
s000010086,EuL10
s000001657,EuL10
s000001873,EuL20
s000004368,EuL20
s000010087,EuL20
s000003823,EuL20
s000006254,EuL30
s000006079,EuL30
s000002098,EuM10
s000001224,EuM10
s000005542,EuM10
s000006463,EuM10
s000008441,EvS1
s000008441,EvS3
s000000845,EvS3
s000002381,EvS5
s000004967,EvS5
s000002772,EvS5
s000006439,EvS5
s000001214,EvS5
s000002157,EvS5
s000004478,EvS6
s000002277,EvS6
s000010088,EvS6
s000003960,EvS6
s000010089,EvS6
s000008441,EvS7
s000006785,EvS7
s000004967,EvS7
s000010090,EvS7
s000010091,EvS7
s000010092,EvS7
s000009804,EvS7
s000000098,EwD10
s000006005,EwD10
s000002511,EwD10
s000005882,EwD10
s000010093,EwD10
s000000321,EwD10
s000006020,EwD10
s000000014,EwD10
s000006462,EwD10
s000006859,EwD10
s000006859,EwD10
s000010094,EWi10
s000010095,EWi10
s000010096,EWi10
s000010097,EWi10
s000010098,EWi10
s000010099,EWi10
s000003801,EWS4
s000004249,EWS4
s000003954,EWS4
s000006487,EWS4
s000010100,EWS10
s000008177,EWS10
s000008059,EWS10
s000006859,EWS10
s000007768,EZo10
s000010101,EZo10
s000010102,EZo10
s000010103,EZo10
s000008992,EZo10
s000000741,EZw1
s000006524,EZw1
s000002139,EZw1
s000010104,EZw1
s000010105,EZw1
s000007717,EZw1
s000003444,EZw4
s000006208,EZw4
s000010106,EZw4
s000009025,EZw4
s000004965,EZw5
s000002868,EZw5
s000005090,EZw5
s000006163,EZw5
s000008135,EZw5
s000010107,EZw6
s000004338,EZw6
s000007832,EZw6
s000007702,EZw6
s000006524,EZw7
s000005470,EZw7
s000010108,EZw7
s000010109,EZw7
s000004385,EZw7
s000007458,EZw7
s000004955,EZw7
s000002315,EZw7
s000010110,EZw7
s000006524,Ezw9
s000006699,Ezw9
s000000489,Ezw9
s000003230,FAl10
s000002935,FAl10
s000010111,FAl10
s000010112,FAl10
s000010113,FAl10
s000010114,FAl10
s000002871,FAm10
s000003184,FAm10
s000006050,FAm10
s000009495,FAm16
s000003234,FAm16
s000005376,FAm16
s000010115,FAm16
s000010116,FAm16
s000006859,FAm16
s000010117,FAs1
s000002232,FB13
s000010118,FB13
s000010119,FB13
s000010120,FB13
s000001924,FB15
s000010121,FB15
s000010122,FB15
s000002232,FB21
s000001924,FB21
s000001252,FB27
s000002697,FB27
s000004180,FB27
s000004927,FB27
s000003519,FB27
s000010123,FB27
s000000191,FB27
s000006249,FB29
s000006828,FB29
s000001925,FB29
s000001222,FB29
s000002831,FB29
s000005123,FB29
s000004340,FB29
s000001612,FB39
s000001252,FB39
s000002553,FB39
s000009950,FB39
s000004429,FB39
s000005012,FB40
s000001467,FB40
s000005113,FB40
s000007127,FB40
s000002884,FB40
s000006261,FB40
s000005929,FB40
s000006249,FB42
s000005110,FB42
s000002398,FB42
s000007316,FB42
s000004467,FB42
s000010124,FB42
s000001545,FB42
s000010125,FB42
s000001326,FB43
s000010126,FB43
s000006859,FB43
s000006035,FB45
s000006121,FB45
s000006831,FB45
s000006229,FB45
s000003308,FB45
s000000243,FB45
s000002949,FB45
s000007130,FB45
s000001326,FB51
s000002171,FB51
s000003746,FB51
s000003781,FB51
s000002962,FB51
s000001533,FB51
s000007686,FB51
s000001103,FB51
s000006372,FB51
s000010127,FB51
s000006035,FB52
s000006831,FB52
s000005968,FB52
s000004375,FB52
s000005877,FB52
s000002397,FB52
s000005260,FB52
s000004757,FB52
s000010128,FbM10
s000010129,FbM10
s000010130,FBr50
s000010131,FBr50
s000006859,FBr50
s000006859,FBr50
s000010132,FBr60
s000004585,FBr60
s000010133,FBr60
s000006859,FBr60
s000003499,FC1
s000003499,FC3
s000010134,FC3
s000006940,FC3
s000000393,FC10
s000002772,FC10
s000001281,FC10
s000010135,FC15
s000007085,FC17
s000009734,FC17
s000003896,FC17
s000004183,FC17
s000010136,FC17
s000006688,FC21
s000002603,FC21
s000010137,FC21
s000002819,FC21
s000006828,FC21
s000010138,FC21
s000004761,FC21
s000001014,FC21
s000002984,FC22
s000004650,FC22
s000001368,FC22
s000003106,FC22
s000008620,FC22
s000001101,FC22
s000010139,FC23
s000000231,FC23
s000008620,FC23
s000001222,FC23
s000010140,FC23
s000003731,FC23
s000003681,FC23
s000005360,FC24
s000006666,FC24
s000003308,FC24
s000001925,FC24
s000005862,FC24
s000004812,FC24
s000004879,FC24
s000001222,FC24
s000002171,FC25
s000001165,FC25
s000001222,FC25
s000003197,FC25
s000002528,FC25
s000000625,FC25
s000006164,FC25
s000002921,FC25
s000001252,FC26
s000000212,FC26
s000001252,FC26
s000000212,FC26
s000000322,FC26
s000005886,FC26
s000001732,FC26
s000001654,FC26
s000001743,FC26
s000006506,FC26
s000006461,FC26
s000003000,FC26
s000001014,FC26
s000004202,FC26
s000010141,FC26
s000010142,FC26
s000006164,FC26
s000001198,FC27
s000006506,FC27
s000003044,FC27
s000004292,FC27
s000002884,FC27
s000006795,FC27
s000010143,FC27
s000002904,FC27
s000003923,FC27
s000000212,FC28
s000000379,FC28
s000005968,FC28
s000000205,FC28
s000000254,FC28
s000004241,FC28
s000000857,FC28
s000005968,FC29
s000005113,FC29
s000000212,FC29
s000004292,FC29
s000000205,FC29
s000003308,FC29
s000004789,FC29
s000000628,FC29
s000000927,FC29
s000006506,FC29
s000000103,FC29
s000001648,FC29
s000003483,FC29
s000002548,FC29
s000001252,FC30
s000005896,FC30
s000000711,FC30
s000002392,FC34
s000000019,FC34
s000002950,FC34
s000004005,FC34
s000003746,FC34
s000000984,FC34
s000003490,FC34
s000000077,FC34
s000007342,FC34
s000010144,FC34
s000004287,FC34
s000010145,FC34
s000010146,FC34
s000010147,FC34
s000009128,FC34
s000009211,FC34
s000003483,FC34
s000010148,FC34
s000005968,FC35
s000006255,FC35
s000005183,FC35
s000000379,FC35
s000004292,FC35
s000000628,FC35
s000001937,FC35
s000002387,FC35
s000000625,FC35
s000006506,FC35
s000000065,FC35
s000002806,FC35
s000006263,FC35
s000001264,FC35
s000002681,FC35
s000010149,FC35
s000010150,FC35
s000006249,FC36
s000002757,FC36
s000004180,FC36
s000003115,FC36
s000003507,FC36
s000006001,FC36
s000010151,FC36
s000006461,FC36
s000001622,FC36
s000005772,FC38
s000005354,FC38
s000004809,FC38
s000008532,FC38
s000003123,FC38
s000005305,FC38
s000006806,FC38
s000003508,FC38
s000001469,FC40
s000010152,FcA10
s000006859,FcA10
s000006859,FcA10
s000006859,FcA10
s000006683,FCk1
s000004500,FCk1
s000000577,FCk1
s000010153,FCk1
s000010154,FCk1
s000010155,FCk1
s000004805,FCk1
s000010156,FCk1
s000006683,FCk2
s000001186,FCk2
s000006373,FCk2
s000010157,FCk2
s000010158,FCo10
s000010159,FCo20
s000010160,FCr10
s000000374,FCr10
s000010161,FCr10
s000005517,FCr11
s000000401,FCr11
s000007111,FCr11
s000005185,FCr11
s000006730,FCr11
s000010162,FDa10
s000002139,FDa10
s000010163,FDa10
s000010164,FDa10
s000006637,FDa10
s000010165,FDa15
s000002580,FDa15
s000006859,FDa15
s000006859,FDa15
s000006859,FDa15
s000010166,FDa15
s000000974,FDa17
s000003471,FDa17
s000010167,FDa17
s000006637,FDa17
s000006860,FDa17
s000006860,FDa17
s000006860,FDa17
s000006860,FDa17
s000006860,FDa17
s000006860,FDa17
s000005167,FdC14
s000003806,FdC14
s000005799,FdC14
s000002198,FdC14
s000002025,FdC16
s000005950,FdC16
s000002485,FdC16
s000001696,FdC16
s000001422,FdC16
s000006544,FdC16
s000002256,FdC16
s000005038,FdC23
s000001677,FdC23
s000001816,FdC23
s000004377,FdC23
s000010168,FdC23
s000006005,FDF10
s000005106,FDF10
s000005106,FDF10
s000002128,FDF10
s000001308,FDF10
s000004932,FDF10
s000005379,FDG10
s000009181,FDG10
s000003615,FDG10
s000005748,FDL10
s000000042,FDL10
s000006026,FDL10
s000001024,FDL10
s000003996,FDL15
s000004786,FDL20
s000001141,FDL20
s000005072,FDL20
s000000289,FDL20
s000002522,FDL20
s000010169,Fdu10
s000001623,Fdu10
s000000570,FeF12
s000007735,FeF12
s000010170,FeF12
s000006714,FeF12
s000010171,FeF12
s000006368,FeF12
s000004351,FeF12
s000001475,FeF28
s000002539,FeF28
s000006141,FeF28
s000002845,FeF28
s000010172,FeF28
s000002565,FeF28
s000010173,FeF28
s000002431,FeF28
s000001943,FeF28
s000010174,FeF28
s000001736,FeF28
s000010175,FeF28
s000006703,FeF28
s000010176,FeF28
s000003414,FeF28
s000001679,FeF80
s000006803,FeF80
s000004246,FeF80
s000000273,FeF85
s000001481,FeF85
s000001873,FeF85
s000003990,FF1
s000010177,FF1
s000010178,FF1
s000003785,FF1
s000003358,FF1
s000010179,FF2
s000010180,FF2
s000010181,FF2
s000005847,FF2
s000010182,FF3
s000009293,FF3
s000010183,FF3
s000010180,FF3
s000010184,FF3
s000010185,FF3
s000010181,FF4
s000000387,FF4
s000001325,FF5
s000000387,FF5
s000010181,FF5
s000010186,FF5
s000010181,FF6
s000004513,FF6
s000007612,FF6
s000004012,FF7
s000000051,FF7
s000001818,FF7
s000002408,FF7
s000001375,FF7
s000010187,FF7
s000004012,FF9
s000000925,FF9
s000000051,FF9
s000010188,FF9
s000005909,FF9
s000010189,FF9
s000010190,FF9
s000010191,FF9
s000010192,FF9
s000010193,FF9
s000010194,FF9
s000010181,FF10
s000010188,FF10
s000010195,FF10
s000010196,FF12
s000010197,FF12
s000010198,FF12
s000010199,FF12
s000000921,FF12
s000010200,FF13
s000002343,FF14
s000007271,FF14
s000010200,FF14
s000010201,FF14
s000010202,FF14
s000003867,FF14
s000010203,FF15
s000010204,FF15
s000010205,FF15
s000010206,FF15
s000006049,FF18
s000007908,FF18
s000010207,FF18
s000010208,FF18
s000004012,FF23
s000010209,FF23
s000010210,FF23
s000010211,FF30
s000003072,FF30
s000010212,FF30
s000010213,FF40
s000004012,FF40
s000009293,FF40
s000010214,FF40
s000010215,FF50
s000001818,FF50
s000004012,FF50
s000010216,FF50
s000010217,FF50
s000010218,FF50
s000010219,FF50
s000010220,FF50
s000006859,FF50
s000006859,FF50
s000000906,FFC1
s000000120,FFC1
s000003866,FFC1
s000006859,FFC1
s000002648,FFC2
s000004774,FFC2
s000000230,FFC3
s000001122,FFC3
s000005911,FFC3
s000002106,FFC3
s000006806,FFC3
s000010221,FFC3
s000003374,FFC4
s000000866,FFC4
s000001763,FFC4
s000000700,FFC5
s000004767,FFC5
s000000866,FFC5
s000003980,FFC5
s000001022,FFC5
s000005725,FFC5
s000005460,FFC5
s000001011,FFC5
s000001763,FFC5
s000003632,FFC5
s000002691,FFC5
s000005913,FFC5
s000001235,FFC5
s000003222,FFC5
s000001277,FFC5
s000004320,FFC5
s000002511,FFC6
s000001022,FFC6
s000002195,FFC6
s000010222,FFC6
s000006673,FFC6
s000001763,FFC6
s000001557,FFC7
s000004767,FFC7
s000001763,FFC7
s000001022,FFC7
s000006014,FFC7
s000010223,FFC7
s000005725,FFC7
s000001643,FFC7
s000005460,FFC7
s000003222,FFC7
s000000866,FFC7
s000010224,FFC7
s000001272,FFC7
s000010225,FFC7
s000000700,FFC8
s000001763,FFC8
s000005693,FFC8
s000002058,FFC8
s000002541,FFC8
s000000653,FFC8
s000002008,FFC8
s000002871,FFC8
s000005874,FFC8
s000002052,FFC8
s000006758,FFC8
s000009320,FFC8
s000000961,FFC8
s000001259,FFC8
s000002207,FFC9
s000002058,FFC9
s000003163,FFC9
s000010226,FFC9
s000003217,FFC9
s000005895,FFC9
s000001619,FFC10
s000003817,FFC10
s000006065,FFC10
s000003484,FFC10
s000002916,FFC10
s000003764,FFC10
s000002258,FFC12
s000002807,FFC12
s000003484,FFC12
s000002887,FFC12
s000006394,FFC12
s000006301,FFC15
s000008381,FFC15
s000004242,FFC15
s000002786,FFC15
s000004747,FFC15
s000000113,FFC15
s000002955,FFC15
s000004475,FFC15
s000002614,FFC15
s000010227,FFC15
s000000726,FFC20
s000007523,FFC20
s000003471,FFC20
s000002058,FFC20
s000003876,FFC20
s000000727,FFC20
s000007135,FFC20
s000005989,FFC20
s000005794,FFC20
s000010228,FFC20
s000010229,FFC20
s000010230,FFC20
s000004767,FFC24
s000003222,FFC24
s000005725,FFC24
s000010231,FFC24
s000001260,FFC24
s000007980,FFC24
s000006478,FFC24
s000008178,FFC24
s000006341,FFC24
s000004321,FFC24
s000010232,FFC24
s000010233,FFC24
s000002036,FFC24
s000002562,FFC24
s000010234,FFC24
s000003980,FFC24
s000000503,FFC24
s000010235,FFC24
s000010236,FFC24
s000010237,FFC24
s000010238,FFC24
s000004685,FFC26
s000005480,FFC26
s000005480,FFC26
s000007837,FFC26
s000010239,FFC26
s000002868,FFC26
s000002396,FFC26
s000007717,FFC26
s000000899,FFC26
s000010240,FFC26
s000006859,FFC26
s000007458,FFC29
s000001592,FFC29
s000007884,FFC29
s000006432,FFC29
s000004968,FFC29
s000010241,FFC29
s000005421,FFC29
s000010242,FFC29
s000006859,FFC29
s000010243,FFe10
s000003148,FFe10
s000001564,FFe10
s000010244,FFe10
s000010245,FFe10
s000010246,FFf10
s000010247,FFf10
s000000013,FFf10
s000002822,FFf10
s000006505,FFf10
s000010248,FFf10
s000002161,FFf10
s000003112,FFf10
s000010249,FFo10
s000010250,FFo10
s000010251,FGd10
s000010252,FGd10
s000000704,FGi10
s000010253,FGi10
s000004938,FGi10
s000000362,FGi10
s000000259,FGi20
s000010254,FGi20
s000010255,FGi20
s000010256,FGi20
s000010257,FGi20
s000010258,FGi20
s000010259,FGi20
s000010260,FGi20
s000010261,FGi20
s000010262,FHe10
s000008443,FHe10
s000010263,FHe10
s000000631,FHe10
s000005826,FHe10
s000002716,FiC1
s000005801,FiC1
s000000443,FiC1
s000006011,FiC1
s000006709,FiC1
s000001434,FiC20
s000002770,FiC20
s000004515,FiC20
s000000547,FiC20
s000003217,FiC20
s000010264,FJS2
s000010265,FJS2
s000006248,FJS2
s000003604,FJS2
s000000027,FJS2
s000004064,FJS2
s000010266,FJS2
s000005852,FJS2
s000005161,FJS2
s000007355,FJS2
s000000802,FJS5
s000005235,FJS5
s000001613,FJS5
s000001819,FJS5
s000003676,FJS5
s000002776,FJS10
s000002965,FJS10
s000004090,FJS10
s000001875,FJS10
s000006637,FJS10
s000002636,FJS10
s000000839,FJS10
s000006115,FJS10
s000002493,FJS10
s000005597,FJS13
s000003880,FJS13
s000000402,FJS13
s000006431,FJS13
s000010267,FJS13
s000006835,FJS13
s000003525,FJS13
s000010268,FJS13
s000000402,FJS13
s000001233,FJS13
s000010269,FJS13
s000010270,FJS13
s000010271,FJS13
s000003066,FJS14
s000006055,FJS14
s000000152,FJS14
s000000305,FJS14
s000000799,FJS14
s000001556,FJS14
s000002680,FJS14
s000002850,FJS14
s000003167,FJS14
s000004091,FJS14
s000005000,FJS14
s000005177,FJS14
s000006565,FJS14
s000006784,FJS14
s000004690,FJS14
s000004150,FJS16
s000002827,FJS16
s000002357,FJS16
s000006850,FJS16
s000008863,FJS16
s000008301,FJS16
s000004867,FJS18
s000003996,FJS18
s000004690,FJS18
s000004792,FJS18
s000008375,FJS18
s000010272,FJS18
s000001827,FJS18
s000002630,FJS18
s000001532,FJS18
s000002972,FJS18
s000010273,FJS18
s000004158,FJS18
s000002375,FJS18
s000010274,FJS18
s000002185,FJS18
s000005597,FJS22
s000000600,FJS22
s000002730,FJS22
s000000608,FJS22
s000010275,FJS22
s000010276,FJS22
s000005382,FJS22
s000010277,FJS22
s000010278,FJS29
s000003504,FJS29
s000002272,FJS29
s000010279,FJS29
s000004851,FJS35
s000002638,FJS35
s000000064,FJS35
s000000642,FJS35
s000002886,FKi10
s000002564,FKi10
s000010280,FKi10
s000002542,FKi18
s000004804,FKi18
s000003354,FKi18
s000010281,FKi18
s000004946,FkP10
s000010282,FkP10
s000008961,FkP10
s000009666,FkP10
s000001992,FkP10
s000010084,FKr20
s000010283,FKr20
s000010284,FKr20
s000010285,FKr20
s000010286,FKr20
s000001312,FkS10
s000010287,FkS10
s000010288,FkS10
s000004217,FkS10
s000006859,FkS10
s000010289,FkS10
s000001397,FL8
s000010290,FL8
s000002329,FL8
s000010291,FL8
s000010292,FL11
s000010293,FL11
s000010294,FL11
s000010295,FL11
s000010290,FL11
s000010292,FL12
s000010293,FL12
s000010294,FL12
s000010295,FL12
s000010290,FL12
s000009887,FL13
s000002152,FL13
s000010296,FL13
s000010296,FL13
s000003362,FL13
s000010297,FL13
s000010298,FL13
s000010294,FL13
s000010290,FL14
s000003746,FL16
s000010299,FL16
s000010300,FL16
s000006249,FL19
s000005742,FL19
s000000867,FL19
s000000008,FL19
s000001834,FL19
s000000711,FL19
s000000065,FL19
s000005742,FL20
s000002037,FL20
s000001632,FL20
s000003838,FL20
s000002565,FL20
s000005609,FL23
s000006831,FL23
s000003047,FL23
s000002293,FL23
s000006045,FL23
s000006705,FL23
s000003838,FL23
s000004950,FL24
s000000484,FL24
s000005513,FL24
s000000970,FL24
s000004090,FL24
s000006009,FL24
s000005354,FL27
s000000484,FL27
s000000716,FL27
s000001762,FL27
s000004005,FL27
s000004911,FL27
s000000580,FL27
s000003037,FL27
s000010301,FL27
s000004239,FL28
s000005244,FL28
s000001762,FL28
s000001864,FL28
s000000751,FL28
s000004500,FL28
s000005354,FL29
s000000484,FL29
s000001762,FL29
s000010302,FL29
s000003669,FL29
s000003022,FL29
s000002806,FL29
s000010301,FL29
s000001252,FL30
s000004792,FL30
s000000071,FL30
s000005836,FL30
s000007686,FL30
s000006009,FL30
s000004313,FL35
s000005896,FL35
s000005473,FL35
s000001682,FL35
s000004494,FL35
s000010303,FL35
s000002051,FL37
s000005614,FL37
s000010304,FL37
s000003982,FL37
s000002387,FL37
s000003123,FL37
s000007273,FL37
s000010305,FL37
s000002051,FL40
s000002387,FL40
s000003293,FLd10
s000002915,FLd10
s000002968,FLd10
s000010306,FLd10
s000010307,FLd10
s000008166,FLd10
s000005180,FLd10
s000004730,FLd10
s000005763,FLd18
s000010308,FLd18
s000005070,FLd18
s000001390,FLd18
s000009048,FLd18
s000006847,FLd20
s000010309,FLd20
s000002442,FLd20
s000010310,FLd20
s000005285,FLd20
s000004218,FLd20
s000000055,FLd20
s000010311,FLd20
s000004671,FLd20
s000005736,FLe10
s000004715,FLe10
s000005231,FLe10
s000005782,FLe10
s000006859,FLg10
s000010312,FLg10
s000006859,FLg10
s000006859,FLg10
s000006859,FLg10
s000001916,FLl4
s000006828,FLl4
s000001916,FLl7
s000002127,FLl10
s000002456,FLl30
s000006372,FLl30
s000006506,FLl30
s000003755,FLl30
s000001706,FLl30
s000002592,FLl40
s000000749,FLl40
s000002719,FLl40
s000004492,FLl40
s000010313,FLl40
s000004183,FLl40
s000010314,FLl40
s000000749,FLl59
s000006810,FLl59
s000003554,FLl59
s000004450,FLl59
s000004661,FLl59
s000003070,FLl59
s000009910,FLl59
s000004183,FLl59
s000008626,FLl59
s000010315,FLl59
s000002907,FLl62
s000000156,FLl62
s000006124,FLl62
s000010316,FLl62
s000004183,FLl62
s000010317,FLl62
s000004429,FLl62
s000003531,FLl70
s000002171,FLl70
s000006229,FLl70
s000010318,FLl70
s000009505,FLl70
s000005929,FLl70
s000001338,FLl70
s000005086,FLl70
s000003675,FLl70
s000000857,FLl70
s000006752,FLl70
s000009891,FLl75
s000001165,FLl75
s000005459,FLl75
s000000793,FLl75
s000007056,FLl80
s000000827,FLl80
s000001518,FLl80
s000004601,FLl80
s000009750,FLl80
s000004506,FLl80
s000004380,FLl80
s000008615,FLl80
s000002548,FLl80
s000003381,FLl80
s000010319,FLl80
s000004101,FLl80
s000001165,FLl85
s000009130,FLl85
s000005925,FLl85
s000007688,FLl85
s000001705,FLl85
s000010320,FLl85
s000001834,FLl85
s000000628,FLl85
s000002397,FLl85
s000006573,FLl85
s000010321,FLl85
s000001140,FLl85
s000002819,FLl85
s000010322,FLl85
s000006042,FLl85
s000010323,FLl85
s000003382,FLl85
s000001916,FLl85
s000010324,FLl85
s000002848,FLl85
s000003819,FLl85
s000000461,FLl85
s000000271,FLl85
s000001198,FLl89
s000005144,FLl89
s000001518,FLl89
s000001707,FLl89
s000002093,FLl89
s000006147,FLl89
s000006653,FLl89
s000006222,FLl89
s000003629,FLl89
s000010325,FLl89
s000002047,FLl89
s000003755,FLl89
s000001916,FLl89
s000000874,FLl99
s000005742,FLl99
s000002054,FLl99
s000009578,FLl99
s000000196,FLl99
s000006965,FLl99
s000007708,FLl99
s000005066,FLl99
s000006687,FLl99
s000005434,FLl99
s000005066,FLl99
s000006859,FLl99
s000006859,FLl99
s000006859,FLl99
s000006859,FLl99
s000006859,FLl99
s000006859,FLl99
s000006859,FLl99
s000006859,FLl99
s000006859,FLl99
s000006859,FLl99
s000006859,FLl99
s000006859,FLl99
s000006229,FlM1
s000006477,FlM1
s000004075,FlM1
s000010326,FlM1
s000001612,FlM1
s000002037,FlM1
s000002196,FlM1
s000002958,FlM1
s000010327,FlM1
s000004187,FlM1
s000001297,FlM3
s000007085,FlM3
s000000959,FlM3
s000000879,FlM3
s000007843,FlM3
s000000284,FlM3
s000006796,FlM3
s000003407,FLr10
s000010328,FLr10
s000010329,FLr10
s000010330,FLr10
s000010331,FLr10
s000006859,FLr10
s000010332,FLr10
s000007168,FM3
s000006440,FM3
s000010333,FM3
s000002389,FM3
s000006859,FM3
s000006859,FM3
s000006859,FM3
s000006859,FM3
s000006859,FM3
s000003057,FM4
s000010334,FM4
s000009697,FM4
s000010335,FM4
s000003057,FM6
s000001790,FM6
s000010336,FM6
s000010337,FM6
s000001611,FM6
s000010338,FM6
s000010339,FM6
s000002232,FM7
s000004646,FM7
s000003685,FM7
s000001924,FM9
s000001740,FM9
s000006236,FM9
s000001082,FM10
s000010340,FM10
s000000613,FMD3
s000003669,FMD3
s000006772,FMD3
s000010341,FMD3
s000010342,FMD3
s000001140,FMD3
s000010343,FMD3
s000010344,FMD3
s000010345,FMD3
s000010346,FMD3
s000010347,FMD3
s000010348,FMD3
s000002539,FMD10
s000005536,FMD10
s000003838,FMD10
s000005378,FMD20
s000006271,FMD20
s000001871,FMD20
s000002696,FMD20
s000010349,FMD20
s000002084,FMD20
s000010350,FMD20
s000004961,FMD20
s000010351,FMe10
s000010352,FMe10
s000010351,FMe12
s000010352,FMe12
s000010353,FMx10
s000010354,FMx10
s000008194,FMx10
s000010355,FMx10
s000000529,FMx10
s000003641,FMx10
s000010356,FMx10
s000003691,FNm5
s000010357,FNm5
s000010358,FNm5
s000003691,FNm10
s000010357,FNm10
s000003691,FNm14
s000003691,FNm16
s000003691,FNm18
s000010359,FNm18
s000003691,FNm20
s000001312,FoB30
s000010287,FoB30
s000010288,FoB30
s000004217,FoB30
s000006859,FoB30
s000010289,FoB30
s000009704,FoB30
s000010360,FoB30
s000010361,FoB30
s000001312,FoB50
s000010362,FoB50
s000010288,FoB50
s000004217,FoB50
s000002500,FoB50
s000010363,FoB50
s000009704,FoB50
s000010360,FoB50
s000010361,FoB50
s000006859,FoB70
s000005694,FoB70
s000010364,FoB70
s000002486,FoB70
s000010365,FOp10
s000010366,FOR30
s000006859,FOR30
s000010367,FOR30
s000010368,FOR30
s000004472,FOz20
s000001709,FOz20
s000003389,FOz20
s000010369,FOz20
s000002517,FOz20
s000002683,FOz22
s000003974,FOz22
s000010370,FOz22
s000010371,FOz22
s000004305,FOz22
s000010372,FOz22
s000005761,FOz22
s000003364,FOz25
s000008180,FOz25
s000001619,FOz25
s000005633,FOz25
s000004552,FOz25
s000001557,FOz29
s000010373,FOz29
s000000395,FOz29
s000000700,FOz29
s000010373,FOz29
s000010374,FOz29
s000010375,FOz29
s000001728,FPy1
s000003924,FPy1
s000001453,FPy1
s000004843,FPy1
s000003049,FPy1
s000010376,FPy1
s000000918,Fpy7
s000010377,Fpy7
s000010378,Fpy7
s000000320,Fpy7
s000004508,Fpy7
s000004774,Fpy7
s000005898,Fpy7
s000002771,FPy8
s000006167,FPy8
s000010379,FPy8
s000010380,FPy8
s000010381,FPy8
s000006455,FPy8
s000005831,FPy10
s000000476,FPy10
s000003504,FPy10
s000000680,FPy10
s000001735,FPy20
s000005551,FPy20
s000002060,FPy20
s000001453,FPy20
s000005197,FPy22
s000000808,FPy22
s000005238,FPy22
s000004249,FPy22
s000010382,FPy22
s000010383,FPy22
s000010384,FPy22
s000010385,FPy30
s000010386,FRa10
s000010387,FRa10
s000010388,FRa10
s000010389,FRa10
s000005319,FrC1
s000000320,FrC1
s000010390,FrC1
s000002614,FrC1
s000001433,FrC1
s000010391,FrC1
s000001562,FrC1
s000003876,FrD10
s000006235,FrD10
s000010392,FrD10
s000010393,FrD10
s000010394,FrD10
s000000094,FrD10
s000010395,FrE10
s000010396,FrE10
s000010397,FrE10
s000010398,FrE10
s000010399,FrE10
s000010400,FrE10
s000010401,FrE10
s000003576,FrF26
s000001468,FrF26
s000008725,FrF26
s000010402,FrF26
s000010403,FrF26
s000010404,FrF26
s000010405,FrF28
s000010406,FrF28
s000010407,FrF28
s000002781,FrF28
s000000799,FrF28
s000004044,FrF30
s000005272,FrF35
s000001391,FrF35
s000003866,FrF35
s000004838,FrF35
s000001189,FrF35
s000010408,FrF35
s000010409,FrF35
s000010410,FrF35
s000002425,FrF35
s000004625,FrF40
s000002680,FrF40
s000010411,FrF40
s000001189,FrF40
s000003273,FrF40
s000002894,FrF40
s000004786,FrF45
s000001669,FrF45
s000010196,FrF45
s000002915,FrF45
s000002457,FrF45
s000001809,FrF45
s000003273,FrF45
s000010412,FrG10
s000010413,FrG10
s000001919,FrG10
s000010414,FrG10
s000010415,FrG10
s000010416,FrG10
s000010417,FrG10
s000010418,FrG10
s000006056,FrG10
s000010419,FrG10
s000010420,FrG10
s000010421,FrG10
s000010422,FrG10
s000005319,FrH10
s000010423,FrH10
s000010424,FrH10
s000003801,FrH10
s000005548,FrH10
s000006092,FrH10
s000010425,FrH10
s000010426,FrH10
s000010427,FrH10
s000001198,FRJ30
s000000484,FRJ30
s000000102,FRJ30
s000006101,FRJ30
s000003755,FRJ30
s000002394,FRJ30
s000010428,FRK10
s000010429,FRK10
s000006049,FRK10
s000010430,FRK10
s000002671,FRK10
s000008413,FRK10
s000010431,FRK10
s000004810,FrL10
s000002963,FrL10
s000006817,FrL10
s000001432,FrM1
s000010432,FrM1
s000007666,FrM1
s000005520,FrM1
s000010433,FrM1
s000003132,FrM1
s000010434,FrM1
s000006869,FrM6
s000008814,FrM6
s000002934,FrM6
s000010435,FrM6
s000010436,FrM6
s000006859,FrM6
s000010437,FrM6
s000010438,FrM6
s000001381,FrM6
s000006699,FrM10
s000006859,FrM10
s000010439,FrM10
s000006859,FrM10
s000010440,FrM10
s000010441,FrM10
s000010442,FrM10
s000007066,FrN3
s000010443,FrN3
s000000439,FrN3
s000010444,FrN5
s000004497,FrN5
s000007114,FrN5
s000003725,FrN5
s000010445,FrN5
s000010446,FrN5
s000008637,FrN5
s000010447,FrN5
s000004626,FrN8
s000000849,FrN8
s000010448,FrN8
s000004052,FrN8
s000008573,FrN8
s000006089,FrN9
s000005382,FrN9
s000002188,FrN11
s000004492,FrN11
s000006437,FrN11
s000006642,FRo8
s000010449,FRo8
s000005979,FRo8
s000003236,FRo10
s000000546,FRo20
s000010450,FRo20
s000010451,FRo20
s000010452,FRo20
s000010453,FRo20
s000010454,FRo20
s000010455,FRo20
s000010456,FRo20
s000010457,FRo20
s000010458,FRo20
s000010459,FRo20
s000006375,FRo28
s000001410,FRo28
s000010460,FRo28
s000009113,FRo28
s000006022,FrP2
s000003409,FrP2
s000002691,FrP10
s000005714,FrP10
s000005329,FrP10
s000005531,FrP10
s000006740,FrP10
s000002814,FrP10
s000003124,FrP14
s000005272,FrP14
s000001528,FrP14
s000005377,FrP14
s000002868,FrP14
s000006433,FrR17
s000010461,FrR17
s000010462,FrR17
s000003999,FrR17
s000010463,FrR17
s000010464,FrR17
s000010465,FrR20
s000001641,FrR20
s000010466,FrR20
s000006859,FrR20
s000006859,FrR20
s000005757,FrS10
s000003538,FrS10
s000010272,FrS10
s000010467,FrS10
s000010468,FrS10
s000002865,FrT5
s000005378,FrT5
s000005453,FrT5
s000006271,FrT5
s000001732,FrT5
s000010469,FrT5
s000006669,FrT5
s000001276,FrT5
s000005012,FrT7
s000005241,FrT7
s000002098,FrT7
s000001925,FrT7
s000010470,FrT7
s000003964,FrT10
s000003640,FrT10
s000003837,FrT10
s000003887,FrT10
s000010471,FrT10
s000002173,FrT10
s000010472,FrT10
s000010473,FrT10
s000001820,FrT10
s000003901,FrT13
s000001885,FrT13
s000004645,FrT13
s000003132,FrT13
s000006965,FrT13
s000003719,FrT13
s000008877,FrT13
s000010474,FrT13
s000010475,FrT13
s000010476,FrT13
s000008878,FrT13
s000006859,FrT13
s000003132,FrT13
s000010477,FrT13
s000010478,FrT13
s000006859,FrT13
s000003901,FrT16
s000005129,FrT16
s000001695,FrT16
s000000599,FrT16
s000006683,FrT16
s000010479,FrT16
s000003640,FrT20
s000004036,FrT20
s000002192,FrT20
s000010480,FrT20
s000001230,FrT20
s000001842,FrT20
s000002309,FrT20
s000010481,FrT20
s000005945,FrT20
s000001344,FrT22
s000006452,FrT22
s000005241,FrT22
s000006486,FrT22
s000006269,FrT22
s000002280,FrT22
s000004115,FrT22
s000000536,FrT22
s000010482,FrT22
s000003640,FrT23
s000006805,FrT23
s000000132,FrT23
s000000059,FrT23
s000005748,FrT23
s000002992,FrT23
s000000390,FrT23
s000003640,FrT25
s000005129,FrT30
s000004390,FrT30
s000001818,FrT30
s000001556,FrT30
s000006419,FrT30
s000005384,FrT30
s000001493,FrT32
s000006122,FrT32
s000010483,FrT32
s000004100,FrT32
s000003802,FrT32
s000000151,FrT32
s000010484,FrT32
s000010485,FrT32
s000003966,FrT32
s000006213,FrT32
s000006859,FrV10
s000001568,FrV10
s000010486,FrV10
s000001568,FrV20
s000010486,FrV20
s000002103,FrW1
s000001840,FrW1
s000010487,FrW1
s000000793,FrW1
s000002565,FrW1
s000000078,FrW1
s000000132,FrW10
s000004680,FrW10
s000010488,FrW10
s000010487,FrW10
s000000602,FrW10
s000003550,FrW10
s000010489,FSc5
s000010490,FSc5
s000004540,FSc10
s000000846,FSc10
s000005382,FSc10
s000002993,FSc13
s000001354,FSc13
s000003720,FSc13
s000006020,FSc15
s000001421,FSc15
s000006322,FSc15
s000002272,FSc15
s000005979,FSc15
s000004119,FSc15
s000004525,FSc15
s000003974,FSc18
s000008869,FSc18
s000006020,FSc20
s000004525,FSc20
s000006859,FSc20
s000006859,FSc20
s000010491,FSc20
s000010492,FSc20
s000008183,FSc20
s000010493,FSc20
s000001221,FSc25
s000004921,FSc25
s000005557,FSc25
s000000699,FSc25
s000010494,FSc25
s000002087,FSc25
s000005455,FSc25
s000005633,FSc27
s000001047,FSc29
s000008366,FSc29
s000006049,FSc29
s000004119,FSc29
s000001487,FSc29
s000002976,FSc29
s000007474,FSc29
s000002542,FSc29
s000010495,FSc29
s000001398,FSc29
s000007039,FSc31
s000005470,FSc31
s000004021,FSc31
s000006859,FSc31
s000006860,FSc31
s000006860,FSc31
s000008119,FSc31
s000010496,FSc34
s000006860,FSc34
s000010497,FSc34
s000003828,FSh10
s000005565,FSh10
s000007925,FSl10
s000010498,FSl10
s000010499,FSl10
s000010500,FSl10
s000010501,FSl10
s000010502,FSl10
s000010503,FSl10
s000000243,FSt10
s000000461,FSt10
s000002154,FSt10
s000010504,FSt10
s000006785,FSt10
s000001680,FSt10
s000003448,FSt20
s000005781,FSt20
s000010505,FSt20
s000006859,FSt20
s000002532,FSt20
s000003699,FSt20
s000001662,FSt20
s000010506,FSt20
s000010507,FT1
s000010508,FT1
s000003562,FT2
s000010509,FT2
s000010510,FT2
s000010511,FT2
s000000277,FT3
s000008552,FT3
s000010512,FT3
s000010513,FT3
s000010514,FT3
s000000656,FT3
s000004365,FT4
s000010515,FT4
s000010516,FT4
s000010517,FT4
s000010512,FT4
s000010518,FT4
s000006859,FT4
s000010519,FT6
s000001665,FT6
s000010520,FT6
s000010521,FT6
s000010522,FT6
s000010523,FT6
s000010524,FT6
s000010525,FT6
s000007609,FT6
s000010517,FT6
s000010526,FT6
s000010527,FT6
s000006594,FT7
s000001096,FT7
s000001096,FT7
s000001390,FT7
s000001613,FT7
s000005868,FT7
s000003631,FT7
s000004365,FT8
s000010528,FT8
s000000659,FT8
s000001560,FT8
s000007613,FT8
s000000720,FT8
s000003730,FT8
s000003562,FT9
s000005655,FT9
s000010529,FT9
s000000459,FT10
s000001555,FT10
s000000659,FT10
s000000647,FT10
s000010530,FT11
s000006283,FT11
s000010531,FT11
s000001455,FT11
s000003562,FT12
s000010529,FT12
s000010532,FT12
s000010521,FT12
s000003934,FT13
s000010533,FT13
s000003562,FT13
s000009509,FT13
s000010534,FT13
s000010535,FT14
s000000704,FT14
s000001560,FT14
s000009381,FT14
s000006859,FT14
s000006859,FT14
s000000563,FT15
s000000257,FT15
s000010195,FT15
s000003562,FT15
s000010536,FT15
s000005961,FT15
s000010537,FT15
s000006283,FT15
s000010538,FT15
s000000412,FT15
s000010539,FT15
s000000038,FT16
s000010540,FT16
s000010534,FT16
s000010541,FT16
s000008537,FT18
s000010542,FT18
s000010543,FT18
s000010544,FT18
s000001560,FT20
s000002069,FT20
s000000647,FT20
s000002042,FT20
s000000412,FT20
s000002306,FT20
s000000632,FT20
s000001068,FT20
s000005075,FT20
s000004896,FT20
s000001761,FT20
s000000357,FT20
s000003056,FT20
s000004323,FT20
s000000959,FT20
s000001455,FT20
s000003593,FT20
s000006283,FT21
s000000412,FT21
s000010545,FT21
s000001455,FT21
s000003562,FT22
s000010529,FT22
s000008946,FT22
s000010536,FT22
s000007015,FT22
s000010546,FT22
s000001555,Ft24
s000010547,FT24
s000001568,FT24
s000010548,FT24
s000001568,FT28
s000010081,FT28
s000007014,FT28
s000010549,FT28
s000010081,FT30
s000010022,FT30
s000007328,FT30
s000010550,FT30
s000007761,FTa10
s000010551,FTa10
s000010369,FTa10
s000004384,FTa10
s000010552,FTa10
s000006859,FTr10
s000006859,FTr10
s000006859,FTr10
s000006859,FTr10
s000000323,FTr12
s000000323,FTr14
s000002460,FTr14
s000008869,FTr14
s000004180,FTu7
s000010553,FTu7
s000001214,FTu7
s000000664,FTu10
s000003913,FTu10
s000009754,FTu10
s000000451,FTu10
s000010554,FTu15
s000007127,FTu15
s000006832,FTu15
s000002392,FTu15
s000006220,FTu15
s000010506,FTu15
s000001636,FTu15
s000001344,FTu19
s000010555,FTu19
s000000829,FTu19
s000000092,FTu19
s000010556,FTu19
s000002994,FTu19
s000000886,FTu19
s000010557,FTu19
s000010558,FTu19
s000010559,FTu19
s000000917,FTu20
s000006032,FTu20
s000010560,FTu20
s000000205,FTu20
s000004429,FTu20
s000006131,FTu20
s000003896,FTu20
s000010561,FTu20
s000002325,FTu20
s000000317,FTu20
s000001344,FTu23
s000000940,FTu23
s000006832,FTu23
s000005789,FTu23
s000004761,FTu23
s000006094,FTu23
s000000205,FTu25
s000005104,FTu25
s000001636,FTu25
s000010562,FTu25
s000007317,FTu25
s000004239,FTu25
s000003437,FTu50
s000010563,FTu50
s000005042,FTu50
s000001329,FTu50
s000003960,FTu50
s000005143,FTu50
s000003550,FTu50
s000000470,FTu60
s000005757,FTu60
s000000599,FTu60
s000006263,FTu60
s000010564,FTu60
s000003856,FTu60
s000003184,FWa10
s000001760,FWa10
s000001597,FWa10
s000002896,FWh5
s000000395,FWh5
s000008017,FWh5
s000010565,FWh5
s000000812,FWh10
s000010566,FWh10
s000005423,FWh10
s000006859,FWh10
s000006695,FWs10
s000006056,FWs10
s000005748,FWs10
s000003115,FWs10
s000010567,FWs10
s000001224,FWs10
s000010568,FWs10
s000010569,FWs10
s000010570,FWs10
s000010571,FWs10
s000010572,FWs10
s000010573,FWs10
s000010574,FWs10
s000010575,FWs10
s000010576,FWs10
s000004090,FWx10
s000006113,FWx10
s000004785,FWx10
s000001338,FWx10
s000002498,FWx10
s000006641,FWx10
s000000793,FWx10
s000003468,FWx10
s000010577,FWx10
s000006570,FWx10
s000006859,FWx10
s000006113,FWx15
s000004375,FWx15
s000001700,FWx15
s000006859,FWx15
s000002498,FWx18
s000001338,FWx18
s000001700,FWx18
s000006859,FWx18
s000004648,FWx20
s000003955,FWx20
s000007255,FWx20
s000003468,FWx20
s000005989,FWx20
s000010578,FWx20
s000004950,FWx30
s000002098,FWx30
s000004578,FWx30
s000001259,FxB10
s000010579,FxB10
s000001763,FxB10
s000002871,FxB10
s000010580,FxB10
s000010581,FxB10
s000003234,FxB10
s000005693,FxB10
s000000700,FxB10
s000001252,FZ6
s000000700,FZ8
s000006567,FZ8
s000006790,FZ8
s000005801,FZ8
s000010582,FZ8
s000006567,FZ8
s000005984,FZ8
s000001252,FZ10
s000003251,FZ10
s000000727,FZ10
s000004292,FZ10
s000003166,FZ10
s000003413,FZ10
s000001043,FZ10
s000007543,FZ10
s000006346,FZ10
s000002620,FZ11
s000006531,FZ11
s000001596,FZ11
s000002116,FZ11
s000002222,FZ11
s000001802,FZ11
s000003466,FZ12
s000003293,FZ12
s000005772,FZ12
s000001138,FZ12
s000000648,FZ12
s000005183,FZ12
s000010583,FZ12
s000006859,FZ12
s000006859,FZ12
s000006859,FZ12
s000006859,FZ12
s000003854,FZ13
s000010584,FZ13
s000003139,FZ13
s000005914,FZ13
s000002387,FZ13
s000002428,FZ13
s000004533,FZ13
s000000061,FZ13
s000003545,FZ13
s000002028,FZ13
s000010585,FZ13
s000010586,FZ13
s000010587,FZ13
s000006637,FZ13
s000002755,FZ14
s000001994,FZ14
s000006843,FZ14
s000000215,FZ14
s000003047,FZ14
s000001751,FZ14
s000001186,FZ14
s000006011,FZ14
s000003075,FZ14
s000004298,FZ15
s000003293,FZ15
s000003095,FZ15
s000006330,FZ15
s000010588,FZ15
s000004196,FZ15
s000006547,FZ15
s000005100,FZ15
s000004867,FZ17
s000005665,FZ17
s000005590,FZ18
s000005674,FZ18
s000006587,FZ18
s000004124,FZ18
s000002798,FZ18
s000002086,FZ19
s000000287,FZ19
s000000734,FZ19
s000001390,FZ19
s000010589,FZ19
s000005000,FZ19
s000005655,FZ19
s000005776,FZ19
s000006601,FZ19
s000007870,FZ19
s000010590,FZ19
s000001556,FZ19
s000010591,FZ19
s000002038,FZ20
s000005318,FZ20
s000005178,FZ20
s000004470,FZ20
s000005560,FZ20
s000002833,FZ20
s000006020,FZ20
s000002320,FZ20
s000004544,FZ20
s000001556,FZ20
s000003141,FZ20
s000004874,FZ20
s000001221,FZ21
s000000703,FZ21
s000006713,FZ21
s000006113,FZe1
s000000842,FZe1
s000006818,FZe1
s000001390,FZe1
s000005872,FZe1
s000002825,FZe1
s000010592,FZe1
s000010593,FZe1
s000006565,FZe1
s000006633,FZe2
s000002980,FZe2
s000004740,FZe2
s000006818,FZe2
s000004091,FZe2
s000002781,FZe2
s000010594,FZe2
s000010595,FZe2
s000010596,FZe2
s000010597,FZe2
s000010540,FZe2
s000010598,FZe2
s000004690,FZe2
s000001932,FZe3
s000009212,FZe3
s000002490,FZe3
s000003552,FZe3
s000010599,FZe3
s000004315,FZe3
s000010195,FZe3
s000006432,FZe5
s000001735,FZe5
s000008948,FZe5
s000003975,FZe5
s000006501,FZe5
s000002790,FZe5
s000000599,FZe5
s000001246,FZe5
s000001357,FZe6
s000002778,FZe6
s000005714,FZe6
s000003318,FZe6
s000006011,FZe6
s000004475,FZe6
s000003374,FZe6
s000004236,FZe6
s000001641,FZe10
s000010600,FZe10
s000010601,FZe10
s000010602,FZe10
s000002271,FZe15
s000001144,FZe15
s000000398,FZe15
s000002850,FZe15
s000005590,FZe15
s000010603,FZe15
s000010604,FZe15
s000010605,FZe15
s000010606,FZe21
s000004768,FZe21
s000002978,FZe21
s000004979,FZe21
s000010607,FZe21
s000005573,FZe21
s000010608,FZe21
s000010609,FZe21
s000010610,FZe21
s000006859,FZe21
s000006859,FZe21
s000006859,FZe21
s000006227,FZe23
s000010611,FZe23
s000005819,FZe23
s000004979,FZe23
s000001075,FZe23
s000010612,FZe23
s000010613,FZe23
s000010614,GAd5
s000004090,GAd5
s000000069,GAd5
s000002363,GAd5
s000003959,GAd5
s000010615,GAd5
s000005734,GAd5
s000010616,GAe10
s000008183,GAe10
s000010617,GAe10
s000010618,GAe10
s000005530,GAe10
s000008248,GAe10
s000010619,GAe10
s000001555,GAg10
s000010620,GAg10
s000010621,GAg10
s000005372,GaK4
s000004587,GaK4
s000001153,GaK4
s000000065,GaK4
s000001140,GaK4
s000006282,GaK4
s000002392,GaK5
s000001749,GaK5
s000004836,GaK5
s000005609,GaK5
s000007934,GaK5
s000010622,GaK5
s000003717,GaK6
s000003531,GaK6
s000002199,GaK6
s000000927,GaK6
s000010623,GaK6
s000005372,GaK7
s000004187,GaK7
s000003948,GaK7
s000004467,GaK7
s000005757,GaK7
s000008507,GaK7
s000005653,GaK7
s000010624,GaK7
s000005064,GaK20
s000003310,GaK20
s000000788,GaM10
s000002850,GaM10
s000010625,GaM10
s000000216,GaM10
s000002179,GaM10
s000010626,GaM10
s000010627,GaM10
s000010628,GaO10
s000010629,GaO10
s000010630,GaO10
s000010631,GaO10
s000010632,GaO10
s000010633,GaO10
s000001281,GAr58
s000001749,GAr58
s000003769,GAr58
s000001865,GAr58
s000001822,GAr58
s000002693,GAr58
s000010634,GAr58
s000008503,GAr58
s000004689,GAr59
s000007342,GAr59
s000001124,GAr59
s000000196,GAr59
s000010635,GAr59
s000010636,GAr59
s000008441,GAr60
s000001629,GAr60
s000000196,GAr60
s000004082,GAr60
s000000235,GAr60
s000010637,GAr60
s000002760,GAr60
s000003007,GAr60
s000010638,GAr60
s000002865,GAr80
s000005409,GAr80
s000004193,GAr80
s000003414,GAr80
s000001561,GAr80
s000002927,GAS10
s000006061,GAS10
s000002675,GAS10
s000006859,GaT7
s000010639,GaT10
s000000492,GaT10
s000010640,GaT10
s000003507,GaT10
s000006301,GaT10
s000009922,GaT10
s000010641,GaT10
s000010642,GaT10
s000001623,GaT10
s000010643,GaT10
s000010644,GaT11
s000010645,GaT11
s000001381,GaT11
s000010646,GaT11
s000006689,GaT11
s000010647,GaT11
s000010648,GaT11
s000005794,GaT11
s000003927,GaT11
s000001090,GaT11
s000010649,GaT11
s000002947,GaT18
s000004341,GaW10
s000005064,GaW10
s000004557,GaW10
s000001156,GaW10
s000002281,GaW10
s000000252,GAx1
s000001940,GAx1
s000003360,GAx1
s000010650,GAx1
s000010651,GAx1
s000010652,GAx1
s000010653,GAx1
s000010654,GAx1
s000000123,GAx1
s000000070,GBl10
s000001434,GBl10
s000003460,GBl10
s000006049,GBl20
s000005840,GBl20
s000010655,GBl20
s000000790,GBl20
s000006348,GBo5
s000008480,GBo5
s000003496,GBo5
s000003213,GBo15
s000003526,GBo15
s000004064,GBo15
s000001629,GBS42
s000006714,GBS42
s000000439,GBS42
s000010656,GBS42
s000005609,GBS92
s000000351,GBS92
s000000867,GBS92
s000006653,GBS92
s000000156,GBS92
s000010657,GBS92
s000010658,GBS92
s000010659,GBS92
s000006859,GBS92
s000000379,GBS93
s000000857,GBS93
s000005399,GBS93
s000010660,GBS93
s000002513,GBS93
s000006001,GBS95
s000002835,GBS95
s000005399,GBS95
s000010660,GBS95
s000002513,GBS95
s000005462,GBS95
s000002981,GBS96
s000002202,GBS97
s000006302,GBS97
s000004950,GBS100
s000007343,GBS100
s000003257,GBS100
s000004879,GBS100
s000002926,GBS100
s000004287,GBS100
s000005425,GBS100
s000002669,GBS100
s000010661,GBS100
s000010662,GBS100
s000010663,GBS100
s000010664,GBS100
s000010665,GBS100
s000010666,GBS100
s000005030,GBS103
s000004757,GBS103
s000002202,GBS110
s000002410,GBS130
s000010667,GBS130
s000002202,GBS132
s000005183,GBS144
s000006676,GBS145
s000004908,GBS145
s000002397,GBS150
s000009776,GBS150
s000003955,GBS150
s000010668,GBS150
s000003281,GBo10
s000003542,GBo10
s000003283,GBo10
s000000083,GBo10
s000002235,GBo10
s000003495,GBW10
s000004514,GBW10
s000004030,GC1
s000002853,GC1
s000001018,GC1
s000010669,GC1
s000002819,GC1
s000003781,GC1
s000003913,GC3
s000001108,GC3
s000001350,GC3
s000001231,GC3
s000000722,GC3
s000005904,GC3
s000000327,GC4
s000000749,GC4
s000010670,GC4
s000010671,GC4
s000004893,GC4
s000004840,GC4
s000000481,GC7
s000005710,GC7
s000002567,GC7
s000005145,GC7
s000010672,GC7
s000000423,GC7
s000010673,GC7
s000000376,GC8
s000002757,GC8
s000000820,GC8
s000003896,GC8
s000010674,GC8
s000005929,GC8
s000001018,GC8
s000004840,GC8
s000000481,GC10
s000010675,GC10
s000010676,GC10
s000005382,GC10
s000010670,GC10
s000005904,GC10
s000004287,GC10
s000003752,GC10
s000006544,GC10
s000005775,GC10
s000001706,GC11
s000000441,GC11
s000002603,GC11
s000000379,GC11
s000000376,GC11
s000000820,GC11
s000006248,GC11
s000003763,GC11
s000010677,GC11
s000002772,GC11
s000004389,GC11
s000002533,GC11
s000002853,GC11
s000005360,GC11
s000004287,GC11
s000004840,GC11
s000002757,GC12
s000003781,GC12
s000004812,GC12
s000001518,GC12
s000000484,GC12
s000000857,GC12
s000004689,GC12
s000004325,GC12
s000005929,GC12
s000003708,GC12
s000002806,GC12
s000001166,GC12
s000000384,GC13
s000003554,GC13
s000001989,GC13
s000006832,GC13
s000004689,GC13
s000004855,GC13
s000005144,GC13
s000010678,GC13
s000004747,GC13
s000010677,GC13
s000000090,GC13
s000005119,GC13
s000006681,GC13
s000000379,GC13
s000006001,GC13
s000004450,GC13
s000003468,GC13
s000000869,GC13
s000010679,GC13
s000010680,GC13
s000006482,GC13
s000006261,GC13
s000002757,GC14
s000002392,GC14
s000002498,GC14
s000000049,GC14
s000004855,GC14
s000002907,GC15
s000005690,GC15
s000000376,GC15
s000005144,GC15
s000004689,GC15
s000003382,GC15
s000005808,GC15
s000010675,GC15
s000006520,GC15
s000010681,GC15
s000001564,GC15
s000002047,GC15
s000001591,GC15
s000006129,GC15
s000002188,GC16
s000006121,GC16
s000000379,GC16
s000001428,GC16
s000010682,GC16
s000006323,GC16
s000001334,GC16
s000004700,GC16
s000005119,GC16
s000001140,GC16
s000002392,GC17
s000002757,GC17
s000002884,GC17
s000001632,GC17
s000000273,GC17
s000004599,GC17
s000003382,GC17
s000001428,GC17
s000000351,GC17
s000005690,GC19
s000001326,GC19
s000005459,GC19
s000000617,GC19
s000002325,GC19
s000002041,GC19
s000010683,GC19
s000005011,GC19
s000010684,GC19
s000006573,GC19
s000002981,GC19
s000003871,GC19
s000004339,GC19
s000002872,GC19
s000001326,GC20
s000003913,GC20
s000002981,GC20
s000000978,GC20
s000002707,GC20
s000000793,GC20
s000000867,GC20
s000005085,GC20
s000001530,GC20
s000003871,GC20
s000001179,GC20
s000002757,GC21
s000002553,GC21
s000002392,GC21
s000005968,GC21
s000002981,GC21
s000006832,GC21
s000002904,GC21
s000004506,GC21
s000001428,GC21
s000006573,GC21
s000000751,GC21
s000001326,GC22
s000001680,GC22
s000006384,GC22
s000004000,GC22
s000004761,GC22
s000000394,GC22
s000003871,GC22
s000004164,GC22
s000002280,GC22
s000002188,GC23
s000002188,GC23
s000001680,GC23
s000000481,GC23
s000006832,GC23
s000005936,GC23
s000002363,GC23
s000009167,GC23
s000000678,GC26
s000000510,GC26
s000001297,GC26
s000006641,GC26
s000001880,GC26
s000003507,GC26
s000010685,GC26
s000000716,GC26
s000002819,GC26
s000001198,GC29
s000006740,GC29
s000002664,GC29
s000004645,GC29
s000002757,GC30
s000006249,GC30
s000002844,GC30
s000001885,GC30
s000002515,GC30
s000006550,GC30
s000001845,GC30
s000004363,GC30
s000003381,GC30
s000006249,GC31
s000003293,GC31
s000002962,GC31
s000001644,GC31
s000010686,GC31
s000003096,GC31
s000002844,GC33
s000001325,GC33
s000002839,GC33
s000005984,GC33
s000002757,GC36
s000006249,GC36
s000005150,GC36
s000000284,GC36
s000005011,GC36
s000001224,GC36
s000000748,GC36
s000010687,GC36
s000010688,GC36
s000010689,GC36
s000002844,GC38
s000003612,GC38
s000003542,GC38
s000002202,GC39
s000003996,GC39
s000000984,GC39
s000002193,GC40
s000006254,GC40
s000002391,GC40
s000003250,GC41
s000003272,GC41
s000002233,GC41
s000000612,GC44
s000000921,GC44
s000006860,GC44
s000004773,GC44
s000008865,GC44
s000001584,GC44
s000010690,GC44
s000010691,GC44
s000010692,GC44
s000004319,GC45
s000004313,GC45
s000005129,GC45
s000006628,GC45
s000010693,GC45
s000010694,GC45
s000001344,GC45
s000003250,GC45
s000000518,GC45
s000004313,GC47
s000010695,GC47
s000001059,GC47
s000002755,GC48
s000002637,GC48
s000002847,GC48
s000006628,GC48
s000007255,GC48
s000000719,GC48
s000000548,GC48
s000010696,GC48
s000001842,GC48
s000006521,GC48
s000006113,GC52
s000006113,GC52
s000006113,GC52
s000006113,GC52
s000002193,GC52
s000006317,GC52
s000002038,GC52
s000000152,GC52
s000002237,GC52
s000006521,GC52
s000001167,GC52
s000000500,GC54
s000000563,GC54
s000005631,GC54
s000000608,GC54
s000000702,GC54
s000010697,GC54
s000005470,GC54
s000001172,GCh10
s000010698,GCh10
s000002207,GCh10
s000001263,GCh10
s000004799,GCh10
s000010699,GCh10
s000010700,GCh10
s000008193,GCh20
s000006050,GCh20
s000010701,GCh20
s000002934,GCh20
s000000312,GCh23
s000006906,GCh23
s000001237,GCh23
s000010702,GCh23
s000008806,GCh23
s000010703,GCh23
s000010704,GCh23
s000010705,GCh23
s000010706,GCh23
s000010707,GCh23
s000010708,GCh23
s000004786,GCl10
s000003471,GCl10
s000010709,GCl20
s000010710,GCl20
s000010711,GCl20
s000006859,GCl20
s000010712,GCl20
s000006859,GCl20
s000010713,GCl20
s000010714,GCl20
s000006347,GCo1
s000010715,GCo1
s000001954,GCo1
s000010716,GCo1
s000010717,GCo1
s000006859,GCo1
s000010718,GCo1
s000006859,GCo1
s000005597,GCS10
s000000387,GCS10
s000005693,GCS10
s000002939,GCS10
s000006835,GCS10
s000001209,GCt20
s000000749,GCt20
s000006409,GCt20
s000000903,GCt20
s000003002,GCt20
s000003006,GCt20
s000001209,GCt21
s000002022,GDa10
s000006540,GDa10
s000000528,GDa10
s000005555,GDa10
s000003612,GDG1
s000001726,GDG1
s000001437,GDG1
s000000301,GDG1
s000007000,GDG1
s000010719,GDG1
s000008007,GDG1
s000010720,GDo2
s000004127,GDo4
s000003256,GDo4
s000009919,GDo4
s000010721,GDo4
s000010722,GDo4
s000004967,GDo4
s000005998,GDo4
s000000917,GDo18
s000001475,GDo18
s000003151,GDo18
s000001710,GDo18
s000001622,GDo18
s000001574,GDo23
s000003806,GDo23
s000010723,GDo23
s000002528,GDo23
s000001018,GDo23
s000002292,GDo23
s000008867,GDo23
s000003863,GDo32
s000003757,GDo32
s000006604,GDo32
s000004234,GDo32
s000006597,GDo32
s000002498,GDo37
s000006637,GDo37
s000000203,GDo37
s000010724,GDo37
s000005952,GDo37
s000004810,GDo37
s000010725,GDo37
s000010726,GDo37
s000005555,GDo37
s000006112,GDo37
s000004585,GDo37
s000003437,GDo39
s000000104,GDo39
s000006637,GDo39
s000001937,GDo39
s000010727,GDo39
s000010728,GDo39
s000003880,GDo49
s000002958,GDo49
s000006765,GDo49
s000007506,GDo49
s000010729,GDo49
s000004643,GDo50
s000001878,GDo50
s000004210,GDo50
s000001339,GDo50
s000010730,GDo71
s000003542,GDo71
s000001226,GDo71
s000000854,GDo71
s000006341,GDo71
s000003507,GDo71
s000000320,GDo71
s000003415,GDo71
s000000165,GDo74
s000001266,GDo74
s000001344,GDo74
s000010731,GDo74
s000010732,GDo74
s000001369,GDo74
s000005026,GDo74
s000001225,GDo74
s000000854,GDo74
s000006806,GDo74
s000001154,GDo76
s000001152,GDo76
s000010733,GDo76
s000009570,GDo76
s000001724,GDo76
s000005772,GDo78
s000005772,GDo79
s000005221,GDo79
s000000563,GDo79
s000004166,GDo79
s000003367,GDo79
s000008958,GDo79
s000000609,GDo79
s000006723,GDo79
s000004482,GDo79
s000002132,GDo79
s000010734,GDo79
s000005772,GDo81
s000004986,GDo83
s000003471,GDo83
s000004139,GDo83
s000003370,GDo92
s000003250,GDo92
s000000854,GDo92
s000002991,GDo92
s000002274,GDo92
s000004283,GDo92
s000003892,GdS2
s000006341,GdS2
s000001690,GdS2
s000007103,GdS2
s000006892,GdT10
s000010735,GdT10
s000004894,GdT10
s000010736,GdT14
s000010737,GdT14
s000009325,GdT14
s000010738,GdT14
s000006290,GDu10
s000000144,GDu10
s000000310,GeA10
s000003601,GeA10
s000006496,GeA10
s000010739,GeA10
s000008816,GeA30
s000008180,GeA30
s000000185,GeA30
s000001712,GeA30
s000000269,GeA30
s000005585,GeB3
s000010740,GeB3
s000010741,GeB3
s000010742,GeB3
s000010743,GeB10
s000010744,GeB10
s000010745,GeB10
s000010746,GeB10
s000003453,GeE10
s000010747,GeE10
s000010748,GeE10
s000010749,GeE10
s000010750,GeE10
s000010751,GeE10
s000010752,GeE10
s000010753,GeE10
s000010754,GeE10
s000010755,GeE10
s000010756,Gee10
s000010757,GeE10
s000010758,GeE10
s000010759,GeE10
s000010760,GeE10
s000001777,GeH10
s000000312,GeH10
s000010761,GeH10
s000010762,GeH10
s000008906,GeH10
s000005798,GeK5
s000010763,GeK5
s000010764,GeK5
s000010765,GeK5
s000010766,GeK5
s000003781,GeK10
s000000409,GeK10
s000001683,GeK10
s000006485,GeK10
s000006398,GeK10
s000001133,GeK20
s000002504,GeK20
s000005775,GeK20
s000006932,GeK20
s000008856,GeK20
s000000198,GeK20
s000006671,GeK20
s000002271,GeM2
s000005506,GeM2
s000000833,GeM2
s000001679,GeM5
s000006178,GeM5
s000000824,GeM5
s000002271,GeM6
s000004277,GeM6
s000002271,GeM15
s000006303,GeM15
s000004572,GeM17
s000001075,GeM17
s000005531,GeM17
s000004921,GeM17
s000010767,GeM17
s000000996,GeM17
s000010768,GeM17
s000006859,GeM17
s000010769,GeM17
s000010770,GeM24
s000005531,GeM24
s000004603,GeM24
s000010771,GeM30
s000010772,GeM30
s000006859,GeM30
s000006859,GeM30
s000005399,GeM30
s000010773,GeM30
s000010774,GeM30
s000010775,GeM30
s000010776,GeM30
s000001189,GeO10
s000002525,GeO10
s000010777,GeO10
s000010410,GeO10
s000010778,GeO10
s000010779,GeO10
s000000831,GeO10
s000010780,GeO10
s000006849,GeP10
s000010781,GeP10
s000010782,GeP10
s000003276,GeP10
s000003169,GeP10
s000006491,GeP10
s000010783,GeP10
s000010784,GeP10
s000006849,GeP15
s000006849,GeP15
s000004331,GeP15
s000006211,GeP15
s000001356,GeP15
s000003079,GeP15
s000004208,GeP15
s000006849,GeP18
s000005173,GeP40
s000002038,GeP40
s000005548,GeP40
s000001867,GeQ10
s000005670,GeQ10
s000003034,GeQ10
s000010785,GeQ10
s000001381,GeQ10
s000005956,GeR1
s000008556,GeR1
s000005969,GeR1
s000005929,GeS15
s000001276,GeS15
s000010786,GeS15
s000010787,GeS15
s000008441,GeS17
s000000187,GeS17
s000005122,GeS17
s000000570,GeS17
s000000471,GeS17
s000010788,GeS27
s000010789,GeS27
s000010790,GeS27
s000010791,GeS27
s000007543,GeS27
s000002546,GeS29
s000004739,GeS29
s000000162,GeS29
s000000561,GeS29
s000001312,GeS29
s000006656,GeW3
s000003184,GeW3
s000001543,GeW3
s000001943,GeW3
s000006656,GeW5
s000002470,GeW5
s000000620,GeW5
s000010792,GeW5
s000005099,GeW5
s000003564,GeW5
s000002932,GeW5
s000001198,GF60
s000000330,GF60
s000010793,GF60
s000000271,GF70
s000010794,GF90
s000001252,GF90
s000000537,GF90
s000010795,GF90
s000003448,GF90
s000002188,GF150
s000010796,GF150
s000000379,GF150
s000006001,GF150
s000008503,GF150
s000004389,GF150
s000010123,GF150
s000002188,GF160
s000001680,GF160
s000008441,GF160
s000004352,GF160
s000002872,GF160
s000010797,GF160
s000002603,GF170
s000002392,GF170
s000006229,GF170
s000002951,GF170
s000006001,GF170
s000009921,GF170
s000010798,GF170
s000010799,GF170
s000004661,GF170
s000000812,GfD11
s000003311,GfD11
s000006649,GfD11
s000001047,GfD11
s000005090,GfD11
s000006859,GfD11
s000006859,GfD11
s000006859,GfD11
s000006859,GfD11
s000008816,GFi1
s000005945,GFi1
s000010800,GFi1
s000010801,GFi1
s000000311,GFi2x
s000010802,GFi2
s000010803,GFi2
s000003092,GFi2
s000010804,GFi2
s000008210,GFi2
s000010805,GFi2
s000010806,GFi2
s000010807,GFi2
s000006286,GFj10
s000010808,GFj10
s000010809,GFj10
s000008960,GFj10
s000003479,GFj15
s000000562,GFj15
s000006859,GFj15
s000010810,GFj15
s000010811,GFj20
s000006859,GFj20
s000006859,GFj20
s000006859,GFj20
s000002139,GFl10
s000003160,GFl10
s000006859,GFl10
s000000705,GFr35
s000010812,GFr35
s000006338,GFr35
s000008966,GFr35
s000002480,GFr35
s000000317,GgA9
s000000200,GgA9
s000000945,GgA9
s000004241,GgA9
s000000684,GgA9
s000003505,GgA9
s000005663,GgA9
s000010813,GGC10
s000000422,GGC10
s000010814,GGC10
s000007009,GGC10
s000000763,GGC10
s000000920,GGC10
s000002757,GGC10
s000009737,GGC14
s000000285,GGC14
s000006859,GGC14
s000010815,GGC14
s000010816,GGC14
s000010817,GGC14
s000007987,GGC14
s000008719,GGC14
s000001726,GGC14
s000000419,GgD10
s000000700,GgE10
s000007605,GgE10
s000010818,GgE10
s000002810,GgE10
s000002790,GgE10
s000010304,GgE10
s000010819,GgE10
s000010820,GGh10
s000010821,GGh10
s000001763,GgL1
s000004976,GgL1
s000010822,GgL1
s000004148,GgL1
s000010823,GgL1
s000001709,GgL2
s000002911,GgL2
s000006673,GgL2
s000003609,GgL2
s000005810,GgL2
s000002869,GgL2
s000003026,GgL2
s000002052,GgL2
s000001115,GgL2
s000010824,GgL2
s000006673,GgL2
s000005840,GgL2
s000010825,GgL2
s000005089,GgL2
s000002560,GgL3
s000002009,GgL3
s000002052,GgL3
s000007547,GgL3
s000004041,GgL3
s000001430,GgL3
s000000302,GgL3
s000005059,GgL3
s000001391,GgL3
s000003133,GgL3
s000004521,GgL5
s000007885,GgL5
s000005003,GgL5
s000010826,GgL5
s000010827,GgL5
s000001430,GgL5
s000000302,GgL5
s000010828,GgL5
s000004766,GgL5
s000010829,GgL6
s000005003,GgL6
s000007885,GgL6
s000010830,GgL6
s000010831,GgL6
s000010832,GGM10
s000010833,GGM10
s000000240,GGr8
s000000157,GGr8
s000002440,GGr8
s000010834,GGr8
s000006859,GGr8
s000010835,GGr8
s000000130,GGr8
s000005103,GGr18
s000001679,GGr18
s000005804,GGr18
s000010836,GGr18
s000002562,GGr18
s000010837,GGr18
s000006332,GGr18
s000008852,GgW10
s000010838,GgW10
s000010839,GgW10
s000006859,GgW10
s000003034,GGy10
s000007352,GGy10
s000004411,GGy10
s000005284,GGy10
s000010840,GGy10
s000006484,GGy10
s000008855,GH3
s000010841,GH3
s000006822,GH3
s000003668,GH3
s000006783,GH3
s000004342,GH3
s000002045,GH3
s000003466,GH8
s000001679,GH8
s000004690,GH8
s000003594,GH8
s000005601,GH8
s000000152,GH8
s000005740,GH8
s000001221,GH12
s000000568,GH12
s000002151,GH12
s000001783,GH12
s000003884,GH12
s000005494,GH12
s000000491,GH12
s000006698,GH12
s000003570,GH12
s000004035,GH12
s000003687,GH12
s000010842,GH12
s000001221,GH15
s000005985,GH15
s000002403,GH15
s000006764,GH15
s000006859,GH15
s000001503,GH15
s000000867,GH15
s000004035,GH15
s000003687,GH15
s000004354,GH16
s000003397,GH16
s000005653,GH16
s000003049,GH16
s000006860,GH16
s000002713,GH16
s000006859,GH16
s000006860,GH16
s000006860,GH16
s000006860,GH16
s000004035,GH16
s000003570,GH16
s000004354,GH17
s000001819,GH17
s000003576,GH17
s000000031,GH17
s000003049,GH17
s000006418,GH17
s000003786,GH17
s000004035,GH17
s000005674,GH25
s000002052,GH25
s000002086,GH25
s000000281,GH25
s000006113,GH30
s000002936,GH30
s000003507,GH30
s000001388,GH30
s000004625,GH30
s000002086,GH30
s000001050,GH30
s000010843,GH30
s000002403,GH30
s000003841,GHa10
s000002258,GHb10
s000008814,GHb10
s000010844,GHb10
s000010845,GHb10
s000010846,GHb10
s000007572,GHb10
s000010847,GHb10
s000010848,GHb10
s000010825,GHb10
s000010849,GHb10
s000006859,GHb10
s000004391,GHl7
s000000441,GHl7
s000004329,GHl7
s000006001,GHl7
s000002994,GHl7
s000008616,GHl7
s000010850,GHl7
s000001424,GHl7
s000000441,GHl9
s000006001,GHl9
s000002171,GHl9
s000008615,GHl9
s000002603,GHl9
s000002973,GHl9
s000000454,GHl9
s000004238,GHl9
s000001312,GHl15
s000006585,GHl15
s000010851,GHl15
s000010852,GHl15
s000000254,GHl15
s000010853,GHo10
s000002224,GHo10
s000010854,GHo10
s000006768,GHo10
s000010855,GHo10
s000003822,GHo10
s000004124,GHo10
s000004525,GiA10
s000001476,GiA10
s000002943,GiA10
s000002639,GiA30
s000002185,GiA30
s000009219,GiA30
s000010856,GiA30
s000007882,GiA30
s000010857,GiA30
s000005480,GiA32
s000005531,GiA32
s000010858,GiA32
s000007884,GiA32
s000009218,GiA32
s000010645,GiA32
s000010859,GiA32
s000008136,GiA32
s000006644,GiA32
s000005994,GiA32
s000007453,GiA35
s000007460,GiA35
s000010860,GiA35
s000010200,GiB10
s000010861,GiC3
s000002511,GiC3
s000010862,GiC3
s000004825,GiC3
s000005626,GiC10
s000006765,GiC10
s000000476,GiC10
s000002340,GiC10
s000010863,GiC10
s000010864,GiC10
s000001543,GiC10
s000002609,GiC10
s000010865,GiC10
s000001379,GiC10
s000000829,GiC12
s000004977,GiC12
s000006915,GiF10
s000010866,GiF10
s000005483,GiF10
s000002051,GiG10
s000005956,GiG10
s000010867,GiG10
s000010868,GiG10
s000010869,GiK1
s000005482,GiP10
s000002520,GiP10
s000003968,GiP10
s000004542,GiP10
s000000700,GiP20
s000003941,GiP20
s000005503,GiP20
s000001709,GJo10
s000005531,GJo10
s000000094,GJo10
s000006859,GJo10
s000010870,GJu1
s000010871,GJu1
s000010872,GJu1
s000010873,GJu1
s000010874,GJu1
s000000567,GKc2
s000000497,GKc2
s000006015,GKc2
s000005672,GKc2
s000004963,GKc4
s000004963,GKc4
s000001410,GKc4
s000002671,GKc4
s000000567,GKc4
s000002069,GKc4
s000003250,GKe1
s000005772,GKe1
s000004457,GKe1
s000006393,GKe1
s000002209,GKe1
s000004241,GKe1
s000001723,GKe1
s000000400,GKe1
s000010875,GKe1
s000003250,GKe2
s000004657,GKe2
s000005241,GKe2
s000004291,GKe2
s000002515,GKe2
s000004371,GKe2
s000001059,GKe2
s000002084,GKe2
s000010876,GKe2
s000003250,GKe3
s000003250,GKe4
s000002308,GKe6
s000010877,GKe6
s000010878,GKe6
s000010879,GKe6
s000010880,GKe6
s000005213,GKe7
s000003901,GKe7
s000006022,GKe8
s000004021,GKe8
s000001328,GKe8
s000010881,GKe8
s000010882,GKe8
s000010883,GKe8
s000002972,GKe8
s000000194,GKe8
s000001184,GKe8
s000005968,GKe9
s000002037,GKe9
s000003139,GKe9
s000010884,GKe9
s000006660,GKe9
s000010885,GKe9
s000004220,GKe9
s000010886,GKe9
s000003250,GKe9
s000010887,GKS60
s000010888,GKS60
s000010889,GKS60
s000010890,GKS60
s000002141,GLa2
s000010891,GLa2
s000000596,GLa2
s000001612,GLa10
s000002170,GLa10
s000001989,GLC2
s000003157,GLC2
s000005371,GLC2
s000000235,GLC3
s000001749,GLC4
s000001281,GLC4
s000005145,GLC4
s000003717,GLC12
s000005020,GLC12
s000000687,GLC12
s000000254,GLC12
s000002757,GLC13
s000005372,GLC13
s000004180,GLC13
s000004836,GLC13
s000003591,GLC13
s000000317,GLC13
s000010892,GLC13
s000000984,GLC13
s000004797,GLC13
s000000182,GLC13
s000005372,GLC15
s000004082,GLC15
s000005123,GLC15
s000006255,GLC15
s000003891,GLC15
s000001007,GLe10
s000001325,GLe10
s000003542,GLe10
s000010893,GLe10
s000001244,GLe10
s000003013,GLe10
s000009623,GlJ10
s000006056,GlJ10
s000006015,GlJ10
s000010894,GlJ10
s000003997,GlJ40
s000004147,GlJ40
s000001156,GlJ40
s000002509,GlJ40
s000001727,GlJ40
s000003612,GLJ44
s000010895,GLJ44
s000001760,GLJ44
s000003523,GLJ44
s000002203,GlJ50
s000010896,GlJ50
s000010897,GlJ50
s000001008,GlJ50
s000005283,GlJ50
s000005062,GlJ50
s000006859,GlJ50
s000009493,GlJ50
s000005318,GlJ60
s000006859,GlJ60
s000006859,GlJ60
s000006859,GlJ60
s000010898,GlJ60
s000010899,GlJ60
s000010900,GlJ60
s000006859,GlJ60
s000006859,GlJ60
s000010901,GlJ60
s000006859,GlJ60
s000006859,GlJ60
s000010902,GlJ60
s000004924,GLm10
s000010903,GLm10
s000010904,GLp15
s000010905,GLp15
s000009680,GLp15
s000010906,GLp15
s000010907,GLp17
s000010908,GLp17
s000010904,GLp17
s000009680,GLp17
s000010909,GLp17
s000010910,GlR20
s000010911,GlS10
s000010912,GlS10
s000006896,GlS10
s000000596,GLt2
s000010913,GLt2
s000006392,GLt2
s000006221,GLt10
s000007192,GLt10
s000010914,GLt20
s000010915,GLt20
s000010916,GLt20
s000010917,GLw10
s000006859,GLw10
s000006859,GLw10
s000006859,GLw10
s000000302,GM190
s000006857,GM190
s000007079,GM190
s000004180,GM190
s000010918,GM190
s000010919,GM190
s000010920,GM190
s000007938,GM190
s000010921,GM190
s000009523,GM190
s000001305,GM190
s000006607,GM190
s000003591,GM190
s000001612,GM200
s000005968,GM200
s000010922,GM200
s000000254,GM200
s000001650,GM200
s000004193,GM200
s000002806,GM200
s000002773,GM200
s000002276,GM200
s000010923,GM200
s000010924,GM200
s000002865,GM210
s000002325,GM210
s000003781,GM210
s000000539,GM210
s000000945,GM210
s000001276,GM210
s000005092,GM210
s000002989,GM210
s000003449,GM222
s000003437,GM222
s000006859,GM223
s000000470,GM223
s000002865,GM224
s000001016,GM224
s000003377,GM224
s000005244,GM224
s000003239,GM224
s000005567,GM224
s000004761,GM224
s000001179,GM224
s000000751,GM224
s000001732,GM224
s000004506,GM224
s000002865,GM225
s000002989,GM226
s000001599,GM226
s000001545,GM226
s000010925,GM227
s000005525,GM227
s000010926,GM227
s000010927,GM227
s000002865,GM227
s000001344,GM227
s000001252,GM227
s000004239,GM227
s000003437,GM227
s000007085,GM227
s000002325,GM227
s000003464,GM227
s000003449,GM227
s000006293,GM227
s000001016,GM227
s000002839,GM227
s000005604,GM227
s000003466,GM227
s000005451,GM227
s000003806,GM227
s000002691,GM227
s000005042,GM227
s000000470,GM227
s000002014,GM227
s000009169,GM227
s000010928,GM227
s000010929,GM227
s000010930,GM227
s000010931,GM227
s000003140,GM227
s000010932,GM227
s000002776,GM235
s000010933,GM235
s000001388,GM237
s000003600,GM237
s000006148,GM237
s000007074,GM237
s000010934,GM237
s000003964,GM238
s000003640,GM238
s000005604,GM238
s000004280,GM238
s000003887,GM238
s000005027,GM238
s000009599,GM238
s000010935,GM238
s000001344,GM238
s000002865,GM238
s000010936,GM240
s000001143,GM240
s000000984,GM240
s000010937,GM240
s000000371,GM240
s000010938,GM240
s000010939,GM240
s000001786,GM240
s000010940,GM240
s000001937,GM240
s000003964,GM242
s000003640,GM242
s000001355,GM242
s000002692,GM242
s000003623,GM242
s000000588,GM300
s000000254,GM300
s000004299,GM300
s000004193,GM300
s000001650,GM300
s000010171,GM300
s000004462,GM300
s000004292,GM300
s000002051,GM305
s000005241,GM305
s000005213,GM305
s000004100,GM305
s000000067,GM305
s000004181,GM305
s000004967,GM305
s000003471,GM305
s000002308,GM310
s000003095,GM310
s000005434,GM310
s000003483,GM310
s000010941,GM310
s000004346,GM310
s000001246,GM310
s000002566,GM310
s000006495,GMf20
s000008747,GMf20
s000010942,GMf20
s000010943,GMf20
s000002669,GMf20
s000001130,GMf40
s000000603,GMf40
s000000271,GMf50
s000006335,GMf50
s000004180,GMf50
s000003725,GMf50
s000006828,GMf50
s000003681,GMf50
s000000271,GMf50
s000010944,GMf60
s000010945,GMf60
s000003940,GMf70
s000010946,GMf70
s000006236,GMf70
s000010947,GMf70
s000010948,GMf70
s000010949,GMf70
s000006789,GMK10
s000002001,GMK10
s000005090,GMK10
s000005164,GMK15
s000002627,GMK15
s000006245,GMK15
s000010950,GMK17
s000010951,GMK17
s000010952,GMK17
s000006859,GMK17
s000003546,GMu9
s000010953,GMu9
s000010954,GMu9
s000001867,GMu15
s000010955,GMu15
s000010108,GMu15
s000006050,GMu15
s000005794,GMu15
s000010956,GMu15
s000001867,GMu17
s000009232,GMu17
s000006859,GMu17
s000002868,GMu17
s000005461,GMu17
s000010957,GMu17
s000003092,GMu17
s000004980,GMu17
s000010958,GMu21
s000010959,GMu21
s000010960,GMu21
s000006859,GMu21
s000010961,GMu21
s000004980,GMu21
s000002039,GMu21
s000010962,GMy20
s000010963,GMy20
s000010964,GMy20
s000010965,GMy20
s000003451,GMy25
s000010966,GMy25
s000010967,GMy25
s000010968,GMy25
s000002981,GMy35
s000004516,GMy35
s000003257,GMy35
s000010969,GMy35
s000001018,GMy35
s000002806,GMy35
s000007343,GMy35
s000000570,GMy35
s000000231,GMy45
s000003706,GMy45
s000005134,GMy45
s000004389,GMy45
s000002507,GMy45
s000010970,GMy45
s000004448,GMx2
s000000894,GMx2
s000010971,GMx3
s000003244,GMx3
s000010972,GMx3
s000006308,GMx3
s000010973,GMx3
s000010974,GMx3
s000010975,GMx3
s000002833,GMx5
s000003115,GMx5
s000005670,GMx5
s000002193,GMx5
s000010976,GMx5
s000010977,GMx5
s000010978,GMx5
s000010979,GnA10
s000010980,GnA10
s000010981,GnA10
s000006859,GnA10
s000006859,GnA13
s000002614,GNe5
s000002072,GNe5
s000000258,GNe5
s000003256,GNe5
s000010982,GNe5
s000010983,GNe5
s000010984,GNj1
s000000785,GNj1
s000002719,GNj1
s000006606,GNj1
s000002513,GNj1
s000010985,GNj1
s000010986,GNj1
s000002398,GNj1
s000010987,GNj1
s000010988,GNj1
s000006859,GNj1
s000000046,GnN10
s000005162,GnN10
s000000536,GnN10
s000009740,GnN10
s000005038,GnN14
s000005038,GnN14
s000001925,GnN14
s000010989,GnN14
s000010990,GnN14
s000009570,GnN14
s000005038,GnN15
s000010991,GnN15
s000000166,GnN15
s000010992,GnN15
s000004628,GnN15
s000010993,GnN15
s000002776,GnP10
s000001003,GnP10
s000004983,GnP10
s000000725,GnP10
s000010994,GnP10
s000003367,GnP10
s000010995,GnP10
s000004950,GnP10
s000005423,GnP10
s000005560,GNs10
s000004891,GNs10
s000004270,GNs10
s000000652,GNs10
s000010996,GNs10
s000006338,GoA10
s000000706,GoA10
s000001769,GoG10
s000000320,GoH10
s000009616,GoH10
s000010997,GoH10
s000005047,GoH50
s000010998,GoH50
s000010999,GoH50
s000001468,GoH50
s000002238,GoH50
s000003576,GoH50
s000006859,GoH50
s000011000,GoH50
s000005047,GoH51
s000001391,GoH51
s000003576,GoH51
s000011001,GoH51
s000008164,GoH51
s000004554,GoH51
s000003707,GoH51
s000011002,GoH51
s000011003,GoH51
s000005047,GoH52
s000000515,GoH52
s000004430,GoH52
s000011004,GoH52
s000011005,GoH52
s000010999,GoH52
s000002457,GoH52
s000005319,GoH53
s000003714,GoH53
s000004792,GoH53
s000001024,GoH53
s000001746,GoH53
s000003541,GoH54
s000004454,GoH54
s000000305,GoH54
s000006706,GoH54
s000008550,GoH54
s000011006,GOl1
s000011007,GOl1
s000011008,GOl1
s000011009,GOl1
s000011010,GOl1
s000006859,GOl1
s000004563,GoP12
s000001465,GoP12
s000011011,GoP12
s000007958,GoP12
s000000864,GoP12
s000000286,GoP12
s000006388,GoP12
s000011012,GoP12
s000004587,GOu20
s000000459,GOu20
s000008548,GOu20
s000006478,GOu20
s000011013,GOu20
s000011014,GOu20
s000000459,GOu35
s000006859,GOu35
s000008946,GOu35
s000011015,GoJ20
s000011016,GoJ20
s000011017,GoJ20
s000011018,GoM10
s000006859,GoM10
s000006859,GoM10
s000006859,GoM10
s000011019,GoM10
s000006860,GoM10
s000004576,GP3
s000003402,GP3
s000002188,GP3
s000011020,GP3
s000011021,GP3
s000000757,GP7
s000003390,GP7
s000011022,GP7
s000011023,GP7
s000011024,GP7
s000011025,GP7
s000011026,GP7
s000000757,GP9
s000006859,GP9
s000006859,GP9
s000003618,GP13
s000011027,GP13
s000005141,GP13
s000011028,GP13
s000005582,GP13
s000008951,GP13
s000011029,GP13
s000005836,GP13
s000002389,GP14
s000011030,GP14
s000005574,GP100
s000001538,GP100
s000002798,GPa1
s000002637,GPa1
s000004390,GPa1
s000004563,GPa1
s000003712,GPa1
s000006188,GPa1
s000003293,GPa1
s000000256,GPa1
s000000887,GPa1
s000003602,GPa2.
s000005113,GPa2.
s000003744,GPC5
s000002627,GPC5
s000003466,GPC5
s000005693,GPC5
s000006193,GPC5
s000006014,GPC5
s000002193,GPC5
s000003541,GPC5
s000006338,GPC5
s000005886,GPC5
s000006295,GPC5
s000005768,GPC5
s000003507,GPC5
s000004354,GPC10
s000004587,GPC10
s000005542,GPC10
s000000925,GPC10
s000005419,GPC10
s000005026,GPC10
s000000633,GPC10
s000002376,GPC10
s000002839,GPC10
s000005882,GPC20
s000001332,GPC20
s000010739,GPC20
s000011031,GPC20
s000000517,GPC20
s000005882,GPC23
s000005882,GPC25
s000005456,GPC29
s000011032,GPC29
s000006859,GPC29
s000006859,GPC29
s000001831,GPC29
s000007679,GPC29
s000010370,GPC29
s000006859,GPC29
s000005692,GPC32
s000006049,GPC32
s000002564,GPC32
s000002562,GPe10
s000000805,GPe10
s000001754,GPe10
s000006493,GPe10
s000011033,GPe10
s000000921,GPe10
s000002297,GPi10
s000006812,GPi10
s000006392,GPi13
s000001538,GPi13
s000006859,GPi13
s000005419,GPk10
s000002492,GPk10
s000011034,GPk10
s000005983,GPk10
s000006859,GPk10
s000004704,GPk12
s000003574,GPk12
s000002621,GPk12
s000002125,GPk12
s000005419,GPk14
s000002492,GPk14
s000011035,GPk14
s000011036,GPk14
s000011037,GPk14
s000006122,GPl10
s000006821,GPl10
s000004270,GPl10
s000000868,GPl10
s000002726,GPl10
s000000562,GPl10
s000003689,GPl10
s000011038,GrA10
s000011039,GrA10
s000006885,GrA10
s000006782,GrA10
s000011040,GrA10
s000011041,GrA10
s000004525,GrB4
s000002357,GrB4
s000002639,GrB4
s000000706,GrB4
s000000866,GrB10
s000004833,GrB10
s000005884,GrB10
s000011042,GrB10
s000011043,GrB10
s000003063,GrB10
s000011044,GrB10
s000011045,GrB10
s000011046,GrB10
s000011047,GrB10
s000003503,GrC1
s000005892,GrC1
s000005701,GrC1
s000003017,GrC12
s000011048,GrC12
s000011049,GrC12
s000002261,GrC12
s000011050,GrC12
s000011051,GrC12
s000002625,GrC12
s000011052,GrC12
s000003758,GrD10
s000005192,GrD10
s000011053,GRt1
s000011054,GRt1
s000006859,GRt1
s000011055,GRt1
s000005979,GRt1
s000007525,GyR10
s000007842,GyR10
s000001432,GyR10
s000003376,GyR10
s000007523,GyR10
s000003858,GyR10
s000006484,GyR10
s000011056,GRH1
s000002038,GRH1
s000002990,GRH1
s000004547,GRH1
s000004774,GRH2
s000002798,GRH2
s000003964,GRH2
s000004270,GRH2
s000006201,GRH2
s000005634,GRH3
s000006472,GRH3
s000005859,GRH3
s000005034,GRH3
s000003507,GRH3
s000006150,GRH3
s000000649,GRH3
s000011057,GRH3
s000006439,GRH4
s000000153,GRH4
s000002627,GRH4
s000011058,GRH4
s000008101,GRH4
s000006148,GRH4
s000002511,GRH4
s000000153,GRH5
s000000050,GRH5
s000004350,GRH5
s000002228,GRH5
s000002087,GRH5
s000001045,GRH5
s000006859,GRH5
s000003658,GRH5
s000005846,GRH5
s000003691,GRH5
s000007721,GRH5
s000011059,GRH5
s000004559,GRH6
s000005173,GRH6
s000005408,GRH6
s000003558,GRH6
s000001270,GRH6
s000003975,GRH6
s000003132,GRH6
s000001009,GRH6
s000011060,GRH6
s000005486,GRH7
s000004897,GRH7
s000003598,GRH7
s000005364,GRH7
s000004559,GRH8
s000005173,GRH8
s000005674,GRH8
s000001760,GRH8
s000006486,GRH8
s000000710,GRH8
s000002377,GRH8
s000011061,GRH9
s000006056,GRH9
s000011062,GRH9
s000005531,GRH9
s000003638,GRH9
s000003310,GRH9
s000011063,GRH9
s000002770,GRH9
s000004559,GRH10
s000004723,GRH10
s000001620,GRH10
s000001689,GRH10
s000011064,GRH10
s000011065,GRH10
s000006511,GRH10
s000001354,GRH10
s000006859,GRH10
s000004690,GRH11
s000003484,GRH11
s000011066,GRH11
s000002790,GRH11
s000003244,GRH11
s000001325,GRH11
s000001727,GRH11
s000006689,GRH12
s000002976,GRH12
s000001144,GRH12
s000003678,GRH12
s000003222,GRH20
s000003344,GRH20
s000011067,GRH20
s000009007,GRH20
s000011068,GRi10
s000011069,GRi10
s000011070,GRi10
s000011071,GRi10
s000006915,GRi50
s000003867,GRi50
s000011072,GrM10
s000011073,GrM10
s000011074,GrM10
s000011075,GrM10
s000008195,GrM10
s000008875,GrM10
s000008314,GrN10
s000011076,GrN10
s000011077,GrN10
s000011078,GrN10
s000011079,GrN10
s000011080,GrN10
s000011081,GrN10
s000004666,GRo1
s000006021,GRo1
s000003126,GRo1
s000002594,GRo1
s000001776,GRo1
s000005281,GRo1
s000006554,GRo1
s000005576,GRo1
s000003767,GRo7
s000000117,GRo12
s000002617,GRo18
s000003445,GRo18
s000005543,GRo18
s000003009,GRo18
s000002833,GRo20
s000000337,GRo20
s000004578,GRo20
s000006562,GRo20
s000003335,GRo20
s000003954,GRo20
s000002993,GRo35
s000002993,GRo35
s000003862,GRo35
s000008669,GRo35
s000002620,GRo35
s000003156,GRo35
s000005513,GrR1
s000003746,GrR1
s000001542,GrR1
s000005567,GrR1
s000001982,GrR1
s000007074,GrR1
s000001943,GrR1
s000002907,GrR3
s000000510,GrR3
s000002553,GrR3
s000000538,GrR3
s000011082,GrR3
s000006218,GrR3
s000009961,GrR3
s000001789,GrR3
s000005023,GrR5
s000001449,GrR5
s000006666,GrR5
s000000351,GrR5
s000000367,GrR5
s000001475,GrR5
s000009919,GrR5
s000001936,GrR6
s000005023,GrR6
s000003119,GrR6
s000001019,GrR6
s000002123,GrR6
s000001211,GrR6
s000011083,GrR6
s000006828,GrR7
s000000410,GrR7
s000000351,GrR7
s000005395,GrR7
s000000338,GrR7
s000007686,GrR7
s000008595,GrR7
s000006606,GrR7
s000006857,GrR10
s000006438,GrR10
s000003746,GrR10
s000002425,GrR10
s000007074,GrR10
s000001943,GrR10
s000006747,GrR10
s000000510,GrR12
s000000410,GrR12
s000011084,GrR12
s000001561,GrR12
s000006785,GrR12
s000002701,GrR15
s000002677,GrR15
s000006778,GrR15
s000005092,GrR15
s000011085,GrR15
s000008960,GrR15
s000000644,GrR15
s000003381,GrR15
s000006327,GrR15
s000002485,GrR22
s000011086,GrR30
s000006859,GRv10
s000006859,GRv10
s000006859,GRv10
s000006859,GRv10
s000004677,GS3
s000002498,GS3
s000006765,GS3
s000004857,GS3
s000003699,GS3
s000002548,GS3
s000002123,GS3
s000001305,GS3
s000005305,GS3
s000006566,GS6
s000002498,GS6
s000001369,GS6
s000000484,GS6
s000000599,GS6
s000004895,GS6
s000003519,GS6
s000001138,GS7
s000001682,GS7
s000011087,GS7
s000002661,GS7
s000011088,GS7
s000003251,GS9
s000002839,GS9
s000003251,GS9
s000002171,GS14
s000001493,GS14
s000006826,GS14
s000011089,GS14
s000000032,GS14
s000011090,GS14
s000006859,GS14
s000006859,GS14
s000006859,GS14
s000006859,GS14
s000006859,GS14
s000003466,GS16
s000003964,GS16
s000005624,GS16
s000002697,GS16
s000002716,GS16
s000000563,GS16
s000003279,GS16
s000005898,GS16
s000004528,GS16
s000006809,GS16
s000003477,GS16
s000002530,GS16
s000004601,GS16
s000011091,GS16
s000011092,GS16
s000002221,GS16
s000000336,GSa10
s000011093,GSa10
s000006859,GSa10
s000011094,GSc1
s000000132,GSc1
s000000331,GSc1
s000000719,GSc1
s000000983,GSc1
s000002877,GSc1
s000011095,GSc1
s000005402,GSc1
s000011096,GSc1
s000002620,GSc2
s000001343,GSc2
s000011097,GSc2
s000011098,GSc2
s000004981,GSc2
s000002712,GSc2
s000006167,GSc2
s000002620,GSc3
s000011099,GSc3
s000000270,GSc3
s000005144,GSc3
s000001644,GSc3
s000000842,GSc4
s000004090,GSc4
s000011100,GSc4
s000005180,GSc4
s000005221,GSc4
s000001875,GSc4
s000002915,GSc5
s000002214,GSc5
s000002667,GSc5
s000005209,GSc5
s000002620,GSc6
s000001827,GSc6
s000005209,GSc6
s000006148,GSc6
s000004774,GSc8
s000005083,GSc8
s000006330,GSc8
s000000132,GSc10
s000002776,GSc10
s000000454,GSc14
s000000910,GSc14
s000008303,GSc14
s000002511,GSc14
s000008101,GSc14
s000006672,GSc14
s000011101,GSc14
s000005519,GSc14
s000011102,GSc14
s000001030,GSc17
s000005531,GSc17
s000001434,GSc17
s000002666,GSc17
s000000024,GSc17
s000004510,GSc17
s000002938,GSc17
s000011103,GSc17
s000001469,GSc19
s000005968,GSc19
s000001620,GSc19
s000011104,GSc19
s000011105,GSc19
s000011106,GSc19
s000006795,GSc20
s000010380,GSc20
s000001123,GSc20
s000007051,GSc20
s000011107,GSc20
s000002067,GSc20
s000003826,GSc20
s000011108,GSi10
s000003882,GSi10
s000011109,GSi10
s000011110,GSi10
s000011111,GSi10
s000001953,GSi10
s000007197,GSi10
s000011112,GSi10
s000011113,GSi10
s000003693,GSj1
s000011114,GSj1
s000010886,GSj1
s000000196,GSj1
s000006963,GSj1
s000002712,GSj2
s000011115,GSj2
s000011116,GSj2
s000011117,GSj2
s000011118,GSj2
s000011119,GSj2
s000011120,GSj2
s000005020,GSK1
s000005112,GSK1
s000002700,GSK1
s000001230,GSK1
s000011121,GSK1
s000006614,GSK1
s000001192,GSK1
s000006374,GSK1
s000003769,GSK1
s000011122,GSn6
s000008694,GSn6
s000011123,GSn6
s000011124,GSn6
s000006859,GSn6
s000011125,GSn6
s000011126,GSn6
s000008826,GSn6
s000004669,GSn10
s000006848,GSn10
s000011127,GSn10
s000011128,GSn10
s000002833,GSn10
s000011129,GSn10
s000000225,GSn10
s000006859,GSn10
s000005714,GSn10
s000006859,GSn10
s000006859,GSn10
s000011130,GSn10
s000006859,GSn10
s000006859,GSn10
s000006859,GSn10
s000006859,GSn10
s000005173,GSsl
s000002038,GSsl
s000000678,GSsl
s000004508,GSsl
s000003612,GSs2
s000004021,GSs2
s000002683,GSs3
s000004021,GSs3
s000000510,GSs3
s000006610,GSs3
s000003620,GSs3
s000005612,GSs3
s000002773,GSs3
s000011131,GSl10
s000011132,GSl10
s000011133,GSl10
s000000812,GSl12
s000006050,GSl12
s000000726,GSl12
s000006258,GSl12
s000009472,GSl12
s000011134,GSl12
s000001617,GSr10
s000002333,GSr10
s000011135,GSr10
s000011136,GSr10
s000008412,GSr10
s000011137,GSr10
s000011138,GSr10
s000011139,GSr10
s000002757,GSt2
s000003844,GSt2
s000006387,GSt2
s000000065,GSt2
s000005997,GSt2
s000007934,GSt2
s000011140,GSt2
s000006053,GSt2
s000002872,GSt2
s000007085,GSt3
s000002078,GSt3
s000004695,GSt3
s000011141,GSt3
s000001680,GSt3
s000003263,GSt3
s000001150,GSt3
s000011142,GSt3
s000011143,GSt3
s000002384,GSt3
s000000713,GSt3
s000011144,GSt3
s000000230,GSt4
s000005372,GSt4
s000004357,GSt4
s000000739,GSt4
s000000602,GSt4
s000011145,GSt4
s000011146,GSt4
s000000230,GSt5
s000000829,GSt5
s000000092,GSt5
s000011147,GSt5
s000011148,GSt5
s000001179,GSt5
s000011149,GSt5
s000003755,GSt5
s000005372,GSt7
s000005968,GSt7
s000001153,GSt7
s000000628,GSt7
s000001840,GSt7
s000011150,GSt7
s000011151,GSt7
s000006053,GSt7
s000000984,GSt7
s000000539,GSt7
s000001787,GSt7
s000002392,GSt8
s000004127,GSt8
s000008058,GSt8
s000003044,GSt8
s000001103,GSt8
s000002041,GSt8
s000003755,GSt8
s000001258,GSt8
s000003239,GSt8
s000011152,GSt8
s000002598,GSt8
s000003717,GSt9
s000005726,GSt9
s000000049,GSt9
s000004288,GSt9
s000001258,GSt9
s000001391,GSt9
s000002392,GSt10
s000001749,GSt10
s000007545,GSt10
s000000628,GSt10
s000001662,GSt10
s000006249,GSt11
s000002757,GSt11
s000002392,GSt12
s000001198,GSt12
s000000212,GSt12
s000001925,GSt12
s000007545,GSt12
s000003011,GSt12
s000001743,GSt12
s000001622,GSt12
s000000212,GSt13
s000011153,GSt13
s000001153,GSt13
s000004082,GSt13
s000006980,GSt13
s000000480,GSt13
s000001749,GSt14
s000001667,GSt14
s000000447,GSt14
s000002861,GSt14
s000011154,GSt14
s000002595,GSt14
s000006337,GSt14
s000004707,GSt14
s000000400,GSt14
s000011155,GSt14
s000011156,GSt14
s000011157,GSt14
s000001138,GSt15
s000006113,GSt15
s000006740,GSt15
s000005233,GSt15
s000011158,GSt15
s000001119,GSt15
s000000834,GSt15
s000003008,GSt15
s000003437,GSt17
s000000212,GSt17
s000002716,GSt17
s000004786,GSt17
s000001596,GSt17
s000003099,GSt17
s000007545,GSt17
s000004205,GSt17
s000009332,GSt17
s000001610,GSt17
s000006113,GSt18
s000002936,GSt18
s000009849,GSt18
s000008090,GSt18
s000002871,GSt18
s000006122,GSt18
s000004062,GSt18
s000001879,GSt18
s000004273,GSt18
s000006746,GSt18
s000006705,GSt18
s000005614,GSt18
s000002846,GSt18
s000002018,GSt18
s000004892,GSt19
s000005567,GSt19
s000006740,GSt19
s000006805,GSt19
s000000543,GSt19
s000011159,GSt19
s000003040,GSt19
s000000297,GSt19
s000011160,GSt19
s000006439,GSt20
s000004112,GSt20
s000005113,GSt20
s000001966,GSt20
s000004059,GSt20
s000002776,GSt20
s000004986,GSt20
s000004976,GSt20
s000004090,GSt20
s000000635,GSt20
s000004273,GSt20
s000006740,GSt20
s000006552,GSt20
s000005542,GSt20
s000005567,GSt20
s000003924,GSt20
s000006113,GSt30
s000000422,GSt30
s000011161,GSt30
s000011162,GSt30
s000003250,GSy4
s000005772,GSy4
s000002410,GSy4
s000011163,GSy4
s000011164,GSy4
s000011165,GSy4
s000005989,GSy4
s000000733,GSy4
s000008929,GSy4
s000003250,GSy7
s000006302,GSy7
s000000104,GSy7
s000004375,GSy7
s000002716,GSy7
s000003507,GSy7
s000005047,GSy7
s000002410,GSy10
s000003226,GSy10
s000002193,GSy10
s000000778,GSy10
s000002391,GSy11
s000001967,GSy11
s000004809,GSy11
s000003600,GSy11
s000006653,GSy11
s000002035,GSy11
s000006001,GSy11
s000004241,GSy13
s000003226,GSy13
s000002410,GSy13
s000011166,GSy13
s000006343,GSy13
s000011167,GSy13
s000002579,GSy13
s000006637,GSy13
s000006806,GSy13
s000011168,GSy13
s000003202,GSy13
s000011169,GSy13
s000005130,GSy13
s000011170,GSy13
s000004644,GSy13
s000005772,GSy17
s000002707,GSy17
s000004625,GSy17
s000011171,GSy17
s000011162,GSy17
s000004840,GSy17
s000004568,GSy17
s000000165,GSy30
s000003600,GSy30
s000006352,GSy30
s000005898,GSy30
s000005478,GSy30
s000004865,GSy30
s000006037,GSy30
s000005911,GSy40
s000002074,GSy40
s000011172,GSy40
s000011173,GSy40
s000011174,GSy40
s000007861,GSy40
s000011099,GSy40
s000006419,GSy40
s000011175,GTh10
s000002653,GTh10
s000002686,GTh10
s000006685,GTh10
s000001783,GTh10
s000011176,GTh10
s000000797,GTh10
s000002686,GTh12
s000001223,GTh12
s000001223,GTh16
s000005771,GTh18
s000005771,GTh23
s000006685,GTh23
s000002686,GTh24
s000001406,GTh26
s000011177,GTh28
s000001406,GTh28
s000003053,GTh28
s000006685,GTh28
s000001223,GTh28
s000011178,GTh28
s000005771,GTh28
s000003053,GTh29
s000001406,GTh29
s000001406,GTh30
s000002686,GTh30
s000001406,GTh30
s000001406,GTh32
s000003053,GTh34
s000006685,GTh34
s000005771,GTh36
s000006685,GTh36
s000005757,GTh36
s000001406,GTh36
s000002613,GTh36
s000002686,GTh52
s000002686,GTh55
s000006685,GTh57
s000001223,GTh60
s000001223,GTh62
s000011179,GTi10
s000011180,GTi10
s000011181,GTi10
s000011182,GTi10
s000008545,GTi10
s000011183,GTo1
s000011184,GTo1
s000011185,GTo1
s000011186,GTo1
s000011187,GTo1
s000011188,GTo2
s000011189,GTo2
s000011184,GTo2
s000004379,GTo2
s000011190,GTo2
s000011191,GTo9
s000003484,GTr10
s000005103,GTr10
s000003560,GTr10
s000005259,GTr12
s000000061,GTr12
s000002703,GTr12
s000002771,GTr12
s000006169,GTr12
s000004443,GTr12
s000003236,GTr12
s000000953,GTr12
s000011192,GTr12
s000011193,GTr12
s000009411,GTr12
s000006859,GTz3
s000006859,GTz3
s000006859,GTz3
s000006859,GTz3
s000004802,GTz10
s000011194,GuB10
s000011195,GuB10
s000011196,GuB10
s000011197,GuB10
s000011198,GuB10
s000011198,GuB10
s000011199,GuB10
s000011200,GuB10
s000011201,GuB10
s000011202,GuB10
s000011203,GuC10
s000011204,GuC10
s000011205,GuC10
s000000510,GuE10
s000008613,GuE10
s000011206,GuE10
s000011207,GuE10
s000011208,GuL10
s000006859,GuL10
s000006897,GuS10
s000006896,GuS10
s000006896,GuS12
s000006897,GuS12
s000011209,GVe10
s000011210,GVe10
s000011211,GVe10
s000002783,GVe10
s000008012,GVe10
s000006462,GVe10
s000011212,GVe10
s000010973,GVe10
s000011213,GVe10
s000006179,GvR10
s000011214,GvR10
s000011215,GvR10
s000011216,GvR10
s000011217,GvR10
s000011218,GvR10
s000011219,GvS1
s000011220,GvS1
s000011221,GvS1
s000001619,GvS2
s000007113,GvS2
s000003595,GvS2
s000010495,GvS2
s000011222,GvS2
s000005220,GvS2
s000010644,GvS2
s000011223,GvS2
s000011223,GvS4
s000004937,GvS5
s000007837,GvS5
s000011224,GvS5
s000006905,GvS5
s000011225,GvS5
s000006196,GvS8
s000007833,GvS8
s000011226,GvS8
s000000444,GvS8
s000001609,GvS8
s000007837,GvS8
s000002318,GvS8
s000007458,GvS11
s000011227,GvS11
s000001712,GvS11
s000000044,GvS11
s000011228,GvS11
s000000045,GvS11
s000009266,GvS12
s000011229,GvS12
s000004347,GvS12
s000007060,GvS12
s000003858,GvS12
s000011230,GvM7
s000011231,GvM7
s000011232,GvM7
s000011233,GvM7
s000011234,GvM7
s000001790,GvM10
s000000510,GvM10
s000011235,GvM10
s000011236,GvM10
s000000510,GvM12
s000011237,GvM12
s000011238,GvM12
s000011239,GvM12
s000000510,GvM13
s000011238,GvM13
s000011240,GvM13
s000011241,GvM13
s000011242,GvM13
s000000510,GvM14
s000011243,GvM14
s000011244,GvM14
s000011245,GvM14
s000007086,GWg16
s000005113,GWg16
s000006666,GWg16
s000000454,GWg16
s000003780,GWg16
s000004757,GWg16
s000003377,GWg16
s000000162,GWg16
s000011246,GWg16
s000003196,GWg23
s000002080,GWg23
s000007688,GWg23
s000000542,GWg23
s000002342,GWg23
s000000432,GWg23
s000011247,GWh10
s000001936,GWh10
s000001744,GWh10
s000005013,GWh10
s000005862,GWh10
s000001800,GWh10
s000011248,GWh10
s000011249,GWh10
s000002171,GxR10
s000004027,GxR10
s000006302,GxR10
s000011250,GxR10
s000002661,GxR10
s000006628,GxR10
s000000950,GxR10
s000009237,GxR10
s000006071,GxR10
s000007547,GxR20
s000005173,GxR20
s000004117,GyM4
s000006833,GyM4
s000001172,GyM4
s000005188,GyM4
s000011251,GyM4
s000011252,GyM4
s000011253,GyM4
s000006299,GyM4
s000011254,GyM4
s000002683,GyM10
s000005456,GyM10
s000002770,GyM10
s000004090,GyM10
s000002717,GyM10
s000002258,GyM20
s000005331,GyM20
s000005524,GyM20
s000011255,GyM20
s000000454,GyM20
s000001823,GyM20
s000011256,GyM20
s000006859,GyM20
s000004767,GyM22
s000004921,GyM22
s000001823,GyM22
s000004527,GyM22
s000011257,GyM22
s000011209,GyM22
s000011258,GyM22
s000001681,GyM24
s000006005,GyM24
s000006859,GyM24
s000006859,GyM24
s000011259,GyM24
s000006859,GyM24
s000008210,GyM26
s000000014,GyM26
s000010370,GyM26
s000007876,GyM26
s000006860,GyM26
s000011260,GyM26
s000003005,GyM26
s000003341,GyM30
s000001823,GyM30
s000011261,GyM30
s000001242,GyM30
s000011262,GyM30
s000000790,GyM30
s000011078,GyM30
s000011263,GyM30
s000011264,GyM30
s000011265,GyM30
s000002258,GyM33
s000005331,GyM33
s000006859,GyM33
s000006859,GyM33
s000001823,GyM33
s000006859,GyM33
s000006859,GyM33
s000006859,GyM33
s000006859,GyM33
s000011266,GyM35
s000011267,GyM35
s000001823,GyM35
s000000153,GyM35
s000011268,GyM35
s000011269,GyM35
s000011270,GyM35
s000000153,GyM35
s000006938,GyM35
s000011271,GyM35
s000011272,GyM35
s000011273,GyM35
s000011274,GyM35
s000011275,GyM35
s000011276,GyM35
s000011277,GyM35
s000004550,GzB1
s000002788,H1
s000006135,H1
s000002432,H2
s000006155,H2
s000001209,H3
s000000749,H3
s000011278,H3
s000000256,H3
s000011279,H3
s000004127,H3
s000003157,H4
s000000749,H4
s000002552,H4
s000001488,H4
s000004127,H4
s000000765,H4
s000002563,H4
s000006246,H4
s000005291,H4
s000002329,H5
s000004427,H5
s000005894,H5
s000006340,H7
s000002254,H7
s000003891,H7
s000006033,H7
s000003978,H7
s000004497,H7
s000002724,H7
s000004624,H7
s000002329,H8
s000004497,H8
s000003229,H8
s000002563,H8
s000004627,H9
s000003165,H9
s000003229,H9
s000001079,H9
s000000256,H9
s000011280,H9
s000002816,H9
s000004627,H10
s000003016,H10
s000003069,H10
s000006570,H10
s000005248,H10
s000011281,H10
s000001907,H10
s000003016,H10
s000003131,H10
s000004125,H10
s000003165,H10
s000005340,H10
s000002962,H10
s000011282,H10
s000011283,H10
s000003131,H10
s000003069,H11
s000003016,H11
s000006674,H11
s000002962,H11
s000001768,H11
s000001907,H11
s000001828,H11
s000001505,H11
s000000673,H11
s000005885,H11
s000002951,H11
s000002816,H11
s000000729,H12
s000002552,H12
s000002962,H12
s000006139,H12
s000002602,H12
s000006588,H12
s000002726,H12
s000002655,H12
s000011284,H12
s000006164,H13
s000002552,H13
s000002602,H13
s000002282,H13
s000005010,H13
s000005791,H13
s000000764,H13
s000000314,H14
s000002602,H14
s000006268,H14
s000006434,H14
s000006406,H14
s000000685,H14
s000006498,H15
s000011285,H15
s000011286,H15
s000011287,H15
s000000729,H16
s000003229,H16
s000004702,H16
s000000275,H16
s000002432,H16
s000004702,H17
s000005299,H17
s000003726,H17
s000000101,H17
s000004834,H17
s000000887,H17
s000003131,H17
s000011288,H17
s000011289,H17
s000002816,H17
s000006756,H18
s000000887,H18
s000002602,H18
s000003055,H18
s000000101,H19
s000001054,H19
s000011290,H19
s000004381,H19
s000003536,H19
s000006804,H19
s000003726,H19
s000004729,H19
s000003955,H20
s000000344,H20
s000004888,H20
s000003891,H20
s000003384,H20
s000001054,H20
s000001049,H20
s000006160,H20
s000005016,H20
s000000887,H20
s000006787,H20
s000011291,H20
s000002432,H20
s000004661,H20
s000001907,H20
s000002816,H20
s000002498,H21
s000001865,H21
s000003384,H21
s000003726,H21
s000002093,H21
s000002694,H21
s000002437,H21
s000003554,H21
s000005407,H21
s000003271,H22
s000000372,H22
s000000109,H22
s000003940,H22
s000005133,H22
s000011292,H23
s000006033,H23
s000002443,H23
s000000887,H23
s000003121,H23
s000003945,H23
s000003549,H24
s000001731,H24
s000002951,H24
s000000793,H24
s000004023,H25
s000003372,H25
s000006442,H25
s000002498,H25
s000001210,H25
s000002536,H25
s000011293,H25
s000000329,H26
s000000538,H26
s000002141,H26
s000004954,H26
s000003746,H26
s000006459,H26
s000006442,H26
s000001389,H26
s000004638,H26
s000001128,H26
s000001646,H27
s000000980,H27
s000003897,H27
s000011294,H27
s000006130,H27
s000006547,H27
s000000215,H27
s000003536,H27
s000002694,H27
s000006547,H27
s000002272,H28
s000000980,H28
s000003746,H28
s000003940,H28
s000003175,H28
s000006831,H28
s000004792,H28
s000000983,H28
s000005491,H28
s000002861,H29
s000005742,H29
s000003706,H29
s000006144,H29
s000001598,H29
s000000339,H29
s000000657,H29
s000006504,H29
s000000101,H29
s000002959,H29
s000000810,H29
s000006148,H29
s000002432,H29
s000004954,H30
s000001546,H30
s000003940,H30
s000011294,H30
s000000947,H30
s000005769,H30
s000003383,H30
s000001112,H30
s000003726,H30
s000011294,H30
s000001389,H30
s000006398,H30
s000011295,H30
s000006148,H30
s000005285,H30
s000005097,H30
s000002816,H30
s000003704,H31
s000005177,H31
s000006641,H31
s000006712,H31
s000003781,H31
s000006556,H31
s000005097,H31
s000001112,H31
s000003430,H31
s000004807,H31
s000006257,H31
s000006744,H31
s000011294,H31
s000011296,H31
s000011297,H31
s000011298,H31
s000011299,H31
s000006712,H31
s000011300,H31
s000011301,H31
s000003531,H32
s000004677,H32
s000004565,H32
s000000329,H32
s000004563,H32
s000006675,H32
s000004916,H32
s000002432,H32
s000001389,H32
s000005172,H32
s000001594,H32
s000011302,H32
s000004962,H32
s000004565,H32
s000006547,H32
s000011303,H32
s000011304,H32
s000003096,H32
s000009056,H32
s000003715,H32
s000011305,H32
s000011306,H32
s000011307,H32
s000004690,H33
s000002041,H33
s000005513,H33
s000000132,H33
s000000793,H33
s000008443,H33
s000005808,H33
s000007255,H33
s000006735,H33
s000001983,H33
s000000400,H33
s000001255,H33
s000000979,H33
s000000930,H33
s000004082,H34
s000001496,H34
s000003955,H34
s000005513,H34
s000000469,H34
s000000394,H34
s000002498,H34
s000001459,H34
s000004624,H34
s000001140,H34
s000006752,H34
s000003393,H34
s000011308,H34
s000001103,H34
s000011309,H34
s000011310,H34
s000011311,H34
s000011312,H34
s000002556,H34
s000011313,H34
s000011314,H34
s000011315,H34
s000011316,H34
s000011317,H34
s000003717,H35
s000003717,H35
s000004329,H35
s000005161,H35
s000000984,H35
s000004191,H35
s000006543,H35
s000006250,H35
s000001209,H35
s000011318,H35
s000002392,H36
s000002041,H36
s000002595,H36
s000000793,H36
s000006641,H36
s000003069,H36
s000000156,H36
s000011319,H36
s000005695,H36
s000000979,H36
s000001369,H37
s000003693,H37
s000003490,H37
s000011320,H37
s000003413,H37
s000003411,H37
s000001297,H38
s000006790,H38
s000001343,H38
s000001186,H38
s000006755,H38
s000002054,H38
s000011321,H38
s000010506,H38
s000004483,H38
s000011322,H38
s000011323,H38
s000002816,H38
s000006327,H38
s000000327,H39
s000000470,H39
s000005799,H39
s000000135,H39
s000002823,H39
s000002949,H39
s000000156,H39
s000001343,H39
s000003573,H39
s000002816,H39
s000004975,H40
s000000606,H41
s000004975,H41
s000000510,H42
s000004867,H42
s000000979,H42
s000001073,H42
s000002025,H42
s000011294,H42
s000011324,H42
s000011325,H42
s000003693,H42
s000006965,H42
s000002256,H42
s000002816,H42
s000000510,H43
s000002392,H43
s000005113,H43
s000003385,H43
s000000879,H43
s000005582,H43
s000006859,H43
s000011326,H43
s000002816,H43
s000004867,H44
s000006338,H44
s000006218,H44
s000003531,H44
s000001153,H44
s000000375,H44
s000003153,H44
s000011327,H44
s000000979,H44
s000011328,H44
s000011329,H44
s000011330,H44
s000011331,H44
s000002816,H44
s000005968,H45
s000001408,H45
s000002390,H45
s000002595,H45
s000001040,H45
s000001179,H45
s000011332,H45
s000006859,H45
s000011333,H45
s000002816,H45
s000000510,H46
s000001297,H46
s000003604,H46
s000006657,H46
s000006537,H46
s000004807,H46
s000004664,H46
s000001612,H47
s000006799,H47
s000006657,H47
s000006219,H47
s000002817,H47
s000002816,H47
s000002390,H48
s000006469,H48
s000005388,H48
s000001825,H48
s000000979,H48
s000002817,H48
s000002532,H48
s000003745,H48
s000005984,H48
s000002816,H48
s000001138,H49
s000011334,H49
s000002661,H49
s000002506,H49
s000000408,H49
s000003880,H49
s000004239,H50
s000003251,H50
s000006683,H50
s000001369,H50
s000001490,H50
s000002816,H50
s000005968,H51
s000003251,H51
s000000834,H51
s000005305,H51
s000001284,H51
s000001879,H51
s000002816,H51
s000002392,H52
s000003251,H52
s000000245,H52
s000006683,H52
s000003477,H52
s000002498,H53
s000002067,H53
s000003837,H53
s000004508,H53
s000011335,H53
s000005968,H57
s000001493,H57
s000009605,H57
s000004226,H57
s000001507,H57
s000002240,H57
s000006284,H57
s000011336,H57
s000004429,H57
s000000751,H57
s000004234,H61
s000002037,H61
s000005083,H61
s000005999,H61
s000011337,H61
s000011338,H61
s000011339,H61
s000011340,H61
s000011341,H61
s000011342,H61
s000003788,H61
s000011343,H61
s000011344,H61
s000011345,H61
s000004901,H61
s000006859,H61
s000006581,H61
s000002816,H61
s000005968,H65
s000004625,H65
s000004625,H65
s000002726,H65
s000000447,H65
s000003132,H65
s000008972,H65
s000002392,H69
s000011346,H69
s000003996,H69
s000000979,H69
s000003471,H69
s000009531,H69
s000006667,H69
s000008443,H69
s000002816,H69
s000003600,H73
s000004891,H73
s000004234,H73
s000002228,H73
s000000320,H73
s000004635,H73
s000002817,H73
s000000065,H73
s000006125,H73
s000004116,H73
s000006307,H73
s000000131,H73
s000004266,H73
s000003375,H73
s000002816,H73
s000006122,H79
s000002714,H79
s000006096,H79
s000004977,H79
s000002454,H79
s000000996,H79
s000002816,H79
s000001221,H80
s000002714,H80
s000000297,H80
s000002169,H80
s000003523,H80
s000011347,H80
s000001576,H80
s000002816,H80
s000004559,H81
s000000153,H81
s000003315,H81
s000001647,H81
s000001243,H81
s000004724,H81
s000003225,H81
s000006241,H81
s000002816,H81
s000005879,H82
s000002067,H82
s000004597,H82
s000001243,H82
s000006400,H82
s000000790,H82
s000005350,H82
s000004938,H82
s000001661,H82
s000002816,H82
s000001993,H83
s000011348,H83
s000011349,H83
s000004184,H83
s000004001,H83
s000002070,H83
s000005133,H83
s000002816,H83
s000004544,H84
s000002614,H84
s000001590,H84
s000000567,H84
s000001576,H84
s000003538,H84
s000002725,H84
s000000242,H84
s000004234,H54
s000004166,H54
s000011350,H54
s000011351,H54
s000011352,H54
s000006128,H54
s000001297,H55
s000011353,H55
s000001885,H56
s000001885,H56
s000006859,H56
s000006859,H56
s000006683,H58
s000001842,H58
s000006683,H59
s000011354,H59
s000002595,H59
s000002301,H59
s000011355,H59
s000011356,H59
s000005607,H60
s000002885,H60
s000004451,H60
s000003788,H60
s000011357,H60
s000006550,H62
s000000742,H62
s000011358,H62
s000011359,H62
s000003954,H63
s000003255,H63
s000003723,H63
s000005047,H64
s000002438,H64
s000008620,H64
s000011360,H64
s000011361,H64
s000007644,H64
s000011362,H64
s000011363,H64
s000011364,H64
s000011363,H64
s000000447,H66
s000011365,H66
s000005999,H66
s000006806,H67
s000006785,H67
s000004973,H67
s000011366,H67
s000003689,H67
s000011367,H67
s000011338,H67
s000011368,H67
s000008339,H67
s000011369,H67
s000011370,H67
s000001644,H68
s000001284,H68
s000004420,H68
s000006683,H70
s000002525,H70
s000004978,H70
s000002192,H70
s000000043,H70
s000011371,H70
s000002657,H71
s000001301,H71
s000001683,H71
s000011372,H71
s000011373,H71
s000001644,H72
s000004764,H72
s000003363,H72
s000011374,H72
s000003846,H72
s000011375,H72
s000011376,H72
s000011377,H72
s000011378,H72
s000004234,H74
s000004886,H74
s000002651,H74
s000006269,H75
s000004155,H75
s000001067,H75
s000011379,H75
s000002561,H75
s000011380,H75
s000000876,H75
s000005113,H76
s000002194,H76
s000011381,H76
s000011382,H76
s000003836,H76
s000004449,H77
s000001750,H77
s000001826,H77
s000005033,H77
s000002067,H78
s000005816,H78
s000003913,HAA10
s000000981,HAA10
s000004375,HAA10
s000000376,HAA15
s000006860,HAA15
s000003769,HAA15
s000006859,HaB3
s000000149,HaB9
s000001449,HaB9
s000002691,HaB9
s000011383,HaB9
s000004805,HaB9
s000004986,HaB15
s000003488,HaB24
s000005092,HaB35
s000011384,HaB35
s000011385,HaB35
s000002706,HaC10
s000011386,HaC10
s000006669,HaC10
s000000884,HaC10
s000004000,HaC10
s000003486,HaC10
s000001305,HaC10
s000000270,HaF23
s000002504,HaF23
s000005291,HaF23
s000011387,HaF23
s000011388,HaF23
s000011389,HaF23
s000006319,HaF23
s000001920,HaF29
s000001986,HaF29
s000011390,HaF29
s000011391,HaF29
s000005113,HaF35
s000002364,HaF35
s000006233,HaF35
s000000051,HaF35
s000003714,HaF35
s000004044,HaF35
s000006219,HaF37
s000003095,HaF37
s000003169,HaF37
s000000914,HAG1
s000008337,HAG1
s000001264,HAG1
s000010886,HAG1
s000003375,HAG1
s000011392,HaK20
s000011393,HaK20
s000010697,HaM10
s000000138,HaM10
s000011394,HaM10
s000003132,HaM11
s000002135,HaM11
s000006941,HaM11
s000003711,HaM11
s000001427,HaR1
s000001066,HaR1
s000003375,HaR1
s000004472,HaR1
s000004681,HaR1
s000001199,HaR1
s000004474,HaR1
s000002834,HaR1
s000011395,HaR10
s000001066,HaR10
s000011396,HaR10
s000005079,HaR10
s000011397,HaR10
s000002542,HaR10
s000011398,HaR10
s000000684,HaR10
s000011399,HaR10
s000004151,HaR10
s000000908,HaR10
s000003218,HaR10
s000008874,HaR10
s000011400,HaR10
s000011401,HaR10
s000011402,HaR14
s000000991,HaR14
s000008248,HaR14
s000004472,HaR18
s000011403,HaR18
s000011404,HaR18
s000007574,HaR18
s000003223,HaR25
s000003223,HaR25
s000003223,HaR25
s000003223,HaR25
s000011403,HaR25
s000006838,HaR25
s000011405,HaR28
s000011406,HaR28
s000001557,HaR28
s000009360,HaR28
s000011406,HaR28
s000011407,HaR28
s000011406,HaR28
s000005413,HaR28
s000006859,HaR28
s000006859,HaR28
s000011408,HaR28
s000011409,HaR28
s000011410,HaR28
s000002363,HAs2
s000001278,HAs2
s000011411,HAs2
s000001390,HAs2
s000005079,HAs3
s000004572,HAs3
s000011412,HAs3
s000011413,HAs3
s000003184,HAs3
s000006830,HAs3
s000003049,HAs3
s000004385,HAs3
s000000422,HAs4
s000011414,HAs4
s000002395,HAs4
s000002683,HAs4
s000006501,HAs4
s000000549,HAs4
s000002009,HAs4
s000005356,HAs4
s000002038,HAs6
s000006432,HAs6
s000001576,HAs6
s000000972,HAs6
s000004236,HAs6
s000005634,HAs7
s000003837,HAs7
s000001680,HAs7
s000006501,HAs7
s000001772,HAs7
s000000387,HAs7
s000000580,HAs9
s000002614,HAs9
s000000165,HAs10
s000006432,HAs10
s000006823,HAs10
s000002246,HAv10
s000011415,HAv10
s000007679,HAv10
s000002249,HAv10
s000001344,HaW4
s000002865,HaW4
s000003464,HaW4
s000001732,HaW4
s000001344,HaW9
s000002865,HaW9
s000003464,HaW9
s000006445,HaW9
s000001160,HaW9
s000000376,HB40
s000000235,HB40
s000004485,HB40
s000003751,HB40
s000001326,HB70
s000003331,HB80
s000003754,HB80
s000004771,HB80
s000005057,HB80
s000011416,HB80
s000011417,HB80
s000011418,HB80
s000001326,HB85
s000002171,HB85
s000001800,HB85
s000011419,HB85
s000001326,HB86
s000002171,HB86
s000002567,HB86
s000011420,HB95
s000005434,HB95
s000009209,HB95
s000004193,HB95
s000002548,HB95
s000011421,HbD10
s000005538,HBe1
s000006773,HBe1
s000001308,HBe1
s000005618,HBe1
s000001437,HBe1
s000009623,HBe2
s000005034,HBe2
s000005895,HBe2
s000005597,HBe3
s000002993,HBe3
s000001308,HBe3
s000004882,HBe3
s000001357,HBe3
s000004767,HBe10
s000000348,HBe10
s000007666,HBe10
s000002783,HBe10
s000010769,HBe10
s000011422,HBe10
s000008669,HBe10
s000000310,HBe15
s000003311,HBe15
s000011423,HBe15
s000008380,HBe15
s000008196,HBe15
s000002179,HBe15
s000005843,HBe15
s000000321,HBe15
s000011424,HBe15
s000004767,HBe18
s000008816,HBe18
s000002036,HBe18
s000007041,HBe18
s000003471,HBe18
s000011425,HBe18
s000006699,HBe20
s000000310,HBe20
s000011426,HBe20
s000004683,HBH10
s000004683,HBH15
s000003196,HBH15
s000003783,HBH15
s000002744,HBH15
s000011427,HBH15
s000011428,HBH15
s000002230,HBH15
s000011429,HBH15
s000001231,HBH15
s000011430,HBH15
s000001545,HBH15
s000011431,HBH15
s000011432,HBH15
s000004683,HBH20
s000006222,HBH25
s000002736,HBH30
s000000343,HBH30
s000004857,HBH30
s000000518,HBH30
s000001475,HBH30
s000004248,HBH30
s000002384,HBH31
s000004027,HBH31
s000003475,HBH31
s000001329,HBH31
s000002199,HBH31
s000004429,HBH31
s000003151,HBH31
s000009332,HBH31
s000011433,HBH31
s000011434,HBH31
s000004857,HBH35
s000001936,HBH35
s000006587,HBH35
s000004045,HBH60
s000005167,HBH60
s000011435,HBH60
s000006150,HBH60
s000004533,HBH60
s000006739,HBH60
s000005598,HBH68
s000001298,HBH68
s000001649,HBH68
s000000202,HBH68
s000009066,HBH68
s000000421,HBH68
s000005598,HBH70
s000000712,HBH70
s000001802,HBH70
s000005206,HBH70
s000006026,HBH70
s000011436,HBH70
s000005598,HBH72
s000000712,HBH72
s000001802,HBH72
s000005206,HBH72
s000006026,HBH72
s000011436,HBH72
s000000149,HBH75
s000004809,HBH75
s000011437,HBH75
s000000061,HBH75
s000006621,HBH75
s000002814,HBH90
s000004527,HBH90
s000001047,HBH90
s000001727,HBH90
s000011438,HBH90
s000004512,HBl10
s000011439,HBl10
s000011440,HBl20
s000006859,HBl20
s000011441,HBl20
s000003243,HBn8
s000011442,HBn8
s000011443,HBn8
s000011444,HBn8
s000011445,HBn8
s000011446,HBn8
s000011447,HBn8
s000011448,HBn8
s000011449,HBn8
s000011450,HBn8
s000011451,HBn8
s000008573,HBn25
s000011452,HBn25
s000006237,HBn25
s000005120,HBn25
s000011453,HBn25
s000006756,HBn25
s000009893,HBn25
s000001198,HBn30
s000002567,HBn30
s000002047,HBn30
s000011454,HBn30
s000000722,HBn30
s000000439,HBn30
s000005020,HBn30
s000004127,HBn30
s000011455,HBn40
s000002047,HBn40
s000009581,HBn40
s000006828,HBn40
s000011456,HBn40
s000011457,HBo10
s000011458,HBo10
s000011459,HBo10
s000004752,HbR1
s000001122,HbR1
s000000799,HbR1
s000005177,HbR1
s000009041,HbR1
s000011460,HbR1
s000011461,HbR1
s000011462,HbR1
s000011463,HbR1
s000006022,HbR2
s000005626,HbR2
s000000098,HbR4
s000003222,HbR4
s000005339,HbR4
s000003436,HbR4
s000000168,HbR4
s000000476,HbR5
s000000910,HbR5
s000001154,HbR5
s000003996,HbR5
s000002509,HbR5
s000011464,HbR5
s000006579,HbR5
s000006022,HbR6
s000000866,HbR6
s000006396,HbR6
s000005665,HbR6
s000004090,HbR6
s000002221,HbR6
s000004021,HbR7
s000000829,HbR7
s000000476,HbR7
s000006696,HbR8
s000000185,HbR8
s000005178,HbR8
s000004690,HbR8
s000001763,HbR8
s000002445,HbR8
s000005082,HbR8
s000001810,HbR8
s000011465,HbR8
s000003265,HbR8
s000002403,HbR8
s000000321,HbR9
s000003837,HbR9
s000011466,HbR9
s000000350,HbR9
s000005786,HbR9
s000005606,HbR9
s000000070,HbR10
s000002038,HbR10
s000005064,HbR10
s000001287,HbR10
s000000877,HbR10
s000004021,HbR10
s000004037,HbR10
s000005819,HbR10
s000001709,HbR15
s000003997,HbR15
s000001370,HbR15
s000003974,HbR17
s000004904,HbR17
s000006462,HbR17
s000011467,HbR17
s000002606,HbR17
s000011167,HbR17
s000011468,HbR17
s000011469,HbR17
s000004021,HbR18
s000000165,HbR18
s000005778,HbR21
s000000285,HbR21
s000003678,HbR21
s000006649,HbR21
s000004881,HbR21
s000002683,HbR22
s000005530,HbR22
s000011470,HbR22
s000011471,HbR22
s000011472,HbR22
s000011473,HbR22
s000000444,HbR22
s000005883,HbR22
s000007812,HbR22
s000011474,HbR22
s000004649,HbR22
s000011475,HbR22
s000008038,HbR22
s000010434,HbR22
s000004827,HbR30
s000005331,HbR30
s000005786,HbR30
s000003837,HbR30
s000005173,HbR30
s000001726,HbR30
s000008869,HbR30
s000008902,HbR30
s000001979,HbR30
s000010646,HbR30
s000004659,HbR30
s000011476,HbR30
s000009419,HbR30
s000004827,HbR31
s000006773,HbR31
s000006859,HbR31
s000006301,HbR32
s000005078,HbR32
s000011073,HbR32
s000008306,HbR32
s000010871,HbR32
s000011477,HbR32
s000002333,HbR34
s000009185,HbR34
s000000374,HbR34
s000011478,HbR34
s000011479,HbR34
s000011480,HbR34
s000011481,HCa10
s000011482,HCa10
s000004738,HCn10
s000003660,HCn10
s000011483,HCo10
s000001597,HCo10
s000000049,HCP1
s000004641,HCP1
s000004587,HCP1
s000004389,HCP1
s000001305,HCP1
s000005929,HCP1
s000001338,HCP1
s000005968,HCP4
s000006035,HCP4
s000004950,HCP4
s000004083,HCP4
s000003634,HCP4
s000004879,HCP4
s000005852,HCP5
s000000978,HCP5
s000007343,HCP5
s000011484,HCP5
s000011485,HCP5
s000004431,HCP5
s000001140,HCP5
s000000230,HCP6
s000005372,HCP6
s000004689,HCP6
s000000711,HCP6
s000011486,HCP6
s000002298,HCP6
s000004054,HCP6
s000004694,HCP10
s000003101,HCP10
s000002760,HCP10
s000005157,HCP10
s000000254,HCP10
s000003492,HCP10
s000002912,HCP10
s000001246,HCP10
s000006859,HCP11
s000002392,HCP12
s000001496,HCP12
s000000545,HCP12
s000007255,HCP12
s000011487,HCP12
s000005929,HCP12
s000005969,HCP12
s000003338,HCP12
s000006828,HCP22
s000001297,HCP22
s000000375,HCP22
s000000545,HCP22
s000002818,HCP22
s000006687,HCP22
s000001459,HCP22
s000005027,HCP22
s000002392,HCP24
s000003769,HCP24
s000001680,HCP24
s000001564,HCP24
s000000423,HCP24
s000005318,HCP24
s000004784,HCP24
s000006828,HCP25
s000002384,HCP28
s000003612,HCP28
s000001034,HCP28
s000011488,HCP28
s000004075,HCP28
s000002659,HCP28
s000011489,HCs1
s000005097,HCs1
s000006556,HCs1
s000002847,HCs1
s000000286,HCs1
s000002968,HCs1
s000005796,HCs1
s000002999,HCs1
s000006084,HCs1
s000007414,HCs3
s000003272,HCs3
s000002620,HCs4
s000002657,HCs4
s000006740,HCs4
s000005130,HCs4
s000001613,HCs4
s000003075,HCs6
s000003913,HDA6
s000000981,HDA6
s000004375,HDA6
s000011490,HDA6
s000000119,HDA6
s000000376,HDA7
s000003769,HDA7
s000011491,HDc6
s000011492,HDc6
s000001456,HDc6
s000011493,HDc6
s000011494,HDc6
s000002170,HDc50
s000004594,HDc50
s000003225,HDc50
s000011495,HDc50
s000011496,HDc50
s000011497,HDc50
s000011498,HDc50
s000011499,HDl10
s000009276,HDl10
s000002875,HDl10
s000011500,HDu10
s000011501,HDu10
s000011502,HeB5
s000011503,HeB5
s000011504,HeB5
s000011505,HeB5
s000011506,HeB5
s000002978,HeB10
s000003163,HeB10
s000004572,HeB12
s000006020,HeB12
s000008090,HeB12
s000011507,HeB12
s000002501,HeB12
s000010239,HeB12
s000008869,HeB15
s000007246,HeB15
s000000401,HeB15
s000005090,HeB15
s000011508,HeB15
s000000497,HeB15
s000010239,HeB15
s000011509,HeB15
s000011510,HeB15
s000011511,HeB15
s000004444,HeD100
s000002817,HeD100
s000011512,HeD100
s000011513,HeD100
s000011514,HeD100
s000011515,HeD100
s000011516,HeD100
s000011517,HeD100
s000011518,HeD100
s000011519,HeD100
s000011520,HeD100
s000011521,HeD101
s000000742,HeD101
s000011522,HeD101
s000005673,HeD101
s000009119,HeD101
s000011523,HeD101
s000006150,HeD102
s000011524,HeD102
s000002469,HeD102
s000001343,HeD103
s000007628,HeD103
s000011525,HeD103
s000004220,HeD104
s000002940,HeD104
s000005748,HeD104
s000011526,HeD104
s000003458,HeD104
s000001436,HeD105
s000006242,HeD105
s000005947,HeD105
s000011527,HeD105
s000011528,HeD105
s000006128,HeD105
s000003955,HeD106
s000009789,HeD106
s000002885,HeD106
s000005113,HeD107
s000002438,HeD107
s000004940,HeD107
s000011529,HeD107
s000011530,HeD107
s000011531,HeD108
s000002498,HeD108
s000011532,HeD108
s000011533,HeD108
s000006218,HeD109
s000005189,HeD109
s000004116,HeD109
s000000508,HeD110
s000001407,HeD110
s000009606,HeD110
s000000868,HeD111
s000011534,HeD111
s000003955,HeD112
s000002726,HeD112
s000007536,HeD112
s000007273,HeD113
s000005058,HeD113
s000000071,HeD113
s000006785,HeD113
s000011535,HeD113
s000002885,HeD114
s000005860,HeD114
s000004157,HeD114
s000005113,HeD115
s000007627,HeD115
s000009620,HeD115
s000011536,HeD115
s000003035,HeD115
s000007648,HeD115
s000011535,HeD115
s000011537,HeD115
s000006816,HeD116
s000010155,HeD116
s000011538,HeD116
s000000931,HeD117
s000006816,HeD118
s000003132,HeD118
s000006859,HeD118
s000006859,HeD118
s000006859,HeD118
s000002798,HeD119
s000004895,HeD119
s000002629,HeD119
s000010304,HeD119
s000011539,HeD119
s000011540,HeD119
s000011541,HeD119
s000011542,HeD119
s000011543,HeD119
s000011544,HeD120
s000006672,HeD120
s000007708,HeD120
s000005274,HeD120
s000005670,HeD121
s000011545,HeD121
s000005550,HeD121
s000004317,HeD122
s000011521,HeD122
s000007536,HeD123
s000002105,HeD123
s000011546,HeD123
s000011547,HeD124
s000005113,HeD124
s000004449,HeD124
s000003047,HeD125
s000004239,HeD126
s000002468,HeD126
s000006150,HeD127
s000004810,HeD127
s000004197,HeD127
s000006859,HeH10
s000002498,HeH10
s000005265,HeH10
s000009789,HeH10
s000003047,HeH10
s000001886,HeH12
s000000006,HeH12
s000011548,HeH12
s000005999,HeH12
s000002629,HeH12
s000006859,HeH12
s000002776,HeL23
s000002706,HeL23
s000004116,HeL23
s000000293,HeL23
s000006859,HeL23
s000003996,HeL30
s000001398,HeL30
s000000635,HeL30
s000011549,HeL30
s000000297,HeL30
s000001461,HeL30
s000002562,HeL33
s000005034,HeL33
s000002990,HeL33
s000002641,HeL33
s000002100,HeL33
s000004270,HeL33
s000004568,HeL33
s000002034,HeL33
s000011550,HeL33
s000003964,HeL50
s000000165,HeL50
s000003880,HeL50
s000005863,HeL50
s000002438,HeL50
s000006481,HeM20
s000005973,HeM20
s000011292,HeM20
s000006744,HeM20
s000002093,HeM20
s000000021,HeM20
s000002577,HeM20
s000001389,HeM20
s000002959,HeM20
s000000224,HeM30
s000011551,HeM30
s000004306,HeM30
s000006744,HeM30
s000011552,HeM30
s000001826,HEs10
s000009725,HEs10
s000002078,HEs10
s000009332,HEs10
s000011553,HEs10
s000003326,HeW1
s000001360,HeW1
s000006682,HeW1
s000011554,HeW1
s000011555,HeW1
s000006859,HeW1
s000000014,HeW1
s000001221,HeW1
s000005240,HeW5
s000011556,HeW5
s000002788,HeE10
s000000887,HeE10
s000011557,HeE10
s000011558,HeE10
s000002093,HeE10
s000002007,HeK10
s000011559,HeK10
s000011560,HFa1
s000008238,HFa1
s000005433,HFa1
s000009426,HfK10
s000011561,HfK10
s000011562,HfK10
s000008826,HfK10
s000002041,HFr18
s000003153,HFr18
s000001189,HFr18
s000000351,HFr18
s000001252,HFr20
s000007085,HFr20
s000005092,HFr20
s000005388,HFr20
s000000625,HFr20
s000004786,HFr30
s000006859,HFr50
s000002141,HGC2
s000000596,HGC3
s000001536,HGC3
s000003154,HGC3
s000011563,HGC3
s000005224,HGC3
s000011564,HGC5
s000001536,HGC5
s000011565,HGC5
s000008887,HGC5
s000001536,HGC6
s000000596,HGC6
s000011563,HGC6
s000005224,HGC6
s000000248,HGC14
s000011566,HGC14
s000004319,HGC16
s000006353,HGC16
s000003785,HGC16
s000008442,HGC16
s000001147,HGC16
s000006289,HGC16
s000005744,HGC17
s000001147,HGC17
s000011567,HGC17
s000011568,HGC19
s000011569,HGC19
s000011570,HGe10
s000011571,HGe10
s000011572,HGe10
s000006859,HGe10
s000002507,HgH10
s000004209,HgH10
s000011573,HgH10
s000011574,HgH10
s000011575,HGL6
s000011576,HGL6
s000011577,HGL6
s000011578,HGL6
s000006859,HGL6
s000006859,HGL6
s000006859,HGL6
s000006859,HGL6
s000001217,HGL10
s000004591,HGL10
s000006450,HGL10
s000006166,HGr5
s000002470,HGr5
s000000427,HgS10
s000000355,HgS10
s000000562,HgS10
s000011579,HgS10
s000003415,HgS10
s000000383,HH9
s000001893,HH9
s000002567,HH9
s000011580,HH9
s000001998,HH9
s000001245,HH9
s000000716,HH9
s000004115,HH9
s000004452,HH12
s000001765,HH12
s000005104,HH12
s000003196,HH12
s000004893,HH12
s000004389,HH12
s000008503,HH12
s000009934,HH12
s000000191,HH12
s000004033,HH12
s000005354,HH13
s000003091,HH13
s000000187,HH13
s000004494,HH13
s000001326,HH14
s000001252,HH14
s000006831,HH14
s000006229,HH14
s000011581,HH14
s000006859,HH14
s000011582,HH14
s000011583,HH14
s000000379,HH15
s000003717,HH15
s000003197,HH15
s000001222,HH15
s000002047,HH15
s000002298,HH15
s000003483,HH15
s000003278,HH15
s000002757,HH21
s000002392,HH21
s000005434,HH21
s000002014,HH21
s000005360,HH21
s000001014,HH21
s000001943,HH21
s000002532,HH21
s000002014,HH21
s000011584,HH21
s000011585,HH21
s000000228,HH21
s000002392,HH22
s000000212,HH22
s000002707,HH22
s000000383,HH22
s000004292,HH22
s000007074,HH22
s000011586,HH22
s000011587,HH22
s000003151,HH22
s000005459,HH23
s000002392,HH23
s000000454,HH23
s000003699,HH23
s000002548,HH23
s000006282,HH23
s000004733,HH23
s000001800,HH23
s000003381,HH23
s000003197,HH23
s000003080,HH23
s000011588,HH23
s000005080,HH23
s000003827,HH23
s000002276,HH23
s000003411,HH23
s000008443,HH23
s000007085,HH25
s000001252,HH25
s000002861,HH25
s000006255,HH25
s000005493,HH25
s000003960,HH25
s000003343,HH25
s000002692,HH25
s000004016,HH25
s000006859,HH25
s000003077,HH25
s000000149,HH25
s000001762,HH25
s000002905,HH25
s000011589,HH25
s000003414,HH25
s000000613,HH27
s000000280,HH27
s000000711,HH27
s000000949,HH27
s000011590,HH27
s000003623,HH27
s000001407,HH27
s000000613,HH28
s000000280,HH28
s000006407,HH28
s000005279,HH28
s000003887,HH28
s000006230,HH28
s000006930,HH28
s000011591,HH28
s000009332,HH28
s000002779,HH28
s000005910,HH28
s000011592,HH28
s000011593,HH28
s000003214,HH29
s000004045,HH29
s000002760,HH29
s000001155,HH29
s000000718,HH29
s000011594,HH29
s000001978,HH29
s000011595,HH29
s000000194,HH29
s000011596,HH29
s000011597,HH29
s000008900,HH29
s000011598,HH29
s000006552,HH30
s000001138,HH30
s000001713,HH30
s000003013,HH30
s000000711,HH30
s000006859,HH30
s000000928,HH30
s000002392,HH31
s000005707,HH31
s000011599,HH31
s000011600,HH31
s000002392,HH33
s000004313,HH33
s000005372,HH33
s000000928,HH33
s000001153,HH33
s000003938,HH33
s000005453,HH34
s000004313,HH34
s000001153,HH34
s000004607,HH34
s000006374,HH34
s000005207,HH34
s000006734,HH34
s000006552,HH36
s000011601,HH36
s000003964,HH36
s000007694,HH36
s000000711,HH36
s000006552,HH37
s000000854,HH37
s000003977,HH37
s000003412,HH37
s000006552,HH41
s000004297,HH41
s000011602,HH41
s000006552,HH42
s000004719,HH42
s000005609,HHa3
s000000439,HHa3
s000006859,HHa3
s000002546,HHa5
s000004322,HHa5
s000005483,HHa5
s000001252,HHa10
s000006132,HHa10
s000003717,HHa10
s000005887,HHa10
s000011603,HHa10
s000001848,HHa10
s000003382,HHa10
s000001252,HHa12
s000006229,HHa12
s000001342,HHa12
s000011604,HHa12
s000005808,HHa12
s000000603,HHa12
s000009699,HHa12
s000006099,HHa12
s000001732,HHa12
s000006094,HHa12
s000003110,HHa12
s000001252,HHa13
s000002592,HHa13
s000003793,HHa13
s000002553,HHa13
s000001732,HHa13
s000004164,HHa13
s000003343,HHa13
s000006600,HHa15
s000005609,HHa15
s000006666,HHa15
s000006086,HHa15
s000000687,HHa15
s000003089,HHa15
s000004840,HHa15
s000005742,HHa16
s000003844,HHa16
s000002037,HHa16
s000005997,HHa16
s000000793,HHa16
s000000628,HHa16
s000007396,HHa16
s000004095,HHa16
s000009724,HHa16
s000003047,HHa20
s000005023,HHa20
s000001449,HHa20
s000001650,HHa20
s000001452,HHa20
s000000970,HHa20
s000000235,HHa20
s000005047,HHa20
s000004695,HHa20
s000005373,HHa20
s000006218,HHa20
s000011605,HHa20
s000011606,HHa20
s000011607,HHa20
s000011608,HHa20
s000011609,HHa20
s000005023,HHa21
s000003464,HHa21
s000000205,HHa21
s000004601,HHa21
s000011610,HHa21
s000000243,HHa21
s000003550,HHa21
s000002532,HHa21
s000005104,HHa27
s000000484,HHa27
s000002204,HHa27
s000011611,HHa27
s000005182,HHa27
s000011612,HHa27
s000000368,HHa27
s000004601,HHa28
s000002664,HHa28
s000001887,HHa28
s000004601,HHa28
s000002664,HHa28
s000000979,HHa28
s000003699,HHa28
s000011613,HHa28
s000000455,HHa28
s000004027,HHa31
s000006645,HHa31
s000001650,HHa31
s000002404,HHa31
s000003880,HHa31
s000005968,HHa32
s000001152,HHa32
s000006464,HHa32
s000011614,HHa32
s000011615,HHa32
s000001235,HHa32
s000003996,HHa38
s000011616,HHa38
s000011617,HHa38
s000000040,HHa38
s000005801,HHa38
s000009935,HHa38
s000003856,HHa38
s000000636,HHa38
s000002117,HHa38
s000011618,HHa38
s000000387,HHa39
s000001682,HHa39
s000000447,HHa39
s000003251,HHa39
s000004777,HHa39
s000004358,HHa39
s000003238,HHa39
s000001453,HHa39
s000002963,HHa39
s000002169,HHa39
s000001270,HHa39
s000004907,HHa43
s000008480,HHa43
s000004313,HHa43
s000009375,HHa43
s000011619,HHa43
s000000049,HHa47
s000009789,HHa47
s000011620,HHa47
s000006552,HHa50
s000003744,HHa50
s000000706,HHa50
s000011621,HHa50
s000011622,HHa50
s000006552,HHa53
s000002391,HHa53
s000000921,HHa53
s000005241,HHa54
s000008090,HHa54
s000001152,HHa54
s000002037,HHa54
s000003123,HHa54
s000003880,HHa54
s000004867,HHa54
s000004886,HHa54
s000005042,HHa54
s000005968,HHa54
s000006478,HHa54
s000006552,HHa54
s000006645,HHa54
s000011623,HHa54
s000000711,HHa54
s000000721,HHa54
s000001591,HHa54
s000004005,HHa54
s000004358,HHa54
s000007543,HHa54
s000005305,HHa54
s000006092,HHa54
s000006249,HHa54
s000009191,HHa56
s000004625,HHa56
s000004558,HHa56
s000003683,HHa56
s000011460,HHa56
s000004390,HHa56
s000004120,HHa56
s000003431,HHa56
s000002391,HHa60
s000011624,HHa60
s000011625,HHa60
s000005630,HHa60
s000005180,HHa60
s000011626,HHa60
s000006552,HHa65
s000000905,HHa65
s000001763,HHa65
s000001443,HHa65
s000002871,HHa65
s000005793,HHa65
s000002871,HHa65
s000003975,HHa65
s000001270,HHa65
s000004867,HHa72
s000011627,HHa72
s000011628,HHa72
s000011629,HHa72
s000001270,HHa72
s000002438,HHa72
s000002180,HHa72
s000002801,HHe1
s000000506,HHe1
s000001942,HHe1
s000002656,HHe1
s000003563,HHe1
s000001838,HHe1
s000003793,HHo3
s000005473,HHo3
s000002854,HHo3
s000008927,HHo3
s000001318,HHo5
s000004907,HHo5
s000000636,HHo5
s000005207,HHo5
s000011619,HHo5
s000011630,HHo5
s000011631,HHo5
s000011353,HHo5
s000005092,HHo10
s000004679,HHo10
s000005356,HHo10
s000002116,HHo10
s000004901,HHo10
s000002393,HHo10
s000005969,HHo10
s000002239,HHS1
s000011632,HHS1
s000004517,HHS3
s000002239,HHS3
s000004517,HHS6
s000002239,HHS6
s000011632,HHS6
s000011632,HHS8
s000002239,HHS8
s000004517,HHS8
s000002544,HHu1
s000002603,HHu1
s000003812,HHu1
s000011633,HHu1
s000011634,HHu1
s000005453,HHu2
s000000541,HHu2
s000004292,HHu2
s000002984,HHu2
s000003746,HIL5
s000002772,HIL5
s000003000,HIL5
s000011635,HIL5
s000003492,HIL5
s000000113,HIL5
s000009706,HIL5
s000011591,HIL5
s000002659,HIL5
s000011636,HIL5
s000011637,HIL5
s000011638,HIL5
s000006222,HIL25
s000007605,HiT15
s000011639,HiT15
s000006859,HiT20
s000003427,HiT20
s000006811,HiT35
s000011640,HiT35
s000011641,HJ1
s000006581,HJ1
s000000567,HJ5
s000001850,HJ5
s000003926,HJ5
s000002012,HJ5
s000001850,HJ7
s000004609,HJ7
s000006244,HJ7
s000003048,HJ9
s000003919,HJ9
s000003048,HJ10
s000011642,HJ10
s000011643,HJ10
s000011644,HJ10
s000011645,HJ10
s000011646,HJ10
s000011647,HJ10
s000006584,HJ12
s000001349,HJ12
s000011648,HJ12
s000011649,HJ12
s000011650,HJ12
s000011651,HJ12
s000011652,HJ12
s000011653,HJ14
s000002012,HJ14
s000005329,HJ14
s000011654,HJ14
s000011653,HJ18
s000010604,HJ18
s000005178,HJ18
s000011655,HJ18
s000004001,HJ18
s000011656,HJB50
s000005513,HJL10
s000004823,HJL10
s000011657,HJL10
s000011658,HJL10
s000006859,HJS10
s000010025,HJS10
s000006859,HJS10
s000000479,HK25
s000011659,HK25
s000004362,HK25
s000002772,HK25
s000001893,HK25
s000003157,HK25
s000005380,HK50
s000002232,HK50
s000000273,HK50
s000001815,HK50
s000002076,HK50
s000001705,HK50
s000001322,HK50
s000003148,HK50
s000007707,HK50
s000011660,HK56
s000002037,HK56
s000006045,HK56
s000011661,HK56
s000002565,HK56
s000001591,HK56
s000000857,HK56
s000011662,HK56
s000002513,HK56
s000005023,HK58
s000000980,HK58
s000005513,HK58
s000011663,HK58
s000005808,HK58
s000005887,HK58
s000011317,HK58
s000001982,HK58
s000003755,HK58
s000004436,HK58
s000003891,HK58
s000004661,HK58
s000001140,HK58
s000006859,HK58
s000006859,HK58
s000005023,HK66
s000000687,HK66
s000001936,HK66
s000000111,HK66
s000001591,HK66
s000001650,HK66
s000000759,HK66
s000000785,HK66
s000000570,HK66
s000001101,HK66
s000002670,HK66
s000001188,HK66
s000002973,HK66
s000005023,HK67
s000001936,HK67
s000000111,HK67
s000004194,HK67
s000002539,HK67
s000002772,HK67
s000006606,HK67
s000000970,HK67
s000002973,HK67
s000006401,HK67
s000011664,HK67
s000001188,HK67
s000002084,HK67
s000001036,HK67
s000001736,HK67
s000006249,HK69
s000002595,HK69
s000002425,HK69
s000003255,HK69
s000000711,HK69
s000001153,HK69
s000002949,HK69
s000006255,HK69
s000003891,HK69
s000002759,HK69
s000002037,HK72
s000001449,HK72
s000003464,HK72
s000001452,HK72
s000005023,HK75
s000004677,HK75
s000001329,HK75
s000004292,HK75
s000005513,HK75
s000005092,HK75
s000006858,HK75
s000000218,HK75
s000003135,HK76
s000005233,HK76
s000003378,HK77
s000005047,HK77
s000004867,HK82
s000003938,HK82
s000004197,HK82
s000004291,HK82
s000011665,HK82
s000003047,HK82
s000005969,HK82
s000011666,HK82
s000004867,HK86
s000002706,HK86
s000004005,HK86
s000004156,HK86
s000000849,HK86
s000003169,HK86
s000004349,HK86
s000006054,HK86
s000002824,HK86
s000006858,HK86
s000002193,HK89
s000004867,HK89
s000002706,HK89
s000004522,HK89
s000000979,HK89
s000006148,HK89
s000001407,HK89
s000002839,HK91
s000003135,HK91
s000006148,HK91
s000001842,HK91
s000004018,HK91
s000011667,HK91
s000003731,HK91
s000002706,HK92
s000005023,HK92
s000001808,HK92
s000003172,HK92
s000004358,HK92
s000004371,HK92
s000001845,HK92
s000011668,HK92
s000004717,HK92
s000005023,HK94
s000002193,HK94
s000002032,HK94
s000000061,HK94
s000001967,HK94
s000006859,Hka3
s000006859,HKa10
s000006859,HKa12
s000006676,HKl17
s000011669,HKl17
s000004490,HKl17
s000000151,HKl17
s000006269,HKl17
s000000066,HKl17
s000011670,HKl17
s000001696,HKl23
s000011671,HKl23
s000006122,HKl23
s000011672,HKl23
s000010304,HKl23
s000001520,HKl30
s000002228,HKl30
s000001696,HKl30
s000002448,HKl30
s000000628,HKl30
s000011673,HKl30
s000003239,HKl30
s000007545,HKl30
s000001520,HKl40
s000002039,HKl40
s000009955,HKl40
s000000628,HKl40
s000003669,HKl40
s000004761,HKl40
s000006598,HKl40
s000011674,HKo6
s000002447,HKo6
s000002447,HKo9
s000011675,HKo10
s000005877,HKo10
s000004789,HKo10
s000004822,HKo10
s000001759,HKo12
s000001369,HKo12
s000000254,HKo12
s000001759,HKo13
s000003531,HKo13
s000011676,HKo13
s000011677,HKo13
s000008501,HKo13
s000001014,HKo13
s000001674,HKo13
s000005023,HKo17
s000003239,HKo17
s000000408,HKo17
s000001152,HKo17
s000011678,HKo17
s000004156,HKo17
s000011679,HKo17
s000011680,HKo17
s000002392,HKo18
s000004587,HKo18
s000011681,HKo18
s000011682,HKo18
s000007342,HKo18
s000007255,HKo18
s000003468,HKo18
s000002513,HKo18
s000006230,HKo18
s000003214,HKo21
s000003468,HKo21
s000000399,HKo21
s000002528,HKo21
s000002384,HKo22
s000004027,HKo22
s000002626,HKo22
s000011683,HKo22
s000002384,HKo23
s000009749,HKo23
s000002233,HKo23
s000006795,HKo23
s000004193,HKo23
s000006327,HKo23
s000005968,HKo24
s000002950,HKo24
s000003239,HKo24
s000002054,HKo24
s000009533,HKo24
s000006859,HKo24
s000005968,HKo25
s000006683,HKo25
s000011684,HKo25
s000006859,HKo25
s000011685,HKo25
s000011686,HKo25
s000003095,HKo25
s000011687,HKo25
s000006805,HKo25
s000005968,HKo26
s000001612,HKo26
s000003095,HKo26
s000002680,HKo26
s000005601,HKo26
s000000086,HKo26
s000007414,HKo26
s000009237,HKo26
s000005876,HKo26
s000000842,HKo29
s000003135,HKo29
s000005763,HKo29
s000004027,HKo29
s000005227,HKo29
s000005356,HKo29
s000006148,HKo29
s000003047,HKo29
s000000636,HKo29
s000005982,HKo29
s000004405,HKo29
s000006155,HKo29
s000000036,HKo29
s000000700,HKo30
s000005763,HKo30
s000004641,HKo30
s000005227,HKo30
s000004544,HKo30
s000001842,HKo30
s000004283,HKo30
s000005632,HKo30
s000004587,HKo36
s000000104,HKo36
s000009531,HKo36
s000003238,HKo36
s000011688,HKo36
s000001651,HKo36
s000005356,HKo36
s000002996,HKo36
s000002096,HKo39
s000002193,HKo39
s000004513,HKo39
s000001025,HKo39
s000007013,HKo39
s000011689,HKo39
s000011690,HKo41
s000006840,HKo41
s000003424,HKo41
s000005715,HKo41
s000011691,HKo41
s000006859,HKo41
s000002547,HKo41
s000006859,HKo41
s000006859,HKo41
s000005968,HKo43
s000004677,HKo43
s000007413,HKo43
s000005548,HKo43
s000006716,HKo43
s000002192,HKo43
s000004100,HKo43
s000006859,HKo43
s000011692,HKo43
s000006859,HKo43
s000006859,HKo43
s000005655,HKu10
s000011693,HKu10
s000011694,HKu10
s000011695,HKu10
s000006859,HKu10
s000006859,HKu10
s000003257,HKr10
s000011696,HKr10
s000006859,HKr10
s000006859,HKr20
s000011697,HKr30
s000005795,HKr30
s000011698,HKr30
s000011699,HKr30
s000006859,HKr30
s000003691,HL2
s000011700,HL2
s000011701,HL2
s000011702,HL2
s000011703,HL2
s000011704,HL2
s000003691,HL5
s000003691,HL8
s000005121,HL8
s000011705,HL8
s000003691,HL20
s000004683,HLa35
s000006222,HLaD55
s000006222,HLa60
s000006222,HLa65
s000005706,HLa70
s000006222,HLa75
s000011121,HLF10
s000002804,HLF10
s000002803,HLF10
s000011706,HlH1
s000011707,HlH1
s000011708,HlH1
s000011709,HlH1
s000009571,HlH1
s000011710,HlH2
s000011706,HlH2
s000011711,HlH2
s000011712,HlH2
s000011713,HlH2
s000006859,HlH2
s000011707,HlH3
s000011714,HlH3
s000011715,HlH3
s000011716,HlH9
s000011717,HlH9
s000003587,HLu10
s000003955,HLS10
s000001808,HLS10
s000011718,HLS10
s000005555,HLS10
s000011719,HLS10
s000009449,HLv10
s000011720,HLv10
s000011721,HLv10
s000011722,HMD1
s000011723,HMD1
s000004683,HMF20
s000004683,HMF22
s000004683,HMF25
s000001493,HMo10
s000003235,HMo10
s000000976,HMo10
s000002771,HMo10
s000000938,HMo10
s000002263,HMo10
s000005240,HNe10
s000002308,HNe10
s000001979,HNe10
s000005185,HNe10
s000005240,HNe12
s000001979,HNe12
s000003235,HNe12
s000003361,HNe12
s000005240,HNe15
s000001979,HNe15
s000002308,HNe15
s000005185,HNe15
s000006686,HNe15
s000011724,HNe15
s000004076,HNe15
s000005240,HNe17
s000001934,HNe17
s000000225,HNe17
s000004354,HNe17
s000001543,HNe17
s000003964,HNe17
s000001485,HNe17
s000000337,HNe17
s000000686,HNe17
s000001820,HNe17
s000001035,HNe17
s000011725,HNe17
s000001239,HNe17
s000004949,HNe17
s000001919,HNe17
s000003046,HNe17
s000006205,HNe17
s000002039,HNe17
s000011726,HNe17
s000011727,HNe17
s000011728,HNe17
s000011729,HNe17
s000011730,HNe17
s000011731,HNe17
s000011732,HNe17
s000011733,HNe17
s000011734,HNe17
s000011735,HNe17
s000011736,HNe17
s000011737,HNe17
s000011738,HNe17
s000011739,HNe17
s000011740,HNe17
s000005240,HNe20
s000000134,HNe20
s000000420,HNe20
s000004489,HNe20
s000005807,HNe20
s000005240,HNe25
s000001543,HNe25
s000003964,HNe25
s000001485,HNe25
s000001919,HNe25
s000002737,HNe25
s000005542,HNe25
s000003837,HNe25
s000000172,HNe25
s000006152,HNe25
s000005772,HNe25
s000005896,HoB25
s000011741,HoB25
s000006086,HoB25
s000008760,HoB25
s000006859,HoB25
s000006859,HoB25
s000004101,HoB35
s000006222,HoB50
s000000110,HoC10
s000002425,HoC10
s000005294,HoD10
s000004063,HoD10
s000011742,HoD10
s000005006,HoD10
s000005895,HoD10
s000008903,HoD10
s000001362,HoD20
s000001437,HoD20
s000011743,HoD20
s000008313,HoD20
s000011744,HoD20
s000001823,HoD20
s000003612,HoD24
s000004021,HoD24
s000000335,HoD24
s000006859,HoD24
s000006859,HoD24
s000006859,HoD24
s000004472,HoF10
s000001472,HoF10
s000005079,HoF10
s000009645,HoF10
s000011745,HoF10
s000011746,HoF10
s000011747,HoF10
s000011748,HoF10
s000011749,HoG10
s000011750,HoG10
s000001083,HoH10
s000001165,HoH10
s000011751,HoH10
s000004879,HoH10
s000004492,HoH12
s000002089,HoH12
s000001469,HoH12
s000011752,HoH12
s000006045,HoH12
s000009165,HoH12
s000000613,HoH12
s000001325,HoK5
s000004166,HoK5
s000001044,HoK5
s000000748,HoK5
s000006090,HoK5
s000011753,HoK5
s000000347,HoK8
s000000321,HoK8
s000011754,HoK8
s000003196,HoK10
s000011755,HoK10
s000011756,HoK10
s000005399,HoK12
s000002835,HoK12
s000010660,HoK12
s000002513,HoK12
s000005462,HoK12
s000000726,HoZ5
s000000185,HoZ5
s000002455,HoZ5
s000001434,HoZ5
s000011757,HoZ5
s000004976,HoZ5
s000004021,HoZ10
s000003029,HoZ10
s000000953,HoZ10
s000000476,HoZ10
s000006022,HoZ12
s000004705,HoZ12
s000005510,HoZ12
s000011758,HoZ12
s000011759,HoZ12
s000002683,HoZ14
s000000710,HoZ14
s000006569,HoZ14
s000004341,HoZ18
s000010226,HoZ18
s000000227,HoZ18
s000003223,HoZ21
s000003688,HoZ21
s000000680,HoZ21
s000011760,HoZ23
s000011761,HoZ23
s000011761,HoZ24
s000000014,HoZ24
s000001385,HoZ24
s000004013,HoZ24
s000011762,HoZ24
s000001785,HoZ24
s000011763,HPa10
s000006859,HPa10
s000006859,HPa10
s000011764,HPC10
s000011765,HPC10
s000011766,HPC10
s000011767,HPC10
s000011768,HPC10
s000011769,HPe10
s000011770,HPe10
s000011771,HPe10
s000011772,HPe10
s000011773,HPe10
s000011774,HPe10
s000011775,HPe10
s000003512,HPo10
s000011776,HPo10
s000011777,HPo10
s000005427,HPo10
s000001972,HPo10
s000011778,HPo10
s000009805,HPo10
s000011779,HPo10
s000011780,HPo10
s000011781,HPo10
s000011782,HPo10
s000004378,HPo10
s000011783,HPo10
s000011784,HPo10
s000011785,HPo10
s000011786,HPo10
s000006818,HPr10
s000003507,HPr10
s000006113,HPr20
s000002295,HPr20
s000005287,HPr20
s000006863,HPr20
s000001692,HPr20
s000002295,HPr20
s000011787,HPr20
s000011788,HPr20
s000011560,HpS10
s000006338,HrC10
s000011789,HrC10
s000011790,HrC10
s000011791,HrH1
s000011792,HrH1
s000011793,HrH1
s000006859,HRi10
s000006859,HRi10
s000003534,HRo2
s000002596,HRo2
s000009902,HRo2
s000006220,HRo2
s000001998,HRo2
s000004027,HRo5
s000011794,HRo5
s000001044,HRo5
s000004180,HRo10
s000003475,HRo10
s000002925,HRo10
s000000235,HRo10
s000006859,HrR10
s000001661,HrR10
s000005029,HrR10
s000000347,HrR10
s000005029,HrR12
s000000347,HrR12
s000002151,HrR12
s000000347,HrR12
s000011795,HrR12
s000006859,HrR12
s000005275,HRv10
s000011796,HRv10
s000011797,HRv10
s000011798,HSB18
s000011799,HSB18
s000011800,HSB18
s000004090,HSc5
s000002078,HSc5
s000007343,HSc5
s000001270,HSc5
s000005598,HSc15
s000008442,HSc15
s000004234,HSc15
s000001820,HSc15
s000011801,HSc15
s000011802,HSc15
s000003011,HSc15
s000011803,HSc15
s000003781,HSh5
s000001469,HSh5
s000006543,HSh5
s000008863,HSh5
s000002016,HSh5
s000006772,HSh5
s000001428,HSh5
s000000628,HSh5
s000000678,HSh10
s000000280,HSh10
s000004856,HSh10
s000003746,HSh10
s000002095,HSh10
s000001298,HSh10
s000011804,HSh10
s000006858,HSh10
s000003891,HSh10
s000002369,HSm10
s000011805,HSr10
s000011806,HSr10
s000011807,HSr10
s000011808,HSr10
s000011809,HSr10
s000000969,HSu10
s000003081,HSu10
s000003801,HSu10
s000008713,HtB10
s000011810,HtB10
s000006487,HtB10
s000009077,HtB10
s000011811,HtB10
s000011812,HtB10
s000011813,HtB10
s000000700,HuC7
s000006859,HuC7
s000000636,HuC7
s000004371,HuC7
s000002114,HuC7
s000011814,HuC7
s000001121,HuF8
s000000966,HuF8
s000001351,HuH10
s000001062,HuH10
s000002678,HuH10
s000003406,HuH10
s000003866,HuH10
s000000900,HuH10
s000000133,HuH10
s000001926,HuH10
s000002272,HuH10
s000001460,HuH10
s000003455,HuH15
s000005272,HuH15
s000002850,HuH15
s000002087,HuH15
s000003821,HuH15
s000004767,HuH20
s000005177,HuJ10
s000002496,HuW10
s000007949,HuW10
s000004203,HuW12
s000004203,HuW15
s000007494,HuW15
s000003837,HuW22
s000000872,HuW22
s000004878,HuW22
s000011815,HuW22
s000006855,HuW22
s000011816,HuW22
s000002683,HuW25
s000004221,HuW25
s000003222,HuW25
s000006859,HuW25
s000004814,HuW25
s000006859,HuW25
s000004510,HuW25
s000006859,HuW25
s000006859,HuW25
s000011817,HuW25
s000006859,HuW25
s000002240,HVe10
s000006859,HVe10
s000011818,HVe10
s000002915,HVe10
s000002170,HVe11
s000011819,HVe11
s000000195,HvH10
s000004835,HvH10
s000006816,HvH10
s000011820,HvH10
s000000855,HvH11
s000006790,HvH11
s000011821,HvH11
s000000443,HvH12
s000007273,HvH12
s000011483,HvH12
s000011822,HvH12
s000001908,HvH13
s000000970,HvH13
s000004234,HvH13
s000003112,HvH14
s000000293,HvH14
s000002016,HvH14
s000011823,HvP10
s000011824,HvP10
s000004278,HvP10
s000010032,HvP10
s000011825,HWa9
s000005708,HWa9
s000006514,HWa9
s000002062,HWe10
s000000601,HWe10
s000011826,HWe10
s000000629,HWe10
s000002771,HwF10
s000004903,HwF10
s000011073,HwF10
s000011827,HwF10
s000004298,HWi1
s000003293,HWi1
s000006277,HWi1
s000004412,HWi1
s000000854,HWi1
s000006859,HwM10
s000005633,HwM10
s000002150,HWo1
s000006188,HWx5
s000000256,HWx5
s000004514,HWx9
s000005226,HWx9
s000002951,HWx9
s000005963,HWx9
s000001702,HWx9
s000004514,HWx10
s000002401,HWx10
s000003891,HWx10
s000005974,HWx10
s000006934,HWx10
s000006681,HWx10
s000004514,HWx16
s000006460,HWx16
s000006506,HWx16
s000005291,HWx16
s000004398,HWx16
s000002093,HWx16
s000000983,HWx16
s000000270,HWx16
s000001546,HWx16
s000011828,HWx16
s000004514,HWx17
s000006460,HWx17
s000005808,HWx17
s000005291,HWx17
s000000983,HWx17
s000000270,HWx17
s000011829,HWx17
s000004514,HWx19
s000005513,HWx19
s000005360,HWx19
s000004689,HWx19
s000004514,HWx20
s000000618,HWx20
s000000978,HWx20
s000002884,HWx20
s000003008,HWx20
s000004514,HWx21
s000000945,HWx21
s000004027,HWx21
s000000739,HWx21
s000005315,HWx21
s000004967,HWx21
s000006832,HWx21
s000000182,HWx21
s000002276,HWx21
s000004514,HWx22
s000004239,HWx22
s000006832,HWx22
s000003948,HWx22
s000005360,HWx22
s000000820,HWx22
s000006261,HWx22
s000004514,HWx45
s000006657,HWx45
s000011830,HWx45
s000011150,HWx45
s000000788,HWx45
s000011831,HWx45
s000005285,HWx45
s000008166,HWx45
s000006657,HWx54
s000003704,HWx54
s000006587,HWx54
s000004060,HWx54
s000003883,HWx54
s000004514,HWx55
s000002032,HWx55
s000002400,HWx55
s000001921,HWx55
s000002635,HWx55
s000004514,HWx60
s000005083,HWx60
s000002174,HWx60
s000010877,HWx60
s000000797,HWx60
s000000095,HWx60
s000002907,HY1
s000004641,HY1
s000004005,HY1
s000000793,HY1
s000004822,HY10
s000003871,HY10
s000002497,HY10
s000002760,HY17
s000007129,HY17
s000000785,HY17
s000011832,HY17
s000003278,HY17
s000001674,HY17
s000011833,HY17
s000006113,HY17
s000011834,HY20
s000003413,HY20
s000002670,HY20
s000001305,HY20
s000011835,HY20
s000005634,HyA2
s000006363,HyA2
s000006127,HyA2
s000006966,HyA2
s000000186,HyA2
s000011757,HyA2
s000009842,HyA2
s000010194,HyA2
s000011836,HyA2
s000006053,HyA2
s000004703,HyA3
s000011837,HyA3
s000006803,HyA3
s000004815,HyA3
s000005386,HyA3
s000005379,HyA3
s000006726,HyA3
s000007273,HyA3
s000001388,HyA3
s000003235,HyA10
s000001388,HyA10
s000000648,HyA10
s000001631,HyA10
s000004977,HyA10
s000001885,HyA10
s000001618,HyA10
s000004653,HyA10
s000001849,HyA10
s000001975,HyA10
s000011838,HyA10
s000002650,HyA30
s000003779,HyA30
s000005554,HyA30
s000011839,HyA30
s000005960,HyA30
s000007547,HyC10
s000006485,HyC10
s000000898,HyC10
s000008550,HyC10
s000003570,HyC10
s000006628,HyC10
s000011840,HyC10
s000008858,HyC10
s000002250,HyC10
s000011841,HyK10
s000006859,HyK10
s000007417,HyM10
s000001712,HyM10
s000011842,HyM10
s000009074,HyM10
s000007884,HyM10
s000011843,HyS10
s000011844,HyS10
s000006645,IaS10
s000001476,IaS10
s000001190,IaS10
s000000680,IAv4
s000004835,IAv4
s000005531,IAv4
s000009231,IAv4
s000003612,IAv7
s000002281,IAv7
s000011845,IAv7
s000011846,IAv7
s000001461,IAv7
s000006165,IAv7
s000005882,IAv10
s000006823,IAv10
s000005725,IAv10
s000004187,IAv10
s000006559,IAv10
s000005737,IAv12
s000000465,IAv14
s000000269,IAv14
s000004384,IAv14
s000006465,IAv14
s000005597,IAv16
s000000700,IAv16
s000003242,IAv16
s000002272,IAv16
s000006011,IAv16
s000003801,IAv16
s000001900,IAv18
s000001760,IAv18
s000002943,IAv18
s000001302,IAv18
s000011847,IAv18
s000011848,IAv18
s000011849,IAv18
s000002139,IAv19
s000011850,IAv19
s000011851,IAv19
s000011852,IAv19
s000002488,IAv19
s000011853,IAv19
s000011854,IAv19
s000009186,IAv20
s000011855,IAv20
s000011856,IAv20
s000011857,IAv20
s000002722,IAv20
s000011858,IAv20
s000011859,IAv20
s000011860,IAv20
s000011861,IAv20
s000005882,IAv21
s000005725,IAv21
s000005882,IAv25
s000011862,IAv25
s000005882,IAv27
s000004347,IAv27
s000002506,IB8
s000003922,IB8
s000006675,IB8
s000000887,IB8
s000011863,IB8
s000002635,IB8
s000005172,IB8
s000002736,IB18
s000004634,IB18
s000005395,IB18
s000003475,IB18
s000002766,IB18
s000001329,IB19
s000000902,IB19
s000001329,IB20
s000001449,IB20
s000005513,IB20
s000003498,IB20
s000010789,IB20
s000004500,IB20
s000006781,IB20
s000011864,IB21
s000000454,IB21
s000007544,IB21
s000006515,IB21
s000011865,IB21
s000001305,IB21
s000011866,IB21
s000002565,IB21
s000001496,IB22
s000004298,IB22
s000005047,IB30
s000004468,IB30
s000002173,IB30
s000005814,IB100
s000004157,IB100
s000011867,IB100
s000011868,IB100
s000011869,IB100
s000011870,IB100
s000011871,IB100
s000011872,IB100
s000006383,IB101
s000006621,IB101
s000004021,IB101
s000011873,IB101
s000006974,IB102
s000006240,IB102
s000006011,IB103
s000005860,IB103
s000011874,IB103
s000002817,IB103
s000000434,IB103
s000005002,IB104
s000002861,IB104
s000011875,IB104
s000007626,IB104
s000011876,IB104
s000008338,IB104
s000011877,IB104
s000011878,IB104
s000011316,IB104
s000006560,IB105
s000011879,IB105
s000011880,IB105
s000011881,IB105
s000011882,IB105
s000001120,IB105
s000011535,IB105
s000005611,IB106
s000006150,IB106
s000011877,IB106
s000011883,IB107
s000011884,IB107
s000002491,IB107
s000003939,IB108
s000004157,IB108
s000011885,IB108
s000003359,IB109
s000002963,IB109
s000004234,IB109
s000006859,IB109
s000005382,IB110
s000006859,IB110
s000011837,IB110
s000001496,IB110
s000004759,IB110
s000006859,IB110
s000001003,IB111
s000005423,IB111
s000004018,IB111
s000011886,IB112
s000001927,IB112
s000006229,IB112
s000002098,IB113
s000006019,IB113
s000007276,IB113
s000000149,IB150
s000001318,IB150
s000001912,IB150
s000011887,IB150
s000011888,IB150
s000011889,IB150
s000011890,IB150
s000005064,IBa7
s000005676,IBa7
s000008055,IBa7
s000003133,IBa7
s000006859,IBa7
s000006260,IBa9
s000005036,IBa9
s000011891,IBa9
s000011892,IBa9
s000004242,IBa9
s000011893,IBa9
s000006860,IBa9
s000011894,IBa9
s000011895,IBa9
s000011896,IBa9
s000003504,IBa10
s000004690,IBa10
s000007311,IBa10
s000004527,IBa10
s000011897,IBa10
s000001709,IBa11
s000001003,IBa11
s000002964,IBa11
s000000741,IBa12
s000001172,IBa12
s000006763,IBa12
s000006866,IBa12
s000001263,IBa12
s000005557,IBa13
s000005939,IBa13
s000004089,IBa13
s000001115,IBa13
s000004639,IBa13
s000005528,IBa13
s000006866,IBa16
s000002496,IBa16
s000007225,IBa16
s000006859,IBa16
s000002088,IBa20
s000006859,IBa20
s000006773,IBa20
s000001709,IBa22
s000008210,IBa22
s000001867,IBa22
s000004384,IBa22
s000007732,IBa22
s000011898,IBa22
s000006016,IBa22
s000011899,IBa22
s000005429,IBa22
s000006859,IBa22
s000006859,IBa22
s000006859,IBa22
s000002036,IBa23
s000008136,IBa23
s000000321,IBa23
s000011900,IBa23
s000003234,IBa23
s000000846,IBC10
s000000403,IBC10
s000005666,IBC10
s000011901,IBC10
s000011902,IBC10
s000011903,IBC10
s000011904,IBC10
s000011905,IBC10
s000011906,IBC10
s000011907,IBC10
s000011908,IBC10
s000011909,IBC10
s000011910,IBd10
s000004227,IBd10
s000011911,IBd10
s000000374,IBd10
s000003976,IBe4
s000001513,IBe4
s000006233,IBe4
s000003746,IBe4
s000002507,IBe4
s000001963,IBe10
s000011912,IBe10
s000006227,IBl10
s000006227,IBl10
s000002617,IBl15
s000011913,IBl15
s000011914,IBl15
s000001421,IBl15
s000003982,IBo2
s000006400,IBo2
s000001609,IBo2
s000006859,IBo2
s000004012,IBo4
s000006629,IBo4
s000011915,IBo4
s000011916,IBo4
s000011917,IBo4
s000006432,IBo5
s000005240,IBo5
s000000420,IBo5
s000001308,IBo5
s000011918,IBo5
s000004126,IBo5
s000005169,IBo5
s000001306,IBo5
s000000637,IBo5
s000000842,IBo7
s000000576,IBo7
s000002027,IBo7
s000006731,IBo7
s000006439,IBo7
s000002740,IBo7
s000003133,IBo7
s000000420,IBo7
s000001221,IBo10
s000005127,IBo10
s000003303,IBo10
s000000695,IBo10
s000006140,IBo20
s000011919,IBo20
s000011920,IBo20
s000006696,IBo20
s000004282,IBo20
s000011921,IBo20
s000006859,IBo20
s000005970,IBo20
s000000641,IBo27
s000002075,IBo27
s000011922,IBo27
s000011509,IBo27
s000006859,IBo30
s000004231,IBo30
s000006859,IBo30
s000006859,IBo30
s000011923,IBo35
s000006432,IBo35
s000011924,IBo35
s000011925,IBo35
s000004603,IBy10
s000005858,IBy10
s000002710,IBy10
s000004472,IBy15
s000002786,IBy15
s000001827,IBy15
s000005448,IBy15
s000003218,IBy15
s000009258,IBy15
s000000750,IBy15
s000004502,ICa1
s000004780,ICa1
s000011926,ICa1
s000004640,ICa1
s000005992,ICa3
s000003152,ICa3
s000006855,ICa3
s000001385,ICa5
s000003733,ICa5
s000005837,ICa5
s000007311,ICa5
s000001385,ICa6
s000000337,ICa6
s000002833,ICa6
s000002890,ICa6
s000005456,ICa8
s000006346,ICa8
s000000648,ICa8
s000000337,ICa8
s000002927,ICa8
s000005456,ICa9
s000000728,ICa9
s000000995,ICa9
s000001135,ICa9
s000001772,ICa9
s000004013,ICa9
s000002359,ICa10
s000011927,ICa10
s000001066,ICa20
s000008869,ICa20
s000004525,ICa20
s000011928,ICa20
s000007574,ICa20
s000011929,ICa20
s000001979,ICa20
s000011930,ICa20
s000011931,ICa20
s000005456,ICa25
s000011932,ICa25
s000000844,ICa25
s000002039,ICa25
s000011933,ICa25
s000011934,ICa25
s000002452,ICa25
s000006763,ICa27
s000000311,ICa27
s000011935,ICa27
s000011860,ICa27
s000011936,ICa27
s000011937,ICa27
s000001590,ICd10
s000001345,ICd10
s000003043,ICd10
s000006806,ICd10
s000000573,ICd10
s000002830,ICo10
s000011938,ICo10
s000004168,ICo10
s000011939,ICo10
s000011940,ICo10
s000010507,ICo10
s000010507,ICo10
s000010507,ICo10
s000010507,ICo10
s000000981,ICr2
s000005784,ICr2
s000011941,ICr2
s000011942,ICr2
s000005234,ICr2
s000011943,ICr2
s000011944,ICr2
s000003633,ICr2
s000005020,ICr4
s000000212,ICr4
s000002103,ICr4
s000006230,ICr4
s000011945,ICr4
s000010672,ICr4
s000001252,ICr6
s000006785,ICr6
s000001743,ICr6
s000011946,ICr6
s000005020,ICr7
s000002103,ICr7
s000011947,ICr7
s000011948,ICr7
s000003037,ICr7
s000011949,ICr7
s000002103,ICr10
s000003781,ICr10
s000011950,ICr10
s000001464,ICr10
s000001949,ICr10
s000002903,ICr10
s000001749,ICr16
s000004082,ICr16
s000001334,ICr16
s000001518,ICr16
s000001469,ICr19
s000002907,ICr19
s000001518,ICr19
s000004761,ICr19
s000001564,ICr19
s000003106,ICr19
s000002528,ICr19
s000000384,ICr24
s000005808,ICr24
s000005399,ICr24
s000007085,ICr25
s000004082,ICr25
s000001786,ICr25
s000000711,ICr25
s000006606,ICr25
s000001014,ICr25
s000003976,ICr25
s000008769,ICr25
s000001198,ICr27
s000001198,ICr27
s000008058,ICr27
s000000980,ICr27
s000004587,ICr27
s000004005,ICr27
s000000235,ICr27
s000005808,ICr27
s000002081,ICr27
s000003755,ICr27
s000000678,ICr28
s000003451,ICr28
s000002494,ICr28
s000000884,ICr28
s000003699,ICr28
s000002528,ICr28
s000001694,ICr28
s000011951,ICr30
s000005968,ICr30
s000001153,ICr30
s000000625,ICr30
s000010683,ICr30
s000001459,ICr30
s000005086,ICr30
s000009023,ICr30
s000000423,ICr30
s000001165,ICr35
s000001297,ICr35
s000003135,ICr35
s000006132,ICr35
s000004358,ICr35
s000006778,ICr35
s000000379,ICr35
s000003863,ICr35
s000006469,ICr35
s000004083,ICr35
s000005946,ICr35
s000006806,ICr35
s000000394,ICr35
s000004512,ICr35
s000001276,ICr35
s000006831,ICr36
s000011952,ICr36
s000011953,ICr36
s000011954,ICr36
s000000857,ICr36
s000000751,ICr36
s000002637,ICr38
s000001749,ICr38
s000001449,ICr38
s000007688,ICr38
s000001152,ICr38
s000005143,ICr38
s000000613,ICr40
s000005604,ICr40
s000000956,ICr40
s000000280,ICr40
s000002054,ICr40
s000005051,ICr40
s000004254,ICr40
s000011955,ICr42
s000002431,ICr42
s000011956,ICr42
s000011957,ICr42
s000002922,ICr42
s000008495,ICs1
s000002336,ICs1
s000011958,ICs1
s000001352,ICs1
s000011959,ICs1
s000001448,ICs2
s000005956,ICs2
s000001003,ICs2
s000003466,ICs3
s000002202,ICs3
s000005423,ICs3
s000003937,ICs4
s000005423,ICs4
s000011960,ICs4
s000001006,ICs4
s000002234,ICs5
s000001900,ICs5
s000001003,ICs5
s000005423,ICs6
s000001003,ICs6
s000005423,ICs7
s000001900,ICs7
s000011961,ICs7
s000005423,ICs8
s000002234,ICs8
s000000599,ICs8
s000001003,ICs8
s000011962,ICs9
s000000934,ICs9
s000001006,ICs9
s000006776,ICs9
s000005423,ICs10
s000002743,ICs10
s000000948,ICs10
s000000022,ICs10
s000000003,ICs11
s000011963,ICs11
s000001003,ICs11
s000011964,ICs11
s000003710,ICt10
s000005678,ICt10
s000003516,ICt10
s000002029,ICt10
s000005147,ICt10
s000003320,IDa10
s000011965,IDa10
s000008381,IDa14
s000011966,IDa14
s000002871,IDa14
s000000679,IDa14
s000005728,IDa14
s000011967,IDa14
s000010961,IDa14
s000011968,IDa17
s000008380,IDa17
s000011969,IDa17
s000007458,IDa19
s000010373,IDa19
s000003882,IDa19
s000003471,IDa19
s000009359,IDa19
s000003060,IDa19
s000011970,IDa19
s000001509,IdB10
s000004243,IdB10
s000006711,IdB10
s000005289,IdB10
s000006123,IdB10
s000001573,IDk3
s000004682,IDk3
s000002627,IDk3
s000001573,IDk4
s000002863,IDk4
s000001573,IDk10
s000003279,IDk10
s000004652,IDk10
s000011971,IDk10
s000004642,IDk10
s000011972,IDk10
s000011973,IDk10
s000011974,IDk30
s000001347,IDk30
s000001388,IDk30
s000006859,IDk30
s000006859,IDk30
s000003310,IDk30
s000006859,IDk30
s000001573,IDk32
s000005092,IDk32
s000011975,IDk32
s000004475,IDk32
s000011976,IDk32
s000011977,IdL1
s000007120,IdL1
s000011978,IdL1
s000011979,IdL1
s000011980,IdL1
s000006859,IdL2
s000006267,IdL3
s000011977,IdL3
s000006824,IdL3
s000011981,IdL3
s000011982,IdL3
s000011983,IdL3
s000007540,IdL3
s000004645,IdL4
s000003757,IdL4
s000006090,IdL4
s000006859,IdL5
s000011984,IdL5
s000005614,IdL10
s000006267,IdL11
s000001826,IdL11
s000011985,IdL11
s000011986,IdL11
s000006859,IdL11
s000006859,IdL11
s000000768,IDu10
s000004413,IDu10
s000011987,IDu10
s000011988,IDu10
s000011989,IDu16
s000011989,IDu21
s000007929,IDu21
s000011990,IDu21
s000003311,IDu21
s000010605,IDu22
s000003716,IDu22
s000011991,IDu22
s000011992,IDu22
s000006499,IDu22
s000003716,IDu22
s000006818,IDu22
s000008683,IDu24
s000011993,IDu24
s000011994,IDu24
s000010054,IDu24
s000011995,IDu24
s000011996,IDu24
s000011997,IDu24
s000006859,IDu28
s000006859,IDu28
s000000482,IDx5
s000004838,IDx5
s000005176,IDx5
s000001460,IDx5
s000003267,IDx5
s000011998,IDx5
s000011999,IDx5
s000012000,IDx10
s000012001,IDx10
s000005209,IDx10
s000012002,IDx10
s000011861,IEy10
s000002075,IEy10
s000012003,IEy10
s000000249,IEy10
s000006860,IEy10
s000006859,IEy10
s000006859,IEy10
s000006859,IEy10
s000006859,IEy10
s000006859,IEy10
s000012004,IEy10
s000012004,IEy10
s000000927,IF15
s000012005,IF15
s000012006,IF15
s000012007,IF15
s000012008,IF15
s000012009,IF15
s000004646,IF43
s000000453,IF43
s000012010,IF43
s000011608,IF43
s000012011,IF43
s000012012,IF43
s000005380,IF75
s000001972,IF75
s000001101,IF75
s000000212,IF76
s000005354,IF76
s000005354,IF76
s000012013,IF76
s000002054,IF76
s000012014,IF76
s000004164,IF76
s000009210,IF76
s000012015,IF76
s000004127,IF77
s000000156,IF77
s000002388,IF77
s000004661,IF77
s000002054,IF77
s000002078,IF77
s000004164,IF77
s000005380,IF78
s000005726,IF78
s000008595,IF78
s000012016,IF78
s000000410,IF79
s000006032,IF79
s000012017,IF79
s000002289,IF79
s000012018,IF79
s000000927,IF79
s000004101,IF79
s000000970,IF79
s000012019,IF81
s000005808,IF81
s000004127,IF81
s000005395,IF81
s000003464,IF83
s000002546,IF83
s000005808,IF83
s000000235,IF83
s000004005,IF83
s000004292,IF83
s000000970,IF83
s000001305,IF83
s000006552,IF86
s000006267,IF86
s000004292,IF86
s000000970,IF86
s000001101,IF86
s000004973,IF86
s000000322,IF86
s000001591,IF86
s000004164,IF86
s000002858,IF86
s000003963,IF86
s000002037,IF87
s000000687,IF87
s000006563,IF87
s000006614,IF87
s000001188,IF87
s000001342,IF87
s000004164,IF87
s000005086,IF87
s000001064,IF87
s000012020,IF87
s000001165,IF88
s000002037,IF88
s000004689,IF88
s000001188,IF88
s000000970,IF88
s000000665,IF88
s000005119,IF88
s000005713,IF88
s000003766,IF88
s000012021,IF88
s000000625,IF88
s000002037,IF89
s000001452,IF89
s000000970,IF89
s000002398,IF89
s000001447,IF89
s000005770,IF89
s000000665,IF89
s000006203,IF89
s000006552,IF90
s000004292,IF90
s000002962,IF90
s000012022,IF90
s000002014,IF90
s000003553,IF90
s000000625,IF90
s000005080,IF90
s000007394,IF90
s000002398,IF91
s000004840,IF91
s000000149,IF91
s000006201,IF91
s000005123,IF91
s000000625,IF91
s000006250,IF91
s000012023,IF91
s000006045,IF91
s000004287,IF91
s000011662,IF91
s000001064,IF91
s000004090,IF92
s000004950,IF92
s000004677,IF92
s000000101,IF92
s000001338,IF92
s000002014,IF92
s000004090,IF92
s000003567,IF92
s000003706,IF92
s000003377,IF92
s000003768,IF92
s000005713,IF92
s000006781,IF92
s000002037,IF98
s000004027,IF98
s000000711,IF98
s000001449,IF98
s000012024,IF98
s000002858,IF98
s000000625,IF98
s000004429,IF98
s000003013,IF98
s000001452,IF98
s000006552,IF99
s000002037,IF99
s000006132,IF99
s000006779,IF99
s000006552,IF100
s000000190,IF100
s000000928,IF100
s000000625,IF100
s000006552,IF101
s000001713,IF101
s000000046,IF101
s000003099,IF101
s000000928,IF101
s000004127,IF101
s000004508,IF101
s000004646,IF101
s000005713,IF101
s000000928,IF103
s000003099,IF103
s000000625,IF103
s000006779,IF103
s000006552,IF106
s000004677,IF106
s000004127,IF106
s000000625,IF106
s000002014,IF106
s000004508,IF106
s000012025,IF106
s000004067,IF106
s000002171,IF108
s000002193,IF108
s000003251,IF108
s000005776,IF108
s000002037,IF111
s000000874,IF111
s000005020,IF111
s000003612,IF111
s000004790,IF111
s000000625,IF111
s000000932,IF111
s000001387,IF111
s000012026,IF111
s000006552,IF112
s000002963,IF112
s000006764,IF112
s000006765,IF112
s000004234,IF112
s000000625,IF112
s000005080,IF112
s000000701,IF112
s000003946,IF112
s000001387,IF112
s000012027,IF112
s000012028,IF112
s000000928,IF112
s000003946,IF112
s000006779,IF112
s000006249,IF115
s000002963,IF115
s000002071,IF115
s000012029,IF115
s000005144,IF115
s000009210,IF115
s000001338,IF115
s000011525,IF115
s000000970,IF115
s000001281,IF115
s000002054,IF115
s000004115,IF115
s000000065,IF115
s000003567,IF115
s000001452,IF115
s000010727,IF115
s000005464,IF115
s000006552,IF120
s000005968,IF120
s000004234,IF120
s000003982,IF120
s000004645,IF120
s000000970,IF120
s000001591,IF120
s000006026,IF120
s000003975,IF120
s000006552,IF125
s000003982,IF125
s000006501,IF125
s000000090,IF125
s000003464,IF125
s000005395,IF125
s000004046,IF125
s000000090,IF125
s000012030,IF125
s000006645,IF129
s000008090,IF129
s000003880,IF129
s000004273,IF129
s000001542,IF129
s000012031,IF135
s000005359,IF135
s000003604,IF135
s000012032,IF135
s000001751,IF135
s000001976,IF135
s000003567,IF135
s000000061,IF135
s000004046,IF135
s000006026,IF135
s000006288,IF135
s000005707,IFa8
s000003669,IFa8
s000006716,IFa8
s000003677,IFa8
s000005068,IFa8
s000004180,IFa14
s000004677,IFa14
s000003437,IFa17
s000006828,IFa17
s000000470,IFa17
s000000050,IFa17
s000012033,IFa17
s000006840,IFa17
s000003731,IFa17
s000012034,IFa17
s000006545,IFa18
s000003393,IFa18
s000006372,IFa18
s000012035,IFa18
s000012036,IFa18
s000000614,IFa18
s000006270,IFa18
s000012037,IFa18
s000005582,IFa18
s000007074,IFa18
s000002389,IFa18
s000003437,IFa24
s000005451,IFa24
s000012038,IFa24
s000001755,IFa24
s000002292,IFa24
s000003531,IFa25
s000004239,IFa25
s000004747,IFa25
s000007343,IFa25
s000003468,IFa25
s000004239,IFa28
s000004292,IFa28
s000006240,IFa28
s000003856,IFa28
s000001119,IFa28
s000004298,IFa32
s000005453,IFa32
s000005047,IFa32
s000000834,IFa32
s000002858,IFa32
s000004106,IFa32
s000005244,IFa32
s000000284,IFa32
s000006552,IFa34
s000004774,IFa34
s000000625,IFa34
s000004831,IFa34
s000005914,IFa45
s000001669,IFa45
s000006286,IFa45
s000000628,IFa45
s000006726,IFa45
s000002116,IFa45
s000012035,IFa45
s000012039,IFa50
s000012040,IFD25
s000012041,IFD25
s000012042,IFD25
s000012043,IFD25
s000003819,IFD25
s000000664,IFD50
s000005382,IFD50
s000009827,IFD50
s000006220,IFD50
s000012044,IFo10
s000012045,IFo10
s000005772,IFr4
s000002657,IFr4
s000003600,IFr4
s000003507,IFr4
s000005748,IFr4
s000002438,IFr4
s000004823,IFr4
s000004100,IFr4
s000001276,IFr4
s000003466,IFr5
s000003880,IFr5
s000005305,IFr5
s000005542,IFr5
s000000698,IFr5
s000004645,IFr5
s000001679,IFr6
s000003466,IFr6
s000003913,IFr6
s000002193,IFr6
s000000320,IFr6
s000004645,IFr6
s000003856,IFr6
s000002890,IFr6
s000003466,IFr7
s000005590,IFr7
s000005764,IFr7
s000010510,IFr7
s000005029,IFr7
s000004365,IFr7
s000012046,IFr7
s000005135,IFr8
s000002936,IFr8
s000002237,IFr8
s000003083,IFr8
s000001270,IFr8
s000000138,IFr8
s000002566,IFr8
s000000037,IFr8
s000003466,IFr10
s000005590,IFr10
s000012047,IFr10
s000006859,IFr10
s000006859,IFr10
s000003466,IFr12
s000003293,IFr12
s000002511,IFr12
s000006719,IFr12
s000006723,IFr12
s000000435,IFr12
s000004617,IFr12
s000011566,IFr14
s000008256,IFr14
s000000398,IFr14
s000012048,IFr14
s000012049,IFr14
s000005511,IFr14
s000002511,IFr18
s000002142,IFr18
s000001010,IFr18
s000005238,IFr18
s000005674,IFr19
s000003242,IFr19
s000001576,IFr19
s000006562,IFr19
s000003224,IFr19
s000005725,IFr25
s000009623,IFr25
s000000227,IFr25
s000001772,IFr25
s000002315,IFr30
s000004222,IFr30
s000005240,IFr33
s000005557,IFr35
s000000165,IFr35
s000008634,IFr35
s000002320,IFr35
s000012050,IFr35
s000001057,IFr35
s000001590,IFy10
s000003143,IFy10
s000002702,IFy10
s000007654,IFy10
s000001172,IFy10
s000006420,IFy20
s000000953,IFy20
s000004063,IFr40
s000006005,IFr40
s000008065,IFr40
s000012051,IFr40
s000012052,IFr40
s000008378,IFr50
s000012053,IFr50
s000012054,IFr50
s000012055,IFr50
s000003504,IFr50
s000000700,IFr51
s000003320,IFr51
s000007928,IFr51
s000007111,IFr51
s000001557,IFr52
s000008000,IFr52
s000007250,IFr52
s000007309,IFr52
s000008270,IFr52
s000012056,IFr52
s000005062,IFr52
s000010589,IFr52
s000012057,IFr52
s000001559,IFy27
s000006773,IFy27
s000004354,IG3
s000005336,IG3
s000003129,IG3
s000003846,IG3
s000006462,IG3
s000004035,IG3
s000001410,IG4
s000011123,IG4
s000003399,IG4
s000012058,IG4
s000005656,IG4
s000000299,IG4
s000006718,IG4
s000004035,IG4
s000000815,IG4
s000006859,IG4
s000001410,IG5
s000003765,IG5
s000012059,IG5
s000001758,IG5
s000001410,IG6
s000003765,IG6
s000012059,IG6
s000006850,IG6
s000005853,IG6
s000006850,IG6
s000004151,IG6
s000004098,IG6
s000003687,IG6
s000012060,IG6
s000012061,IG6
s000012062,IG6
s000000190,IG6
s000012063,IG6
s000012064,IG6
s000000189,IGA50
s000003291,IGA50
s000012065,IGA50
s000009505,IGA50
s000000461,IGA50
s000010676,IGA50
s000003221,IGB10
s000012066,IGB45
s000001124,IGB45
s000000821,IGB45
s000009210,IGB45
s000003382,IGB45
s000002596,IGB50
s000002276,IGB50
s000001836,IGB50
s000002341,IGB50
s000001998,IGB50
s000005459,IGg10
s000012067,IGg10
s000002427,IGg10
s000006267,IGg10
s000000113,IGg10
s000004115,IGg10
s000004838,IGi10
s000004786,IGi10
s000001818,IGi10
s000004555,IGi10
s000001177,IGi10
s000003053,IGi10
s000004976,IGi10
s000001391,IGi20
s000002119,IGi20
s000003570,IGi20
s000012068,IGi20
s000012069,IGi20
s000003883,IGi20
s000004185,IGi20
s000008863,IGi20
s000012070,IGi25
s000004368,IGi25
s000012071,IGi25
s000005632,IGi25
s000003430,IGi25
s000012072,IGi25
s000005296,IGi25
s000006116,IgR2
s000012073,IgR2
s000001453,IgR2
s000004380,IgR2
s000012074,IgR2
s000012075,IgR2
s000012076,IgR2
s000000317,IgR5
s000002037,IgR5
s000004789,IgR5
s000004358,IgR5
s000006573,IgR5
s000008625,IgR5
s000004537,IgR5
s000003634,IgR5
s000001192,IgR5
s000003969,IgR5
s000006859,IgR5
s000002392,IgR10
s000003769,IgR10
s000006132,IgR10
s000001192,IgR10
s000006337,IgR10
s000001459,IgR10
s000009777,IgR10
s000000434,IgR10
s000005020,IgR14
s000004180,IgR14
s000005950,IgR14
s000001695,IgR14
s000001845,IgR14
s000001276,IgR14
s000001014,IgR14
s000002772,IgR14
s000006675,IgR15
s000000182,IgR15
s000001453,IgR15
s000006515,IgR15
s000011484,IgR15
s000000786,IgR15
s000000820,IgR15
s000002532,IgR15
s000000273,IgR19
s000004036,IgR19
s000002992,IgR19
s000001591,IgR19
s000000834,IgR19
s000001270,IgR19
s000006859,IGs10
s000006859,IGs10
s000006859,IGs10
s000006859,IGs10
s000006859,IGs10
s000006859,IGs10
s000005357,IGs20
s000012077,IGs20
s000005598,IGu15
s000003869,IGu18
s000012078,IGu18
s000012079,IGu18
s000012080,IGu18
s000002360,IGu18
s000004886,IGu21
s000003996,IGu21
s000000146,IGu21
s000003265,IGu21
s000006431,IGu21
s000001613,IGu21
s000004545,IGu21
s000005419,IGu26
s000002492,IGu26
s000004097,IGu26
s000012081,IGu26
s000001997,IGu26
s000003872,IGu26
s000004559,IGu28
s000004150,IGu28
s000002839,IGu28
s000001735,IGu28
s000000230,IGu28
s000000583,IGu28
s000001030,IGu28
s000006383,IGu28
s000003135,IGu28
s000005768,IGu28
s000006452,IGu28
s000001327,IGu28
s000000726,IGu29
s000002470,IGu29
s000003503,IGu29
s000005135,IGu29
s000012082,IGu29
s000003538,IGu29
s000005819,IGu31
s000003507,IGu31
s000006330,IGu31
s000001928,IGu31
s000001469,IGu31
s000009399,IGu31
s000012083,IGu31
s000001993,IGu31
s000006501,IGu31
s000004587,IGu31
s000002980,IGu31
s000000152,IGu31
s000008426,IGu31
s000001086,IGu31
s000003279,IGu31
s000005616,IGy10
s000012084,IGy10
s000000613,IH1
s000000235,IH1
s000002247,IH1
s000001305,IH1
s000003746,IH1
s000002427,IH1
s000012085,IH1
s000004837,IH1
s000012086,IH1
s000000625,IH1
s000003838,IH1
s000000821,IH1
s000012087,IH1
s000002563,IH1
s000012088,IH1
s000004821,IH1
s000002984,IH1
s000008443,IH1
s000002984,IH2
s000000613,IH3
s000000235,IH3
s000008519,IH3
s000006840,IH3
s000002556,IH3
s000000603,IH3
s000003783,IH3
s000003731,IH3
s000012089,IH3
s000012090,IH3
s000000613,IH11
s000002984,IH11
s000002858,IH11
s000000437,IH11
s000000580,IH11
s000000480,IH11
s000002983,IH11
s000002984,IH11
s000003838,IH11
s000012091,IH11
s000012092,IH11
s000000613,IH12
s000000280,IH12
s000006267,IH12
s000005354,IH12
s000000379,IH12
s000002342,IH12
s000003550,IH12
s000002691,IH14
s000000879,IH14
s000003044,IH14
s000002515,IH14
s000006637,IH14
s000003550,IH14
s000004116,IH14
s000004313,IH14
s000012093,IH14
s000004462,IH15
s000012094,IH15
s000001436,IH15
s000011333,IH15
s000001610,IH15
s000001591,IH15
s000012095,IH15
s000000613,IH16
s000002757,IH16
s000004390,IH16
s000000810,IH16
s000000548,IH16
s000001966,IH17
s000002174,IH17
s000010877,IH17
s000012096,IH17
s000000613,IH18
s000003713,IH18
s000004390,IH18
s000012097,IH18
s000009391,IH18
s000003746,IH18
s000003135,IH18
s000006325,IH18
s000003570,IH18
s000004867,IH19
s000000387,IH19
s000012098,IH19
s000006587,IH19
s000003169,IH19
s000000152,IH19
s000004226,IH19
s000005070,IH19
s000012099,IH19
s000009395,IH19
s000003096,IH19
s000001436,IH19
s000003293,IH20
s000004298,IH20
s000003466,IH22
s000002755,IH22
s000004462,IH22
s000012100,IH22
s000000545,IH22
s000004068,IH22
s000005548,IH22
s000006743,IH22
s000005500,IH22
s000002171,IH23
s000004313,IH23
s000001138,IH23
s000006478,IH23
s000005305,IH23
s000004064,IH23
s000012101,IH23
s000000386,IH23
s000012102,IH23
s000012103,IH23
s000005597,IH26
s000001679,IH26
s000012104,IH26
s000006809,IH26
s000012105,IH26
s000012106,IH26
s000003955,IH26
s000009549,IH26
s000007255,IH26
s000004298,IH26
s000005772,IH26
s000001388,IH26
s000003466,IH26
s000002983,IH26
s000000842,IH27
s000003293,IH27
s000002193,IH27
s000003813,IH27
s000009252,IH27
s000001537,IH27
s000002983,IH28
s000006439,IH28
s000004818,IH28
s000002627,IH28
s000000675,IH28
s000005597,IH28
s000002193,IH28
s000004543,IH28
s000000098,IH29
s000005634,IH29
s000002839,IH29
s000000678,IH29
s000002983,IH29
s000004587,IH29
s000006587,IH29
s000000146,IH29
s000003293,IH29
s000000563,IH29
s000004919,IH29
s000003540,IH29
s000003202,IH29
s000004584,IH29
s000005104,IH29
s000004752,IH29
s000000459,IH29
s000000700,IH30
s000006113,IH30
s000003235,IH30
s000002620,IH30
s000012107,IH30
s000002062,IH30
s000002982,IH31
s000004559,IH34
s000002193,IH34
s000005052,IH34
s000000563,IH34
s000004891,IH34
s000002983,IH34
s000002966,IH34
s000003219,IH34
s000004090,IH34
s000000420,IH34
s000003219,IH35
s000000726,IH35
s000011629,IH35
s000012108,IH35
s000001115,IH35
s000012109,IH35
s000012110,IH35
s000001221,IH38
s000000877,IH38
s000003045,IH38
s000004981,IH38
s000012111,IH38
s000001004,IH38
s000001686,IH39
s000005895,IH39
s000000420,IH39
s000000877,IH42
s000005882,IH42
s000006439,IH42
s000004871,IH42
s000012112,IH42
s000012113,IH42
s000004002,IH42
s000005091,IH43
s000002001,IH43
s000000825,IH43
s000004904,IH43
s000005217,IH43
s000001381,IH43
s000002840,IH43
s000002770,IH43
s000012114,IH43
s000002983,IH45
s000004572,IH47
s000006301,IH47
s000003711,IH47
s000002783,IH47
s000005135,IH47
s000002982,IH47
s000012115,IH50
s000002982,IH50
s000006201,IHA33
s000002078,IHA33
s000004385,IHc10
s000001557,IHc10
s000002191,IHc10
s000006587,IHk10
s000012116,IHk10
s000005886,IHk10
s000005799,IHk10
s000012117,IHk10
s000003744,IHk20
s000001003,IHk20
s000006383,IHk20
s000003279,IHk20
s000004102,IHk20
s000006439,IHk20
s000001003,IHk25
s000012118,IHk25
s000012119,IHk25
s000012120,IHk25
s000012121,IHk25
s000002627,IHk30
s000000429,IHk30
s000005651,IHk30
s000002037,IHm10
s000001966,IHm10
s000002890,IHm10
s000003044,IHm10
s000003047,IHm10
s000006785,IHm10
s000005294,IHu1
s000002542,IHu1
s000005575,IHu1
s000001659,IHu1
s000006528,IHu1
s000000151,IHu1
s000002322,IHu1
s000002746,IHu1
s000000295,IHu1
s000008816,IHu1
s000012122,IHu11
s000005294,IHu11
s000006866,IHu11
s000012123,IHu11
s000006859,IHu11
s000002542,IHu12
s000003564,IHu12
s000007348,IHu12
s000003974,IHu15
s000000908,IHu15
s000000741,IHu18
s000005294,IHu20
s000000908,IHu22
s000006859,IHu22
s000007832,IHu25
s000007113,IHu25
s000012124,IHu25
s000012125,IHu25
s000012126,IHu25
s000003013,IIl10
s000003887,IIl10
s000012127,IIl10
s000012128,IIl10
s000012129,IIl10
s000012130,IIl10
s000006462,IIr10
s000000497,IIr10
s000000582,IIr10
s000006682,IIr10
s000002890,IIr12
s000000230,IIr12
s000001680,IIr12
s000004515,IIr12
s000002975,IIr17
s000006774,IIr17
s000003099,IIr17
s000012131,IIr17
s000012132,IIr21
s000012133,IIr21
s000001928,IIr30
s000004979,IIr30
s000007888,IIr30
s000012134,IIr30
s000005271,IIr30
s000005178,IIr32
s000002086,IIr32
s000012135,IIr32
s000006338,IIr32
s000012136,IIr32
s000012137,IIr32
s000006859,IiS5
s000008692,IiS10
s000012138,IiS10
s000012139,IiS10
s000012140,IiS10
s000001663,IiS10
s000011935,IiS10
s000012141,IiS10
s000012142,IiS15
s000012143,IiS15
s000012144,IiS15
s000012145,IiS15
s000000990,IiS17
s000009448,IiS17
s000012146,IiS17
s000004103,IiS17
s000005127,IiS17
s000012147,IiS17
s000012148,IiS17
s000006317,IKo5
s000012149,IKu10
s000012150,IKu10
s000012151,IKu10
s000012152,IKu10
s000012153,IKu10
s000012154,ILa10
s000012155,ILa10
s000012156,ILa10
s000012157,ILa10
s000012158,ILa10
s000006860,ILa31
s000000010,ILa31
s000006859,ILa31
s000006049,ILa31
s000000565,ILa31
s000000465,ILa32
s000002167,ILa32
s000004019,ILa32
s000006400,ILa32
s000000601,ILa32
s000002947,ILa32
s000005283,ILa32
s000006049,ILa32
s000006583,ILa32
s000000465,ILa33
s000000014,ILa33
s000000886,ILa33
s000002135,ILa33
s000002009,ILa33
s000004766,ILa33
s000003307,ILa33
s000000775,ILa33
s000002269,ILa33
s000002113,ILa33
s000012159,ILa33
s000001061,ILa33
s000004509,ILa34
s000001748,ILa34
s000000048,ILa34
s000012160,ILa34
s000004466,ILa38
s000000014,ILa38
s000001385,ILa38
s000002311,ILa38
s000000454,ILa38
s000000111,ILa38
s000001827,ILa38
s000000464,ILa38
s000012161,ILa38
s000004921,ILa40
s000005882,ILa50
s000005861,ILa50
s000012162,ILa50
s000006225,ILa50
s000005283,ILa50
s000011471,ILa50
s000011838,ILa50
s000007720,ILa50
s000001513,ILa50
s000001679,ILa50
s000005688,ILa50
s000012163,ILa50
s000001381,ILa50
s000000684,ILa50
s000004466,ILa55
s000006859,ILa55
s000009972,ILa55
s000012164,ILa55
s000012165,ILa55
s000003133,ILa55
s000012166,ILa55
s000012167,ILa55
s000012168,ILa55
s000012169,ILa55
s000012170,ILa55
s000009972,ILa55
s000009972,ILa55
s000009972,ILa55
s000004466,ILa55
s000004466,ILa55
s000012171,ILa55
s000000116,ILa55
s000012172,ILa55
s000012173,ILa55
s000012174,ILa55
s000012175,ILa55
s000012176,ILa55
s000012177,ILa55
s000012178,ILa55
s000000111,ILa55
s000000454,ILa55
s000012179,ILa55
s000000014,ILa62
s000007666,ILa62
s000011110,ILa62
s000002113,ILa62
s000012180,ILa62
s000012181,ILb10
s000000934,ILb10
s000012182,ILb10
s000006859,ILb10
s000012181,ILb12
s000012183,ILb12
s000000934,ILb12
s000012182,ILb12
s000012184,ILb12
s000012185,ILb12
s000012186,ILb12
s000012187,ILb12
s000004466,ILd10
s000005216,ILd10
s000012188,ILd10
s000001823,ILd10
s000004114,ILd10
s000012189,ILd10
s000006821,ILd10
s000005548,ILd10
s000004955,ILd10
s000010695,ILd10
s000012190,ILd10
s000012191,IlE10
s000012191,IlE10
s000012192,IlE10
s000006866,ILf10
s000012193,ILf10
s000012194,ILf10
s000012195,ILf10
s000012196,ILf10
s000002242,IlM5
s000012197,IlM5
s000012198,IlM5
s000012199,IlM5
s000012200,IlM5
s000012201,IlM10
s000012202,IlM10
s000012203,IlM10
s000012204,IlM10
s000006859,IlM10
s000002037,ILn10
s000005531,ILn10
s000000710,ILn10
s000000858,ILn10
s000012205,ILs10
s000012206,ILs10
s000008541,ILs10
s000012207,ILs10
s000012208,ILs10
s000004011,ILs10
s000001617,ILt17
s000002580,ILt18
s000008417,ILt18
s000009217,ILt18
s000005277,ILt18
s000002975,ILy10
s000012209,ILy10
s000012210,ILy10
s000006859,ILy10
s000004521,IMd10
s000007523,IMd10
s000009447,IMd10
s000001619,IMd12
s000001074,IMd12
s000003347,IMd12
s000012211,IMd12
s000012212,IMd12
s000012213,IMd12
s000001554,IMd16
s000012214,IMd16
s000012215,IMd16
s000012216,IMd16
s000012217,IMd17
s000004794,IMd17
s000008143,IMd17
s000007457,IMd17
s000000885,IMd17
s000012218,IMd17
s000012219,IMd17
s000000044,IMd17
s000001554,IMd17
s000008386,IMd17
s000012220,IMd17
s000012221,IMd17
s000008121,IMd17
s000012222,IMd17
s000012223,IMd17
s000012224,IMd17
s000012225,IMd17
s000012226,IMd17
s000012227,IMd17
s000004639,IMi1
s000004932,IMi1
s000001709,IMi1
s000003558,IMi1
s000005585,IMi4
s000003133,IMi4
s000006439,IMi4
s000000513,IMi4
s000003735,IMi4
s000003876,IMi4
s000006065,IMi10
s000012228,IMi10
s000006179,IMi10
s000005692,IMi10
s000012229,IMi10
s000002444,IMi10
s000003099,IMi10
s000005895,IMi10
s000004704,IMi10
s000005712,IMi10
s000000641,IMi10
s000003277,IML100
s000009035,IML100
s000003419,IML100
s000004109,IML101
s000005607,IML101
s000001849,IML101
s000012230,IML101
s000012231,IML101
s000004166,IML102
s000006150,IML102
s000006859,IML102
s000006859,IML102
s000008669,IMN10
s000012232,IMN10
s000012233,IMN10
s000012234,IMN12
s000006196,IMN15
s000001557,IMN15
s000006196,IMN15
s000004472,IMN15
s000012235,IMN15
s000006859,IMN15
s000012236,IMN15
s000012232,IMN15
s000002916,IMR10
s000012237,IMR10
s000012238,IMR10
s000012239,IMR10
s000012240,IMR10
s000012241,IMR10
s000012242,IMR10
s000012243,IMR10
s000012244,IMR10
s000012245,IMR10
s000001749,IMS20
s000009161,IMS20
s000001151,IMS20
s000003689,IMS20
s000004165,IMS20
s000004967,IMS20
s000012246,IMS20
s000001452,IMS20
s000012247,IMS20
s000012248,IMS20
s000012249,IMS20
s000012250,IMS20
s000001014,IMS20
s000012251,IMS20
s000001165,IMS25
s000006666,IMS25
s000000423,IMS25
s000005862,IMS25
s000002935,IMS25
s000012252,IMS25
s000002528,IMS25
s000000191,IMS25
s000004797,IMS25
s000012253,IMS25
s000012254,IMS25
s000006042,IMS25
s000004083,IMS25
s000003382,IMS25
s000001749,IMS30
s000006121,IMS30
s000004380,IMS30
s000002513,IMS30
s000012255,IMS30
s000000853,IMS30
s000011145,IMS30
s000002921,IMS30
s000001848,IMS30
s000012256,IMS30
s000000678,IMS40
s000001749,IMS40
s000012257,IMS40
s000006607,IMS40
s000012258,IMS50
s000001988,IMS50
s000001329,IMS50
s000000602,IMS50
s000004661,IMS50
s000006859,IMS50
s000005233,IMS55
s000006201,IMS60
s000006655,IMS60
s000012259,IMS60
s000005047,IMS60
s000012260,IMS60
s000001192,IMS60
s000003699,IMS60
s000002514,IMS60
s000006705,IMS60
s000006699,IMT10
s000000435,IMT10
s000006997,IMT10
s000012261,IMT10
s000012262,IMT10
s000002311,IMT10
s000001221,IMT15
s000000310,IMT15
s000000249,IMT15
s000001381,IMT15
s000012263,IMT15
s000003133,IMT15
s000012264,IMT15
s000003146,IMT15
s000008683,IMT15
s000012265,IMT15
s000012266,IMT15
s000012267,IMT15
s000009319,IMT15
s000012268,IMT15
s000006174,IMT15
s000006859,IMT15
s000001221,IMT20
s000007833,IMT20
s000011509,IMT20
s000011510,IMT20
s000011511,IMT20
s000012269,IMT20
s000005585,IMT22
s000011762,IMT22
s000000009,IMT22
s000001421,IMT22
s000004151,IMT22
s000004606,IMT22
s000005056,IMT22
s000004979,IMT22
s000005092,IMT22
s000005433,IMT22
s000000953,IMT22
s000004119,IMT22
s000006303,IMT22
s000006005,IMT22
s000012270,IMT22
s000006005,IMT24
s000002258,IMT24
s000006859,IMT24
s000000763,IMT29
s000008362,IMT29
s000004150,IMT29
s000012271,IMT29
s000011962,IMT29
s000012171,IMT29
s000006859,IMT29
s000006562,IMT29
s000003391,IMT29
s000012272,IMT29
s000001735,IMT29
s000006689,IMu10
s000012273,IMu10
s000012274,IMu10
s000012275,IMu10
s000012276,IMu10
s000009216,IMu10
s000006689,IMu10
s000006859,IMu10
s000012277,IMu20
s000012278,IMu20
s000001592,IMu20
s000006773,IMu20
s000012279,IMu20
s000010698,IMu20
s000006154,IMu22
s000003169,IMx10
s000012280,IMx10
s000003656,IMx10
s000012281,IMx10
s000008442,IMx10
s000006329,IMx10
s000001984,IMx10
s000002660,IMz10
s000003951,IMz10
s000006171,IMz10
s000004282,IMz10
s000012282,IMz10
s000012283,IMz10
s000010835,IMz10
s000012284,IMz10
s000001198,InA15
s000005047,InA15
s000002595,InA15
s000003984,InA15
s000003985,InA15
s000003983,InA15
s000003451,InA15
s000004358,InA15
s000002192,InA15
s000003746,InA15
s000004045,InA15
s000001153,InA15
s000000849,InA15
s000006716,InA15
s000002884,InA15
s000002871,InA15
s000005998,InA15
s000012285,InA15
s000004950,InA28
s000002041,InA28
s000001796,InA28
s000005936,InA28
s000003746,InA28
s000000261,InA28
s000000166,InA28
s000001428,InA28
s000006230,InA28
s000011616,InA30
s000007413,InA30
s000000854,InA30
s000003789,InA30
s000002692,InA30
s000001796,InA30
s000002276,InA30
s000003746,InA30
s000003955,InA30
s000012286,InA30
s000004046,InA30
s000006859,InA30
s000000877,InA50
s000005408,InA50
s000006645,InA50
s000003099,InA50
s000001531,InA50
s000002395,InA50
s000002037,InA50
s000001966,InA50
s000000233,InA50
s000004943,InA50
s000001618,InA50
s000003844,InA50
s000012287,InB9
s000012288,InB9
s000003359,InB9
s000012289,InB9
s000012290,InB9
s000001399,InB11
s000012291,InB11
s000012287,InB11
s000000566,InB11
s000010650,InB11
s000012288,InB11
s000001399,InB14
s000000566,InB14
s000000127,InB14
s000000127,InB15
s000002471,InB15
s000012292,InB18
s000012293,InB18
s000000566,InB18
s000000123,InB18
s000000123,InB18
s000012294,InB18
s000012295,InB18
s000006439,InB18
s000003660,InB18
s000007482,InB18
s000012296,InB18
s000012297,InB18
s000012298,InB18
s000012299,InB18
s000006439,InB20
s000006193,InB20
s000000566,InB20
s000012300,InB20
s000012299,InB20
s000012301,InB20
s000012302,InB20
s000006439,InB21
s000012303,InB21
s000003660,InB21
s000012304,InB21
s000010650,InB22
s000006439,InB23
s000000142,InB23
s000006193,InB25
s000003660,InB25
s000006321,InB27
s000000141,InB27
s000000566,InB27
s000012305,InB27
s000008945,InB28
s000006439,InB28
s000008945,InB29
s000006439,InB29
s000000566,InB29
s000008945,InB31
s000006439,InB31
s000012306,InB31
s000003150,InB31
s000000141,InB32
s000006439,InB32
s000002376,InB32
s000003150,InB34
s000008945,InB34
s000006321,InB35
s000003150,InB35
s000000566,InB35
s000012307,InB35
s000000510,InB37
s000006321,InB37
s000012308,InB37
s000012309,InB41
s000012310,InB41
s000012311,InB41
s000010650,InB41
s000003150,InB41
s000012312,InB41
s000012313,InB41
s000012314,InB41
s000000142,InB41
s000012315,InB41
s000000566,InB41
s000012316,InB41
s000012317,InB41
s000006859,InH18
s000006859,InH18
s000006859,InH18
s000006859,InH18
s000006859,InH18
s000006092,InH20
s000012318,INi10
s000007998,INS10
s000012319,INS10
s000012320,INS10
s000012321,INS10
s000012322,INS10
s000012323,INS10
s000012324,INS10
s000007650,INw30
s000005227,INw30
s000006859,INw30
s000001763,INw31
s000012325,INw31
s000012326,INw31
s000003635,INw31
s000011878,INw31
s000005555,INw31
s000012327,INw31
s000012328,INw31
s000006569,INw32
s000002651,INw32
s000006816,INw33
s000007639,INw33
s000006383,INw50
s000004059,INw50
s000000979,INw50
s000006529,INw60
s000012329,INw60
s000002894,INw60
s000000397,INw60
s000004107,IoA10
s000001614,IoA10
s000006382,IoA10
s000012330,IoA10
s000010489,IoA10
s000012331,IPa10
s000006859,IPa10
s000012332,IPa10
s000004136,IPa10
s000009096,IPa10
s000003656,IPC25
s000003289,IPC25
s000006228,IPC25
s000012333,IPC25
s000000139,IPC25
s000001756,IPC25
s000012334,IPC25
s000006615,IPC25
s000012335,IPC25
s000012336,IPC25
s000012337,IPi10
s000006859,IPi10
s000009266,IPK10
s000012338,IPK10
s000007760,IPK10
s000003160,IPK10
s000008417,IPq10
s000012339,IPq10
s000005731,IPq10
s000007990,IPq10
s000012340,IPq10
s000006682,IPq10
s000002580,IPS1
s000008349,IPS1
s000005877,IPS1
s000000727,IPS1
s000005470,IPS1
s000005470,IPS1
s000005470,IPS1
s000001482,IPS1
s000002001,IQd10
s000005693,IQd10
s000006820,IQd10
s000000454,IRa4
s000000162,IRa4
s000004016,IRa4
s000004613,IRa4
s000006397,IRa4
s000001428,IRa4
s000006009,IRa4
s000005144,IRa5
s000000793,IRa5
s000000162,IRa5
s000001564,IRa5
s000003755,IRa5
s000001428,IRa5
s000002342,IRa5
s000002361,IRa5
s000001241,IRa10
s000012341,IRa10
s000006595,IRa10
s000003237,IRa10
s000003527,IRa10
s000012342,IRa10
s000000859,IRa12
s000003458,IRa12
s000001098,IRa12
s000000859,IRa14
s000003196,IRa14
s000002500,IRa14
s000012342,IRa14
s000012343,IRa14
s000000347,IRa14
s000011981,IRa14
s000012344,IrC51
s000004127,IrC54
s000009932,IrC54
s000000613,IrC54
s000012345,IrC54
s000006927,IrC54
s000008506,IrC54
s000012346,IrC54
s000004646,IrC55
s000012347,IrC55
s000000613,IrC55
s000011945,IrC55
s000006520,IrC55
s000012348,IrC55
s000012349,IrC55
s000005223,IrC56
s000006132,IrC67
s000009161,IrC67
s000002935,IrC67
s000001452,IrC67
s000012350,IrC67
s000009023,IrC67
s000012351,IrC67
s000002298,IrC67
s000006132,IrC73
s000000111,IrC76
s000002037,IrC76
s000004183,IrC76
s000006280,IrC76
s000001936,IrC77
s000011838,IrC77
s000007686,IrC77
s000001384,IrC77
s000001863,IrC77
s000005057,IrC77
s000003221,IrC77
s000004164,IrC77
s000009172,IrC77
s000001188,IrC77
s000003894,IrC77
s000001998,IrC77
s000004991,IrC77
s000001036,IrC77
s000002787,IrC77
s000009940,IrC77
s000006304,IrC77
s000012352,IrC77
s000001936,IrC79
s000000111,IrC79
s000000205,IrC79
s000006666,IrC79
s000002037,IrC79
s000012353,IrC79
s000006606,IrC79
s000004911,IrC79
s000006282,IrC79
s000000793,IrC79
s000011170,IrC79
s000000343,IrC79
s000002092,IrC79
s000004661,IrC79
s000000111,IrC81
s000001936,IrC81
s000004280,IrC81
s000005493,IrC81
s000012354,IrC81
s000000616,IrC81
s000003343,IrC81
s000004322,IrC81
s000002384,IrC86
s000006831,IrC86
s000004180,IrC86
s000002192,IrC86
s000002448,IrC86
s000007074,IrC86
s000012355,IrC86
s000005772,IrC95
s000005453,IrC95
s000012356,IrC95
s000004111,IrC95
s000002134,IrC95
s000006859,IrC95
s000012357,Ird10
s000012358,Ird10
s000012359,Ird10
s000012357,Ird12
s000002272,Ird14
s000008426,Ird14
s000009219,Ird16
s000012360,Ird16
s000012361,Ird16
s000007834,Ird16
s000005914,Ird16
s000003711,Ird16
s000005934,IrE1
s000012362,IrE1
s000012363,IrE1
s000011631,IrE1
s000012364,IrE1
s000011382,IrE1
s000004475,IrK2
s000001728,IrK2
s000002221,IrK2
s000012365,IrK2
s000012366,IrK2
s000012367,IrK7
s000005597,IrK7
s000003813,IrK7
s000012368,IrK7
s000004377,IrK7
s000001735,IrK10
s000003143,IrK10
s000001686,IrK10
s000002030,IrK10
s000012369,IrK10
s000002560,IrK14
s000002052,IrK14
s000002009,IrK14
s000008055,IrK14
s000001430,IrK14
s000005059,IrK14
s000004041,IrK14
s000000302,IrK14
s000000811,IrK14
s000004766,IrK14
s000002490,IrK14
s000001221,IrK15
s000000699,IrK15
s000006439,IrK15
s000000973,IrK15
s000004104,IrK15
s000000389,IrK15
s000004035,IrK15
s000007571,IrK25
s000000094,IrK25
s000004606,IrK25
s000012370,IrK25
s000012371,IrK25
s000012372,IrK25
s000012373,IrK25
s000000403,IrK25
s000007245,IrK27
s000001806,IrL10
s000000525,IrL10
s000012374,IrL10
s000012375,IrL10
s000012376,IrL10
s000005423,IRo10
s000005662,IRo10
s000006859,IRo10
s000010379,IRo10
s000003927,IRo10
s000006785,IrP1
s000004082,IrP1
s000000329,IrP1
s000002175,IrP3
s000005609,IrP3
s000003827,IrP3
s000000793,IrP3
s000009892,IrP3
s000002598,IrP3
s000010171,IrP3
s000003110,IrP3
s000000484,IrP11
s000003565,IrP11
s000004601,IrP11
s000005919,IrP11
s000003413,IrP11
s000004757,IrP11
s000009820,IrP11
s000012377,IrP11
s000004452,IrP12
s000001329,IrP12
s000006201,IrP12
s000005047,IrP12
s000000793,IrP12
s000003755,IrP12
s000006778,IrP15
s000000408,IrP15
s000004090,IrP15
s000005032,IrP15
s000004494,IrP15
s000004024,IrP15
s000001865,IrP15
s000002204,IrP15
s000000111,IrP18
s000001518,IrP18
s000000927,IrP18
s000005462,IrP18
s000006672,IrP18
s000007543,IrP18
s000010788,IrP18
s000004340,IrP18
s000006828,IrP19
s000003437,IrP19
s000002706,IrP19
s000000628,IrP19
s000003239,IrP19
s000006036,IrP19
s000006587,IrP21
s000001165,IrP21
s000000714,IrP21
s000006543,IrP21
s000003723,IrP21
s000006765,IrP21
s000003437,IrP24
s000002016,IrP24
s000006831,IrP27
s000002706,IrP27
s000007343,IrP27
s000012378,IrP27
s000005027,IrP27
s000000434,IrP27
s000001960,IrP27
s000007085,IrR5
s000000714,IrR5
s000002016,IrR5
s000005113,IrR6
s000001469,IrR6
s000002740,IrR6
s000003706,IrR6
s000007255,IrR6
s000002397,IrR6
s000004837,IrR6
s000009828,IrR6
s000001696,IrR6
s000004797,IrR6
s000003913,IrR8
s000005804,IrR8
s000001338,IrR8
s000002528,IrR8
s000005808,IrR8
s000000970,IrR8
s000001469,IrR10
s000001408,IrR10
s000000793,IrR10
s000003747,IrR10
s000006687,IrR10
s000003022,IrR10
s000001751,IrR10
s000005713,IrR10
s000000071,IrR12
s000003627,IrR12
s000005804,IrR12
s000001153,IrR12
s000000561,IrR12
s000000394,IrR12
s000003633,IrR12
s000005431,IrR12
s000009578,IrR12
s000000956,IrR12
s000003119,IrR12
s000006631,IrR12
s000011247,IrR12
s000005599,IrR12
s000005113,IrR16
s000001469,IrR16
s000002740,IrR16
s000000005,IrR16
s000009192,IrR16
s000001469,IrR23
s000012379,IrR23
s000012380,IrR27
s000012381,IrR27
s000012382,IrR27
s000003508,IrR27
s000012383,IrR27
s000003250,IrR30
s000006765,IrR30
s000008090,IrR32
s000004354,IrR32
s000005799,IrR32
s000012384,IrR32
s000004856,IrR32
s000009902,IrR32
s000012385,IrR32
s000006148,IrR32
s000003125,IrR50
s000002098,IrR50
s000005356,IrR50
s000000149,IrR50
s000005980,IrR50
s000012386,IRu10
s000007639,IRu10
s000012387,IRu10
s000012388,IRu10
s000012389,IrW10
s000004422,IrW10
s000000398,IS2
s000005300,IS2
s000002813,IS2
s000012390,IS2
s000012391,IS2
s000001302,IS3
s000011414,IS3
s000004947,IS3
s000006521,IS3
s000002454,IS3
s000001377,IS3
s000001096,IS4
s000000695,IS4
s000001096,IS5
s000001994,IS5
s000005884,IS5
s000005137,IS5
s000000398,IS5
s000006432,IS6
s000002827,IS6
s000006332,IS6
s000004233,IS6
s000004100,IS6
s000002939,IS6
s000001994,IS7
s000003029,IS7
s000012392,IS7
s000006049,IS8
s000004187,IS8
s000000567,IS8
s000000236,IS8
s000004774,IS8
s000012393,IS8
s000002869,IS8
s000002336,IS8
s000002827,IS9
s000004690,IS9
s000005557,IS9
s000003242,IS9
s000001590,IS9
s000006562,IS9
s000005178,IS10
s000002258,IS10
s000001590,IS10
s000001590,IS11
s000000725,IS11
s000002207,IS11
s000001343,IS11
s000006096,IS11
s000004774,IS11
s000001774,IS11
s000003837,IS20
s000001092,IS20
s000000215,IS20
s000000276,IS20
s000000414,IS20
s000003552,IS20
s000006311,IS20
s000012394,IS25
s000002460,IS25
s000003223,IS25
s000011395,IS25
s000002600,IS25
s000011261,IS25
s000008349,IS25
s000010456,IS25
s000002714,IS25
s000003876,IS25
s000012395,IS25
s000008600,IS25
s000006489,IS25
s000012396,IS25
s000012397,IS25
s000005411,IS29
s000002868,IS29
s000001362,IS29
s000012398,IS32
s000012399,IS32
s000003787,IS32
s000007554,IS32
s000012400,ISB10
s000012401,ISB10
s000012402,ISB10
s000012403,ISB10
s000012404,ISB10
s000012405,IsF10
s000012406,IsF10
s000012407,IsF10
s000012408,IsF10
s000012409,IsF10
s000012410,IsF10
s000012411,IsF10
s000012412,IsF10
s000003092,IHs10
s000004347,IHs10
s000006859,IsJ10
s000012413,IsJ12
s000012414,IsJ12
s000012415,IsJ12
s000012416,IsJ12
s000012417,IsM14
s000006859,IsM14
s000003409,IsM14
s000002771,IsM14
s000006859,IsM14
s000006859,IsM14
s000009373,ISn1
s000008716,ISn1
s000002008,ISn1
s000011182,ISn1
s000012418,ISn1
s000000395,ISn1
s000012419,ISn1
s000012420,ISn3
s000012421,ISn3
s000005661,ISn3
s000000159,ISn3
s000012422,ISn3
s000008717,ISn3
s000012418,ISn3
s000007598,ISn4
s000010428,ISn4
s000005139,ISn4
s000012423,ISn4
s000009373,ISn4
s000007194,ISn4
s000007598,ISn4
s000001121,ISR5
s000012424,ISR5
s000012425,ISR5
s000012426,ISR5
s000012427,ISR5
s000012428,ISR20
s000006132,ISR30
s000004082,ISR30
s000012429,ISR30
s000006086,ISR30
s000007395,ISR30
s000000699,IsS3
s000000699,IsS5
s000004434,IsS5
s000012430,IsS5
s000012431,IsS5
s000000699,IsS7
s000001144,IsS10
s000012432,IsS10
s000011131,IsS11
s000012433,IsS11
s000012434,IsS11
s000012435,IsS11
s000012436,IsS11
s000007453,IsS15
s000007453,IsS15
s000007453,IsS15
s000003691,ISt9
s000004908,ISt11
s000003378,ISt11
s000002204,ISt11
s000006641,ISt11
s000010126,ISt20
s000005468,ISt20
s000002098,ISt20
s000003047,ISt20
s000000711,ISt20
s000000648,ISt20
s000001859,ISt20
s000003982,ISt20
s000003466,ISt24
s000001679,ISt24
s000010084,ISt24
s000006966,ISt24
s000002025,ISt24
s000002871,ISt24
s000003013,ISt24
s000012437,ISt24
s000006212,ISt24
s000002846,ISt24
s000006249,ISt26
s000012438,ISt26
s000000455,ISt26
s000000802,ISt29
s000000805,ISt29
s000004150,ISt29
s000000748,ISt29
s000006478,ISt29
s000001154,ISt29
s000006383,ISt29
s000011668,ISt29
s000005836,ISt29
s000012439,ISt29
s000006302,ISt30
s000012440,ISt30
s000005319,ISt30
s000000447,ISt30
s000002562,ISt30
s000009606,ISt30
s000004292,ISt30
s000009570,ISt30
s000005801,ISt30
s000005772,ISt31
s000003964,ISt31
s000003542,ISt31
s000001485,ISt31
s000006865,ISt31
s000005748,ISt31
s000010156,ISt31
s000004150,ISt33
s000002203,ISt33
s000000240,ISt33
s000000748,ISt33
s000004059,ISt33
s000007311,ISt33
s000001644,ISt33
s000001154,ISt33
s000004059,ISt33
s000003030,ISt33
s000003647,ISt33
s000005986,ISt33
s000004867,ISt36
s000001332,ISt36
s000002511,ISt36
s000002105,ISt36
s000003059,ISt36
s000002395,ISt36
s000003398,ISt36
s000002646,ISt36
s000001778,ISt38
s000001763,ISt38
s000005548,ISt38
s000006027,ISt38
s000000748,ISt40
s000003012,ISt40
s000000206,ISy10
s000001110,ISy10
s000012441,ISy10
s000012442,ISy15
s000003133,ISy15
s000012443,ISy15
s000012444,ISy15
s000009127,ISy15
s000008854,ISy15
s000011110,ISy20
s000003695,ISy20
s000005861,ISy20
s000012445,ISy20
s000007243,ISy20
s000012444,ISy22
s000000395,ISy22
s000006767,ISy22
s000012446,ISy22
s000008849,ISy22
s000012447,ISy22
s000006859,ISy22
s000006859,ISy22
s000012448,ISy22
s000012449,ISy22
s000012450,ISy22
s000006859,ISy22
s000006859,ISy22
s000006859,ISy22
s000006859,ISy22
s000012451,ISy29
s000012452,ISy29
s000012453,ISy29
s000012454,ISz10
s000012455,ISz10
s000006859,ISz10
s000006859,ISz10
s000003468,IvM10
s000003531,IvM10
s000006514,IvM10
s000006859,IvN10
s000006859,IvN10
s000012456,IvB10
s000012457,IvB10
s000012458,IvB10
s000005626,IvP10
s000005034,IvP10
s000000567,IvP10
s000012459,IvP10
s000005665,IvP20
s000000567,IvP20
s000000652,IvP20
s000012460,IvP20
s000000877,IvP24
s000005702,IvP24
s000003153,IvP24
s000000320,IvP24
s000005829,IvP24
s000002710,IvP27
s000000726,IvP27
s000001811,IvP27
s000001763,IvP40
s000008135,IvP40
s000003399,IvP40
s000004979,IvP40
s000005560,IvP40
s000004472,IvR3
s000004472,IvR4
s000005126,IvR4
s000004639,IvR4
s000005837,IvR4
s000000908,IvR4
s000000014,IvR6
s000004472,IvR6
s000006564,IvR6
s000002934,IvR6
s000005126,IvR6
s000008209,IvR6
s000005006,IvR6
s000006859,IvR6
s000012461,IvR6
s000012462,IvR6
s000005585,IvR10
s000001592,IvR10
s000005041,IvR10
s000006859,IvR10
s000004472,IvR12
s000000014,IvR12
s000006564,IvR12
s000002934,IvR12
s000005126,IvR12
s000003848,IvR12
s000012463,IvR12
s000003924,IvR12
s000005585,IvR14
s000005188,IvR14
s000012464,IvR14
s000004257,IvR14
s000002957,IvR14
s000008090,IvR14
s000007476,IvR14
s000012465,IvR14
s000012466,IvR14
s000003364,IvR19
s000003364,IvR19
s000012467,IvR19
s000006564,IvR19
s000002470,IvR19
s000007987,IvR19
s000008001,IvR19
s000005585,IvR21
s000001592,IvR21
s000001360,IvR23
s000006689,IvR23
s000012468,IvR23
s000012469,IvR23
s000012470,IvR23
s000012471,IvR23
s000012472,IvR23
s000006859,IvR23
s000006859,IvR23
s000006859,IvR23
s000012473,IvR23
s000012474,IvR23
s000002052,IvR25
s000008191,IvR25
s000009307,IvR25
s000012475,IvR25
s000012476,IvR25
s000010873,IvR25
s000012477,IvR25
s000004150,IvY10
s000012478,IvY10
s000012479,IvY10
s000006859,IvY10
s000004187,IvY20
s000001627,IWa1
s000001627,IWa2
s000012480,IWa2
s000001627,IWa7
s000012481,IWa7
s000012480,IWa7
s000004003,IWa7
s000001627,IWa10
s000012480,IWa10
s000004003,IWa10
s000012481,IWa10
s000012482,IWa10
s000001627,IWa20
s000001643,IWa20
s000012483,IWa20
s000012484,IWa20
s000001627,IWa30
s000012485,IWa30
s000012486,IWa30
s000012487,IWa30
s000007841,IWa30
s000012488,IWa30
s000012489,IWa30
s000012490,IWa30
s000000633,IWa30
s000012491,IWa30
s000006185,IWa30
s000012492,IWa30
s000006843,IWa30
s000012493,IWa30
s000006532,IWa30
s000006859,IWa30
s000006859,IWa30
s000012480,IWa30
s000012494,IWa30
s000012495,IWa35
s000012496,IWa35
s000012497,IWa35
s000005480,IWa35
s000000501,IWa35
s000003742,IWa35
s000012498,IWa35
s000011629,IWa35
s000012499,IWa35
s000012500,IWa35
s000002711,IWa35
s000012501,IWa35
s000004531,IWa35
s000012502,IWa35
s000006301,IWa40
s000012503,IWa40
s000006859,IWa40
s000012145,IWa40
s000006859,IWa40
s000006859,IWa40
s000006534,IWa40
s000003742,IWa40
s000012502,IWa40
s000005840,IWa40
s000012480,IWa40
s000012504,IWa40
s000012505,IWa40
s000012480,IWa40
s000012506,IWa40
s000012507,IWa40
s000002166,IWa45
s000006877,IWa45
s000007524,IWa45
s000004968,IWa45
s000001557,IWk1
s000012508,IWk1
s000012509,IWk1
s000005593,IWk1
s000001557,IWk3
s000003503,IWk3
s000002365,IWk3
s000003326,IWk3
s000006501,IWk3
s000006478,IWk3
s000000812,IWk5
s000010737,IWk5
s000008183,IWk5
s000006859,IWk5
s000006859,IWk5
s000006859,IWk5
s000006859,IWk5
s000012510,IWk10
s000011209,IWk10
s000007668,IWk10
s000012511,IWo35
s000000852,IWo35
s000002742,IWo35
s000000728,IWo35
s000006260,IWo38
s000005794,IWo38
s000010645,IWo38
s000012512,IWo38
s000009224,IWo38
s000007720,IWo38
s000012513,IWo38
s000006260,IWo40
s000008381,IWo40
s000006260,IWo40
s000008381,IWo40
s000007523,IWo40
s000007835,IWo40
s000012514,IWo40
s000012515,IWo40
s000006859,IWo40
s000011326,IWo40
s000012516,J2B70
s000000945,JA5
s000005443,JA5
s000001696,JA5
s000007394,JA5
s000005354,JA10
s000002067,JA10
s000012517,JA10
s000001561,JA10
s000000945,JA13
s000000030,JA13
s000001561,JA13
s000004370,JA13
s000004784,JA13
s000000562,JA13
s000012518,JA13
s000012519,JA13
s000012520,JA13
s000000046,JA15
s000004536,JA15
s000000746,JA15
s000004784,JA15
s000012518,JA15
s000012521,JA15
s000001778,JA15
s000006677,JA20
s000011600,JA20
s000012522,JA20
s000005555,JA20
s000009095,JA20
s000006092,JA30
s000006349,JA30
s000006586,JA30
s000005934,JA30
s000012523,JA30
s000003479,JA30
s000001244,JA30
s000003641,JA30
s000001053,JA30
s000007388,JA30
s000006086,JA30
s000012524,JA30
s000012525,JA30
s000008877,JA30
s000005634,JA35
s000005634,JA35
s000005634,JA35
s000005634,JA35
s000005634,JA35
s000005634,JA35
s000005634,JA35
s000005624,JA35
s000003395,JA35
s000004124,JA35
s000002653,JA35
s000000654,JaB2
s000006451,JaB2
s000002890,JaB2
s000012526,JaB2
s000002038,JaB5
s000003612,JaB5
s000001681,JaB5
s000000690,JaB5
s000001645,JaB5
s000002574,JaB5
s000006729,JaB6
s000006260,JaB6
s000002088,JaB10
s000001013,JaB10
s000002890,JaB10
s000005318,JaB10
s000006649,JaB10
s000012527,JaB10
s000005942,JaB10
s000006050,JaB10
s000012528,JaB10
s000001359,JaC1
s000003283,JaF10
s000004992,JaF10
s000005864,JaF10
s000002119,JaH16
s000004122,JaH20
s000006254,JaH20
s000003228,JaH20
s000005473,JaH22
s000001224,JaH22
s000002118,JaH22
s000001223,JaH22
s000004558,JaH22
s000006300,JaH22
s000004796,JaH22
s000001392,JaH22
s000008441,JaC28
s000001209,JaC28
s000001676,JaC28
s000012529,JaC28
s000012088,JaC28
s000003410,JaK4
s000003180,JaK4
s000005800,JaK4
s000006862,JaK4
s000004221,JAl20
s000003974,JAl20
s000012530,JAl20
s000003133,JAl20
s000003507,JAl20
s000012531,JAl20
s000012532,JAl20
s000012533,JAl20
s000012534,JAl20
s000012535,JAl20
s000012536,JaM10
s000002757,JAn1
s000003466,JAn1
s000001284,JAn1
s000000727,JAn1
s000002846,JAn1
s000005061,JAn1
s000002054,JAn1
s000001763,JAn6
s000000458,JAn6
s000003991,JAn6
s000000624,JAn6
s000004071,JAn6
s000004008,JAn6
s000002115,JAn6
s000012537,JaR10
s000012538,JaR10
s000012539,JaR10
s000002098,JaS10
s000012540,JaS10
s000005388,JaS10
s000006859,JaS10
s000002041,JaS11
s000004197,JaS11
s000005423,JaS12
s000003255,JaS12
s000004547,JaS13
s000012541,JaS13
s000007624,Jas13
s000001083,JaS20
s000001520,JaS20
s000002379,JaS20
s000012542,JaS20
s000005161,JaS20
s000002295,JaS20
s000005434,JaS20
s000004559,JaS33
s000000280,JaS33
s000002620,JaS33
s000006740,JaS33
s000002790,JaS33
s000003600,JaS33
s000008454,JaS33
s000006452,JaS33
s000006569,JaS33
s000003975,JaS33
s000006859,JaS33
s000012543,JaS33
s000004559,JaS40
s000003392,JaS40
s000001724,JaS40
s000000649,JaS40
s000003219,JaS42
s000008791,JaS42
s000001278,JaS42
s000001810,Jas44
s000002776,JaS46
s000000567,JaS46
s000003279,JaS46
s000006854,JaS46
s000001123,JaS46
s000003769,JaS46
s000006062,JaS46
s000000576,JaS46
s000005170,JaS46
s000000149,JaS46
s000000870,JaS46
s000002776,JaS48
s000002037,JaS48
s000001154,JaS48
s000002051,JaS48
s000004298,JaS48
s000000062,JaS48
s000002833,JaS48
s000004222,JaS48
s000006452,JaS48
s000006569,JaS48
s000004532,JaS48
s000005715,JaS48
s000003935,JaS48
s000012544,JaS48
s000012545,JaS48
s000003188,JaS56
s000006078,JaS56
s000002722,JaS56
s000006513,JaS56
s000006525,JaS56
s000003329,JaS56
s000005222,JaS56
s000003837,JaS65
s000001154,JaS65
s000005531,JaS65
s000012546,JaS65
s000003244,JaS65
s000005914,JaS38
s000005626,JaS38
s000005221,JaS38
s000002712,JaS38
s000002566,JaS38
s000001746,JaS38
s000000340,JAu8
s000005397,JAu8
s000006812,JAu10
s000012547,JAu10
s000000401,JAv10
s000006096,JAv10
s000004007,JAv10
s000007451,JAv10
s000005676,JAv10
s000006317,JAv10
s000002019,JAv10
s000004921,JAv15
s000005173,JAv15
s000008178,JAv15
s000004527,JAv15
s000001047,JAv15
s000012548,JAv15
s000011815,JAv15
s000012549,JAv15
s000012550,JAv15
s000012551,JAv15
s000012552,JAv15
s000012553,JAv15
s000002258,JAv16
s000001144,JAv18
s000000401,JAv18
s000012554,JAv18
s000012555,JAx10
s000012556,JAx10
s000012557,JAx10
s000012558,JAx10
s000012559,JAx10
s000012560,JAx10
s000012561,JAx10
s000012562,JAx10
s000012563,JAx10
s000012564,JAx10
s000012565,JAx10
s000008403,JBa10
s000012566,JBa10
s000000012,JBa10
s000006860,JBa10
s000012567,JBa10
s000006676,JBC14
s000012568,JBC14
s000004901,JBC14
s000006383,JBC14
s000009733,JBC14
s000012569,JBC14
s000004531,JBC14
s000012570,JBC27
s000012571,JBC27
s000012572,JBC27
s000012573,JBC27
s000012574,JBC27
s000012575,JBC27
s000012576,JBC27
s000012577,JBC27
s000006761,JBC55
s000002830,JBC55
s000006859,JBC55
s000002809,JBd10
s000002807,JBd10
s000000835,JBd10
s000006645,JBH10
s000004986,JBH10
s000000320,JBH10
s000001310,JBH10
s000003816,JBH10
s000005002,JBH10
s000012578,JBH10
s000003187,JBH10
s000012579,JBH10
s000006049,JBH10
s000003337,JBH20
s000006620,JBH20
s000001930,JBH20
s000005064,JBH20
s000002871,JBH30
s000005830,JBH30
s000007990,JBH30
s000001006,JBH30
s000004897,JBH30
s000010957,JBH30
s000003695,JBH30
s000007060,JBH30
s000008349,JBH30
s000006859,JBH30
s000006859,JBH30
s000003778,JBi10
s000012580,JBk10
s000006883,JBk10
s000012581,JBk10
s000012582,JBk10
s000012583,JBk10
s000012584,JBk10
s000012585,JBk10
s000001852,JBk10
s000001216,JBr10
s000005753,JBr10
s000006846,JBr10
s000004507,JBr10
s000004047,JBr10
s000000592,JBs10
s000000192,JBs10
s000006169,JBs10
s000000950,JBt20
s000005601,JBt20
s000004807,JBt20
s000002442,JBt20
s000006168,JBt20
s000007869,JBt20
s000000950,JBt24
s000005634,JBt24
s000002577,JBt24
s000000240,JBt24
s000006142,JBt24
s000005045,JBt24
s000006849,JBt24
s000002120,JBt24
s000007869,JBt24
s000003426,JBt24
s000005634,JBt38
s000005634,JBt38
s000003225,JBt38
s000003167,JBt38
s000011625,JBt38
s000012586,JBt38
s000009312,JBw10
s000012587,JBw10
s000012588,JBw10
s000012589,JbB10
s000012590,JbB10
s000012591,JbB10
s000012592,JbB10
s000012593,JbB10
s000006859,JC1
s000006859,JC1
s000003910,JC6
s000003910,JC6
s000001495,JC6
s000012594,JC6
s000011566,JC6
s000012595,JC6
s000003910,JC9
s000001510,JC9
s000001671,JC9
s000012594,JC9
s000001495,JC9
s000003910,JC10
s000000999,JC10
s000010891,JC10
s000007612,JC10
s000012596,JC10
s000002411,JC10
s000012597,JC11
s000012596,JC11
s000000999,JC11
s000007612,JC11
s000012598,JC11
s000000802,JC11
s000003562,JC11
s000002240,JC11
s000003910,JC11
s000011568,JC11
s000000277,JC11
s000005989,JCa4
s000002798,JCa4
s000002915,JCa4
s000006326,JCa4
s000005620,JCa4
s000001358,JCa4
s000006155,JCa4
s000004976,JCa4
s000012599,JCa4
s000008457,JCa7
s000004319,JCa7
s000001369,JCa7
s000005354,JCa7
s000012600,JCa7
s000006859,JCa7
s000006122,JCa9
s000002915,JCa9
s000006228,JCa9
s000005985,JCa9
s000006628,JCa9
s000012601,JCa9
s000006077,JCa9
s000006094,JCa9
s000012602,JcC10
s000000193,JcC10
s000012603,JcC10
s000012604,JcC10
s000012604,JcC10
s000012605,JcC10
s000006860,JcC10
s000012606,JcC10
s000012607,JCe10
s000012608,JCe10
s000012609,JCe10
s000012610,JCe10
s000001035,JCh10
s000001035,JCh20
s000012611,JCi3
s000012612,JCi3
s000012613,JCi5
s000012614,JCi5
s000012615,JCi10
s000012616,JCi10
s000012617,JCi10
s000012618,JCi10
s000012619,JCi12
s000012620,JCi12
s000009219,JCi12
s000003234,JCi14
s000002961,JCi14
s000004525,JCi14
s000004768,JCi14
s000012621,JCi14
s000012622,JCi14
s000003311,JCi17
s000002272,JCi17
s000003882,JCi17
s000002771,JCi17
s000009571,JCi17
s000002396,JCi17
s000012623,JCi17
s000006732,JCi20
s000001994,JCJ10
s000003029,JCJ10
s000003066,JCJ10
s000005083,JCJ10
s000003604,JCJ10
s000002478,JCJ10
s000005986,JCJ10
s000001366,JCJ10
s000005670,JCL10
s000002395,JCL10
s000003015,JCL10
s000005073,JCL10
s000005585,JCm1
s000002564,JCm1
s000000546,JCm1
s000006564,JCm10
s000012624,JCm10
s000012625,JCm10
s000012626,JCm10
s000012627,JCm10
s000007679,JCm10
s000012628,JCm10
s000012629,JCm10
s000012630,JCm10
s000012631,JCm10
s000012632,JCm10
s000005585,JCm20
s000002564,JCm20
s000002166,JCm20
s000006005,JCm20
s000012633,JCm20
s000011110,JCm20
s000005585,JCm25
s000001385,JCm25
s000007679,JCm25
s000011477,JCm25
s000009405,JCm25
s000002776,JCm25
s000006732,JCm28
s000010460,JCm28
s000012634,JCm28
s000000401,JCm28
s000002012,JCm28
s000008307,JCm28
s000012635,JCm28
s000012636,JCm28
s000006505,JCm28
s000006032,JCm28
s000007679,JCm28
s000000392,JCn1
s000007852,JCn1
s000003293,JCn3
s000002114,JCn3
s000005926,JCn3
s000005177,JCn3
s000003079,JCn3
s000012637,JCn3
s000012638,JCn3
s000012639,JCn3
s000005173,JCn6
s000001928,JCn6
s000001576,JCn6
s000000567,JCn6
s000005319,JCn20
s000005062,JCn20
s000003440,JCn20
s000002452,JCn20
s000012640,JCn20
s000012641,JCn20
s000002236,JCn20
s000009096,JCn20
s000012642,JCn20
s000012643,JCn20
s000005878,JCn20
s000001436,JCn20
s000012644,JCn20
s000012645,JCn20
s000000648,JCp10
s000003279,JCp10
s000005842,JCp10
s000012646,JCp10
s000002574,JCp15
s000001218,JCp15
s000004943,JCp15
s000006235,JCr10
s000008286,JCr10
s000002088,JCr10
s000006692,JCr10
s000008946,JCT1
s000000362,JCT1
s000012647,JCT1
s000009381,JCT1
s000012648,JCT1
s000012649,JCu10
s000012650,JCu10
s000006859,JCu10
s000004986,JCv10
s000005327,JCv10
s000002238,JCv10
s000003273,JCv10
s000003786,JCv10
s000012651,JCv10
s000002521,JCv10
s000000877,JCv16
s000005665,JCv16
s000009956,JCv16
s000001460,JCv16
s000001326,JCw44
s000001893,JCw44
s000009889,JCw44
s000004771,JCw44
s000002527,JCw50
s000012652,JCw50
s000005808,JCw50
s000000623,JCw50
s000002603,JCw53
s000004391,JCw53
s000002994,JCw53
s000004193,JCw53
s000006001,JCw53
s000005929,JCw53
s000005360,JCw53
s000000678,JCw53
s000000441,JCw57
s000006785,JCw57
s000000937,JCw57
s000012653,JCw61
s000000086,JCw61
s000005144,JCw61
s000004689,JCw61
s000012654,JCw61
s000004761,JCw61
s000006772,JCw61
s000006492,JCw61
s000001014,JCw61
s000006506,JCw61
s000002289,JCw61
s000003597,JCw61
s000003769,JCw62
s000006249,JCw62
s000002603,JCw62
s000005020,JCw62
s000001222,JCw62
s000002398,JCw62
s000006747,JCw62
s000001140,JCw62
s000006280,JCw62
s000003769,JCw69
s000012655,JCw69
s000003466,JD7
s000000545,JD7
s000001343,JD7
s000005112,JD7
s000001513,JD7
s000002014,JD8
s000006111,JD8
s000001719,JD8
s000002642,JD8
s000006645,JD10
s000006201,JD10
s000006038,JD10
s000004046,JD10
s000012656,JD10
s000006744,JD10
s000006038,JD10
s000006744,JD10
s000003938,JD10
s000003714,JD10
s000005645,JD12
s000012657,JD12
s000012658,JD12
s000001454,JD12
s000012659,JD12
s000012660,JD12
s000012661,JD12
s000012662,JD12
s000002888,JD12
s000012663,JD12
s000004594,JD12
s000012664,JD12
s000008550,JD14
s000012665,JD14
s000004186,JD14
s000005645,JD14
s000012666,JD14
s000004186,JD15
s000001454,JD15
s000012667,JD15
s000012668,JD15
s000012669,JD15
s000012670,JD15
s000012671,JD15
s000004186,JD16
s000004891,JD16
s000006341,JD16
s000012672,JD16
s000012673,JD16
s000004186,JD17
s000006330,JD17
s000005560,JD17
s000006094,JD17
s000004390,JD17
s000004186,JD25
s000008011,JD25
s000012674,JD25
s000012675,JD25
s000000842,JD30
s000004706,JD30
s000012676,JdA10
s000012677,JdA10
s000002242,JdA10
s000000812,JDB10
s000002871,JDB10
s000007837,JDB10
s000001432,JDB10
s000011110,JDB10
s000012678,JDB10
s000012679,JDB10
s000012680,JDB10
s000012681,JDB10
s000012548,JDB10
s000012682,JDB10
s000006860,JDB10
s000012683,JDB10
s000012684,JDB10
s000012685,JDB10
s000012686,JDB10
s000012687,JDB10
s000012688,JDB10
s000002955,JDB11
s000007679,JDB11
s000007717,JDB11
s000012689,JDB11
s000005818,JDB11
s000012678,JDB11
s000012690,JDB11
s000009572,JDB11
s000012691,JDB11
s000012692,JDB11
s000012693,JDB11
s000012694,JDB11
s000012695,JDB11
s000009545,JDB11
s000012696,JDB11
s000012697,JDB11
s000012698,JDB11
s000008188,JDB12
s000000812,JDB12
s000012548,JDB12
s000001396,JDB12
s000006859,JDB12
s000006859,JDB12
s000006859,JDB12
s000004521,JDB15
s000012699,JDB15
s000006877,JDB15
s000011560,JDB15
s000002227,JDe1
s000005909,JDe1
s000000770,JDe1
s000001194,JDe1
s000005822,JDe1
s000012700,JDe1
s000001292,JDe1
s000003558,JDe3
s000006636,JDe3
s000005852,JDe3
s000005073,JDe3
s000012701,JDe3
s000000284,JDe3
s000004245,JDe3
s000012702,JDe3
s000010581,JDe3
s000005557,JDe8
s000003924,JDe8
s000012703,JDe8
s000002320,JDe8
s000010739,JDe8
s000006462,JDe8
s000012704,JDe8
s000003609,JDe10
s000005319,JDe10
s000005912,JDe10
s000004990,JDe10
s000002460,JDe12
s000001432,JDe12
s000012705,JDe12
s000002683,JDe15
s000005456,JDe15
s000003444,JDe15
s000006496,JDe15
s000002617,JDe15
s000012706,JDe19
s000004921,JDe20
s000000310,JDe20
s000005989,JDe20
s000004302,JDe20
s000005433,JDe20
s000003092,JDe20
s000002072,JDe23
s000002868,JDe23
s000008664,JDe23
s000002315,JDe23
s000008704,JDe23
s000012707,JDe23
s000012708,JDe25
s000012709,JDe25
s000012710,JDe27
s000012711,JDe27
s000002580,JDe28
s000006524,JDe28
s000005318,JDe28
s000005912,JDe28
s000000323,JDe28
s000012712,JDe28
s000012713,JDe28
s000002580,JDe32
s000006859,JDe32
s000006859,JDe32
s000006859,JDe32
s000006859,JDe32
s000006859,JDe32
s000006859,JDe32
s000006859,JDe32
s000006859,JDe32
s000012714,JDe35
s000002319,JDe35
s000012715,JDe35
s000007929,JDe35
s000005264,JDe35
s000008820,JDe35
s000012716,JDe35
s000012717,JDe36
s000012718,JDe40
s000006020,JDe40
s000007532,JDe40
s000012715,JDe40
s000002185,JDe40
s000006432,JDe40
s000002163,JDh5
s000000618,JDh5
s000006805,JDh5
s000005521,JDh5
s000005696,JDh5
s000000890,JDh5
s000012719,JdL10
s000003913,JdL10
s000002819,JdL10
s000001428,JdL10
s000012720,JdL12
s000002719,JdL12
s000004761,JdL12
s000003955,JdL12
s000012721,JdL12
s000012722,JDm10
s000012723,JDm10
s000012724,JDm10
s000012725,JDm10
s000012726,JDo10
s000001619,JDr10
s000006833,JDr10
s000006833,JDr10
s000006439,JDr10
s000012727,JDr10
s000003503,JDy10
s000012728,JDy10
s000002035,JDy10
s000012729,JDy10
s000002743,JeA10
s000012730,JeA10
s000012731,JeA10
s000005548,JeB10
s000006823,JeB10
s000002938,JeB10
s000008791,JeB10
s000012495,JeC10
s000005090,JeC10
s000004007,JeC10
s000004347,JeC10
s000006859,JeC10
s000007045,JeC10
s000005009,JeC10
s000008349,JeC10
s000008265,JeC10
s000012732,JeC14
s000006005,JeC14
s000000038,JeC14
s000000401,JeC14
s000002425,JeD10
s000005285,JeD10
s000004162,JeD10
s000001702,JeD10
s000012733,JeD10
s000006547,JeD10
s000012734,JeD10
s000004730,JeD10
s000006388,JeD10
s000001416,JeD10
s000006552,JEG10
s000005451,JEG10
s000000927,JEG10
s000005260,JEG10
s000004639,JeH10
s000004572,JeH10
s000002986,JeH10
s000004892,JeH10
s000003997,JeH30
s000000420,JeH30
s000001123,JeH30
s000003612,JeJ10
s000005968,JeJ10
s000006332,JeJ10
s000001297,JeJ10
s000001531,JeJ10
s000002395,JeJ10
s000005318,JeJ15
s000003146,JeJ15
s000000180,JeJ15
s000007547,JeJ15
s000005631,JeJ15
s000000912,JeJ15
s000005240,JeL10
s000012735,JeL10
s000005439,JeL10
s000012736,JeL10
s000006859,JeL10
s000012737,JeL10
s000004882,JeN10
s000012738,JeN10
s000004921,JeN10
s000012739,JEp15
s000012740,JEp15
s000012741,JEp15
s000000389,JeR10
s000000310,JeR10
s000005737,JeR10
s000003711,JeR10
s000008172,JeR10
s000007225,JeR10
s000012742,JeR10
s000012743,JeR10
s000005078,JeS10
s000012744,JeS10
s000002319,JeS10
s000012580,JeS10
s000008664,JeS10
s000003562,JEu15
s000003562,JEu20
s000010535,JEu20
s000012745,JEu20
s000012746,JEu20
s000012747,JEu20
s000003780,JeY5
s000012748,JeY5
s000003173,JeY5
s000000002,JeY10
s000001295,JeY10
s000006255,JeY10
s000001384,JeY10
s000007343,JeY10
s000007394,JeY10
s000000002,JeY30
s000001295,JeY30
s000001885,JeY30
s000012749,JeY30
s000000867,JeY30
s000012750,JeY30
s000004821,JeY30
s000012751,JeY30
s000006327,JeY30
s000005129,JeY35
s000005129,JeY35
s000005129,JeY35
s000005129,JeY35
s000005129,JeY35
s000005129,JeY35
s000005129,JeY35
s000012752,JeY35
s000008450,JeY35
s000005079,JeY35
s000006327,JeY35
s000005197,JfB10
s000008869,JfB10
s000006859,JfB10
s000006859,JfB10
s000012753,JfB10
s000006859,JfB10
s000006859,JfB10
s000002062,JfB10
s000006859,JfB10
s000010452,JFC10
s000012754,JFC10
s000005715,JFC10
s000004632,JFC10
s000009963,JFD10
s000010521,JFD10
s000001966,JFe10
s000006460,JFe10
s000006675,JFe10
s000003666,JFe10
s000001921,JFe10
s000002243,JFe10
s000003714,JFe10
s000000152,JFe10
s000000270,JFe10
s000008863,JFe10
s000009397,JFe10
s000000635,JFe20
s000001936,JFe20
s000001885,JFe20
s000008454,JFe20
s000009564,JFe20
s000001448,JFe20
s000001310,JFe20
s000001778,JFg10
s000001413,JFg10
s000002479,JFg10
s000001618,JFg10
s000004612,JFg20
s000006583,JFg20
s000005858,JFi10
s000005329,JFi10
s000005701,JFi10
s000000792,JfH10
s000006859,JfH10
s000002078,JFll
s000006795,JFll
s000011525,JFll
s000002831,JFll
s000001452,JFll
s000005426,JFll
s000012755,JFll
s000000254,JFll
s000012756,JfPd10
s000012757,JfPd10
s000012758,JfPd10
s000011181,JfPd10
s000003344,JFr8
s000004786,JFr8
s000004062,JFr8
s000012759,JFr8
s000012760,JFr8
s000006094,JFr8
s000003576,JFr10
s000009515,JFr10
s000001783,JFr10
s000012761,JFr10
s000012762,JFr10
s000003576,JFr12
s000009515,JFr12
s000012761,JFr12
s000012762,JFr12
s000012763,JFr12
s000004541,JFr12
s000001450,JFr15
s000012761,JFr15
s000004139,JFr15
s000005045,JFr15
s000012764,JFr15
s000003344,JFr15
s000012765,JFr15
s000012766,JFr22
s000012767,JFs10
s000000492,JFW5
s000002475,JFW5
s000001760,JFW5
s000000492,JFW5
s000002475,JFW5
s000001760,JFW5
s000012768,JGb10
s000012769,JGb10
s000012770,JGb10
s000012771,JGb10
s000012772,JGb10
s000004786,JGd2
s000012773,JGd2
s000012774,JGd2
s000000340,JGd2
s000012775,JGd10
s000001005,JGd10
s000005238,JGd10
s000004187,JGd15
s000004166,JGf10
s000000296,JGf10
s000005897,JGf10
s000001527,JGi10
s000012776,JGi10
s000006860,JGi10
s000012777,JGK2
s000012778,JGK2
s000012779,JGK2
s000002246,JGl10
s000002296,JGl10
s000012780,JGl10
s000001810,JGl10
s000012781,JGl10
s000006453,JGl15
s000007144,JGl15
s000012782,JGl15
s000003344,JGl15
s000005051,JGl15
s000001035,JGl20
s000012783,JGl20
s000012784,JGl20
s000004752,JGo10
s000005419,JGo10
s000012785,JGo10
s000012786,JGo10
s000012787,JGo10
s000012788,JGo10
s000012788,JGo10
s000000842,JGo13
s000005221,JGo13
s000006392,JGo13
s000000152,JGo13
s000012789,JGo13
s000000719,JGo13
s000002825,JGo13
s000002868,JGo20
s000006165,JGo20
s000003039,JGo20
s000006546,JGo20
s000006859,JGr5
s000012790,JGr5
s000012791,JGr30
s000000659,JGr30
s000001536,JGr30
s000011425,JGs6
s000005534,JGs6
s000012792,JGs6
s000007051,JGs6
s000000131,JGs6
s000002839,JGs10
s000012793,JGs10
s000000854,JGs10
s000012794,JGs10
s000012795,JGs10
s000006859,JGs10
s000003198,JGs10
s000004187,JGs10
s000000648,JGs10
s000002105,JGs10
s000006859,JGs10
s000006859,JGs10
s000012796,JGs10
s000012797,JGs10
s000004559,JGs10
s000000062,JGs10
s000012798,JGs10
s000004559,JGs20
s000006775,JGs20
s000006167,JGs20
s000006452,JGs20
s000012799,JGs20
s000002491,JGs20
s000005886,JGs30
s000006356,JGs30
s000001557,JGs30
s000004727,JGs30
s000006127,JGs30
s000005626,JGs31
s000012800,JGs31
s000006645,JGs31
s000006015,JGs31
s000002479,JGs31
s000002037,JGs31
s000002955,JGs31
s000000994,JGs40
s000003625,JGs40
s000005237,JGs40
s000001232,JGs40
s000003339,JGz1
s000006860,JGz1
s000012801,JHd10
s000001538,JHe10
s000000748,JHe10
s000002069,JHe10
s000000408,JHi7
s000001039,JHi7
s000012802,JHi7
s000000732,JHi7
s000002054,JHi7
s000005586,JHH10
s000001820,JHj10
s000006112,JHj10
s000001991,JHj10
s000012803,JHj10
s000006194,JHj10
s000002035,JHL6
s000006641,JHL6
s000003856,JHL6
s000002256,JHL7
s000012804,JHL12
s000001408,JHL12
s000006655,JHL17
s000001235,JHL17
s000006477,JHL17
s000006346,JHL17
s000001650,JHL17
s000002846,JHL17
s000002691,JHL20
s000000868,JHL20
s000000408,JHo20
s000002936,JHo20
s000007536,JHo20
s000006765,JHo20
s000001039,JHo24
s000001496,JHo24
s000012805,JHo24
s000012806,JHo24
s000002692,JHo24
s000006036,JHo40
s000012807,JHo40
s000003017,JHp10
s000006049,JHp10
s000012808,JHp10
s000002419,JHp10
s000006937,JHp10
s000000548,JHp10
s000000230,JHr10
s000003250,JHr10
s000006113,JHr10
s000005968,JHr10
s000001344,JHr10
s000012735,JHr10
s000004657,JHr10
s000005241,JHr10
s000005399,JHr10
s000005772,JHr10
s000000230,JHr20
s000003250,JHr20
s000005013,JHr20
s000012809,JHr20
s000012810,JHr20
s000012811,JHr20
s000012735,JHr20
s000000618,JHr20
s000004241,JHr30
s000003250,JHr30
s000012812,JHr30
s000000230,JHr30
s000001059,JHr30
s000001326,JHr30
s000001129,JHs10
s000006696,JHs10
s000005939,JHs10
s000004903,JHs10
s000004774,JHs10
s000004013,JHs10
s000006649,JHs10
s000006113,JHy10
s000000652,JHy10
s000004133,JHy10
s000001645,JHy10
s000006811,JI1
s000004300,JI1
s000012813,JI1
s000012814,JI1
s000007299,JI1
s000004300,JI2
s000006811,JI2
s000012815,JI2
s000004300,JI4
s000006811,JI4
s000006859,JI4
s000012816,JI4
s000012817,JI4
s000004300,JI5
s000006859,JI5
s000006859,JI5
s000004300,JI6
s000005877,JiA1
s000000727,JiA1
s000002703,JiA1
s000002718,JiA1
s000002400,JiA1
s000004578,JiA1
s000004842,JiA1
s000004194,JiA1
s000000007,JiA1
s000012818,JiA1
s000012819,JiA1
s000003320,JiA5
s000001391,JiA5
s000002375,JiA5
s000012820,JiA5
s000012821,JiA5
s000005665,JiA5
s000012822,JiA5
s000003265,JiA5
s000012823,JiA5
s000012824,JiA5
s000012825,JiA5
s000012826,JiA5
s000012827,JiA5
s000012828,JiA5
s000000992,JiA5
s000012829,JiA5
s000004221,JiA7
s000001592,JiA7
s000004221,JiA9
s000004221,JiA9
s000006227,JiA9
s000006227,JiA9
s000006496,JiA9
s000004578,JiA10
s000005768,JiA10
s000005039,JiA10
s000005039,JiA12
s000009216,JiA12
s000005692,JiA15
s000008065,JiA15
s000007717,JiA15
s000011742,JiA15
s000012830,JiA15
s000000727,JiA15
s000012831,JiA15
s000012832,JiA15
s000005692,JiA18
s000000727,JiA18
s000012833,JiA18
s000006859,JiA18
s000012834,JiA18
s000009767,JiA18
s000001944,JiC10
s000000521,JiC10
s000001273,JiC10
s000001809,JiC10
s000005047,JiC20
s000001391,JiC20
s000005081,JiC20
s000001274,JiC20
s000010593,JiC20
s000002689,JiC20
s000012835,JiC20
s000012836,JiF10
s000012837,JiF10
s000012838,JiF10
s000012839,JiF10
s000009242,JiG10
s000010431,JiG10
s000012840,JiG10
s000012841,JiG10
s000012842,JiG10
s000012843,JiG10
s000005531,JiS10
s000001381,JiS10
s000012844,JiS10
s000012845,JiS10
s000000650,JiS10
s000002403,JiS10
s000012846,JIv8
s000003190,JIv8
s000006859,JIv8
s000000583,JIv11
s000006534,JIv11
s000001156,JIv15
s000006579,JIv15
s000003334,JIv15
s000000619,JIv15
s000001436,JIv15
s000001727,JIv15
s000012847,JIv15
s000005221,JIv28
s000001837,JIv28
s000000037,JIv28
s000001811,JIv28
s000001096,JIv30
s000005549,JIv30
s000003190,JIv30
s000001023,JIv30
s000002385,JIv30
s000005197,JIv33
s000005178,JIv33
s000006096,JIv33
s000003918,JIv33
s000002957,JIv33
s000005005,JIv33
s000000990,JIv35
s000005520,JIv35
s000005819,JIv35
s000001827,JIv35
s000001499,JIv35
s000001554,JIv35
s000000885,JIv35
s000003557,JIv35
s000012848,JIv35
s000012849,JIv35
s000012850,JIv37
s000011993,JIv37
s000009113,JIv37
s000001827,JIv37
s000000885,JIv37
s000006629,JIv37
s000003339,JIv37
s000004559,JIv40
s000006775,JIv40
s000004878,JIv40
s000011987,JIv40
s000012851,JIv40
s000001434,JIv40
s000012852,JIv40
s000008707,JIv40
s000012853,JIv40
s000012854,JIv40
s000012855,JIv40
s000012856,JIv40
s000002868,JIv42
s000005178,JIv42
s000006173,JIv42
s000000990,JIv42
s000012850,JIv42
s000005175,JIv42
s000012857,JIv42
s000012858,JIv42
s000012859,JIv42
s000012860,JIv42
s000012861,JIv42
s000012862,JIv42
s000010274,JIv42
s000012863,JIv42
s000012864,JIv42
s000000885,JIv42
s000002868,JIv42
s000006173,JIv42
s000002087,JIv42
s000012865,JIv42
s000005197,JIv42
s000011993,JIv42
s000012866,JIv42
s000012867,JIv42
s000006859,JIv42
s000006859,JIv42
s000006859,JIv42
s000004603,JIv45
s000005549,JIv45
s000006860,JIv45
s000007929,JIv45
s000010109,JIv45
s000004794,JIv45
s000012868,JIv45
s000003133,JIv45
s000012869,JIv45
s000010589,JIv45
s000002868,JIV47
s000004347,JIV47
s000012870,JIv51
s000012399,JIv51
s000004603,JIv51
s000006196,JIv51
s000012870,JIv51
s000012870,JIv51
s000012870,JIv51
s000012870,JIv51
s000004098,JJA5
s000004894,JJA5
s000001088,JJA5
s000012871,JJA5
s000012872,JJA7
s000001221,JJA10
s000005794,JJA10
s000007237,JJA10
s000003730,JJA10
s000012873,JJA10
s000012874,JJA10
s000012875,JJA10
s000002783,JJA10
s000012876,JJA10
s000012877,JJA10
s000012878,JJA10
s000006376,JJA10
s000012879,JJA10
s000012880,JJA10
s000012881,JJA10
s000012882,JJA10
s000003931,JnA20
s000012883,JnA20
s000012884,JnA20
s000012885,JnA20
s000006859,JnA20
s000006859,JnA20
s000004365,JnA20
s000004965,JJA25
s000007928,JJA25
s000007508,JJA25
s000003876,JJA25
s000006859,JJA25
s000012886,JJB1
s000000145,JJB1
s000004957,JJB1
s000003797,JJB1
s000000615,JJB1
s000012887,JJB1
s000012888,JJB1
s000012889,JJB1
s000012890,JJB1
s000012891,JJB1
s000012892,JJB1
s000012893,JJB1
s000001568,JJB10
s000010226,JJB10
s000000012,JJB10
s000005166,JJB10
s000006444,JJB10
s000004207,JJB10
s000012894,JJB15
s000001409,JJB15
s000012889,JJB15
s000005884,JJC10
s000003561,JJC10
s000012895,JJC10
s000012896,JJC10
s000006859,JJC10
s000012897,JJm2
s000012898,JJm2
s000012899,JJm2
s000012900,JJm3
s000012901,JJm3
s000012902,JJm4
s000003417,JJm4
s000012903,JJm4
s000012904,JJm4
s000012905,JJm4
s000012906,JJm4
s000003577,JJm4
s000012907,JJm4
s000005480,JJm6
s000005423,JJm6
s000012908,JJm6
s000004434,JJm6
s000007024,JJm6
s000012909,JJm6
s000001409,JJm6
s000012910,JJm6
s000010462,JJm6
s000012911,JJm6
s000012912,JJm6
s000012913,JJm6
s000012914,JJm6
s000012915,JJm9
s000008006,JJm13
s000008209,JJo1
s000010698,JJo1
s000006016,JJo1
s000012916,JJo1
s000012917,JJo1
s000012918,JJo1
s000012919,JJo1
s000012920,JJo1
s000000899,JJo2
s000000185,JJo2
s000007598,JJo2
s000012921,JJo2
s000001410,JJo2
s000012922,JJo2
s000006689,JJo5
s000009218,JJo5
s000012923,JJo5
s000012924,JJo5
s000012925,JJo5
s000012926,JJo5
s000008196,JJo5
s000012635,JJo5
s000012927,JJo5
s000012928,JJo5
s000012929,JJo5
s000012930,JJo5
s000012931,JJo10
s000012932,JJo10
s000001577,JJo10
s000012933,JJo10
s000006859,JJo10
s000012934,JJo10
s000012873,JJo10
s000012442,JJo10
s000006859,JJo10
s000012935,JJo10
s000012873,JJo10
s000012936,JJo10
s000006859,JJo10
s000000046,JJu10
s000012937,JJu10
s000012938,JJu10
s000012939,JKa47
s000012940,JKa47
s000000978,JKa47
s000002696,JKa47
s000001270,JKa55
s000001270,JKa56
s000012452,JKf10
s000008896,JKf10
s000008907,JKf10
s000012941,JKf10
s000003866,JkH10
s000000906,JkH10
s000012942,JkH10
s000006859,JkH20
s000001959,JKm10
s000012943,JKm10
s000006420,JKp8
s000003619,JKp8
s000004943,JKp8
s000003137,JKp8
s000002796,JKp10
s000004897,JKp10
s000002308,JKp10
s000012944,JKp15
s000012945,JKp15
s000001619,JKp15
s000000725,JKp18
s000005413,JKp18
s000000267,JKp18
s000004126,JKp18
s000000435,JKp18
s000003090,JKp20
s000003601,JKp20
s000000860,JKp20
s000002072,JKp30
s000012946,JKp30
s000012947,JKp32
s000005456,JKp32
s000006859,JKp32
s000012705,JKp32
s000008300,JKp32
s000009349,JKp32
s000004921,JKp33
s000008815,JKp33
s000003300,JKp33
s000011913,JKp35
s000004007,JKp35
s000000374,JKp35
s000011403,JKp35
s000006905,JKp35
s000011900,JKp35
s000003595,JKp35
s000003711,JKp35
s000007884,JKp35
s000012948,JKp35
s000008380,JKp35
s000012949,JKp35
s000012950,JKp35
s000012951,JKp35
s000012952,JKp35
s000006859,JKp35
s000012953,JKp35
s000012954,JKp35
s000012955,JKp35
s000012956,JKp35
s000001637,JKp35
s000006859,JKp35
s000012957,JKp35
s000008066,JKr10
s000005560,JKr10
s000012958,JKr10
s000012959,JKr10
s000001635,JkS5
s000006740,JkS5
s000012960,JkS5
s000001000,JkS5
s000002253,JkS10
s000000654,JkS10
s000002869,JkS10
s000002805,JkS10
s000003320,JKt10
s000007453,JKt10
s000006859,JKt10
s000004921,JKt10
s000002319,JKt10
s000002334,JKt10
s000001679,JKw5
s000005571,JKw5
s000005069,JKw5
s000000972,JKw7
s000001798,JKw7
s000004328,JKw7
s000004099,JKw7
s000001000,JKw7
s000003466,JKw10
s000001679,JKw10
s000001760,JKw10
s000005804,JKw10
s000006478,JKw10
s000002030,JKw10
s000012961,JKz10
s000004434,JKz10
s000012962,JKz10
s000003640,JL5
s000007122,JL5
s000012963,JL5
s000012964,JL5
s000000518,JL5
s000003640,JL10
s000001650,JL10
s000007074,JL10
s000001943,JL10
s000012385,JL10
s000009821,JL10
s000003640,JL13
s000005956,JL13
s000004395,JL13
s000002135,JL13
s000003640,JL15
s000005801,JL15
s000003746,JL15
s000000970,JL15
s000002626,JL15
s000001230,JL15
s000007988,JLa10
s000012965,JLa10
s000010370,JLa10
s000012966,JLa10
s000012967,JLa10
s000011973,JLa10
s000012968,JLa10
s000012969,JLa10
s000006859,JLa10
s000006859,JLa10
s000006859,JLa10
s000006859,JLa10
s000006859,JLa10
s000003837,JLB1
s000006729,JLB1
s000004572,JLB1
s000012970,JLB1
s000003678,JLB1
s000001432,JLB1
s000002961,JLB7
s000000752,JLB7
s000004603,JLB12
s000012971,JLB12
s000005268,JLB12
s000000752,JLB12
s000012972,JLB12
s000004572,JLB14
s000002955,JLB14
s000012973,JLB14
s000003341,JLB14
s000012974,JLB14
s000003374,JLB14
s000007527,JLB14
s000008349,JlC4
s000007572,JlC4
s000002262,JlC4
s000012975,JlC4
s000012976,JlC4
s000000872,JlC7
s000002961,JlC7
s000006720,JlC7
s000012977,JlC7
s000007666,JlC7
s000007475,JlC7
s000012978,JlC7
s000007572,JlC7
s000012979,JlC7
s000002001,JlC10
s000008652,JlC10
s000009359,JlC10
s000008167,JlC10
s000008136,JlC10
s000009359,JlC11
s000007666,JlC11
s000003625,JlC11
s000003870,JlC11
s000001476,JlC11
s000005662,JlC11
s000007039,JlC14
s000004559,JlC14
s000003601,JlC14
s000003858,JlC16
s000012980,JlC16
s000000844,JlC16
s000012981,JlC16
s000006859,JlC16
s000005040,JlC16
s000006859,JlC16
s000000726,JlC18
s000004347,JlC18
s000007666,JlC18
s000002931,JlC18
s000000844,JlC18
s000009359,JlC18
s000001831,JlC18
s000004021,JLe10
s000006737,JLe10
s000001918,JLe10
s000000459,JLG1
s000005624,JLG1
s000000656,JLG1
s000004176,JLG1
s000010528,JLG1
s000012982,JLG1
s000012983,JLG1
s000006283,JLG1
s000012984,JLG1
s000003193,JLG4
s000012985,JLG4
s000006859,JLG8
s000006859,JLG8
s000004938,JLG9
s000000340,JLG9
s000004786,JLG9
s000012773,JLG9
s000006859,JLG9
s000012986,JLG10
s000012987,JLG10
s000012988,JLG10
s000003193,JLG11
s000000704,JLG11
s000009007,JLG11
s000006860,JLG11
s000012989,JLG11
s000012990,JLG11
s000012991,JLG11
s000012992,JLG11
s000012993,JLG11
s000003562,JLG14
s000012994,JLG14
s000010835,JLG15
s000012995,JLG15
s000003193,JLG15
s000006094,JLG15
s000012996,JLG16
s000003193,JLG16
s000006859,JLG16
s000012997,JLG16
s000012998,JLG16
s000003562,JLG16
s000012999,JLG21
s000003562,JLG21
s000013000,JLG21
s000013001,JLG21
s000013002,JLG21
s000013003,JLG21
s000006430,JLG22
s000013004,JLG25
s000003562,JLG25
s000003193,JLG27
s000013005,JLG27
s000000459,JLG28
s000003193,JLG28
s000013006,JLG28
s000002038,JLG30
s000004319,JLG30
s000002969,JLG40
s000013007,JLG40
s000000412,JLG40
s000002969,JLG45
s000005586,JLG45
s000007825,JLG45
s000001587,JLG50
s000012983,JLG50
s000013008,JLG50
s000013009,JLG52
s000006859,JLG52
s000007454,JLG52
s000013010,JLG55
s000013011,JLG55
s000005448,JLG55
s000013012,JLG55
s000013013,JLG55
s000013014,JLG55
s000013015,JLG55
s000013016,JLG55
s000013017,JLG55
s000013018,JLG55
s000013019,JLG55
s000006859,JLG63
s000006201,JLM2
s000005047,JLM2
s000003498,JLM2
s000002984,JLM2
s000005233,JLM2
s000000857,JLM2
s000007543,JLM2
s000006096,JLM2
s000002637,JLM3
s000006201,JLM3
s000000538,JLM3
s000005513,JLM3
s000006765,JLM3
s000000786,JLM3
s000013020,JLM3
s000001258,JLM3
s000002637,JLM5
s000001372,JLM5
s000002653,JLM5
s000006777,JLM5
s000001865,JLM5
s000013021,JLM6
s000013022,JLM6
s000005852,JLM6
s000001449,JLM6
s000001679,JLM6
s000001682,JLM6
s000003545,JLM6
s000003807,JLM6
s000002280,JLM6
s000000400,JLM6
s000001019,JLM6
s000005354,JLM8
s000001235,JLM8
s000002706,JLM8
s000000040,JLM8
s000009482,JLM8
s000007506,JLM8
s000004777,JLM8
s000001845,JLM8
s000004271,JLM8
s000001675,JLM8
s000013023,JLM8
s000001469,JLM9
s000000408,JLM9
s000005513,JLM9
s000002849,JLM9
s000005305,JLM9
s000004197,JLM9
s000003938,JLM9
s000005145,JLM9
s000013024,JLM9
s000000399,JLM9
s000002572,JLM9
s000006645,JLM10
s000004986,JLM10
s000001449,JLM10
s000001519,JLM10
s000001482,JLM10
s000006174,JLM10
s000003996,JLM11
s000002272,JLM12
s000000700,JLM12
s000002214,JLM12
s000003293,JLM12
s000000879,JLM12
s000013025,JLM12
s000003856,JLM12
s000004831,JLM12
s000002922,JLM12
s000004500,JLM12
s000002193,JLM13
s000005957,JLM13
s000013026,JLM13
s000000613,JLM13
s000000706,JLM13
s000002364,JLM13
s000010195,JLM13
s000005632,JLM13
s000010182,JLM13
s000003754,JLM13
s000013027,JLM13
s000005772,JLM14
s000000700,JLM14
s000000573,JLM14
s000003215,JLM14
s000002757,JLM16
s000006859,JLM16
s000006113,JLM16
s000001138,JLM16
s000001533,JLM16
s000004062,JLM16
s000005160,JLM16
s000006113,JLM17
s000000842,JLM17
s000002637,JLM17
s000001343,JLM17
s000003471,JLM17
s000004090,JLM17
s000011099,JLM17
s000001167,JLM17
s000013028,JLM17
s000005928,JLM17
s000004690,JLM20
s000004690,JLM20
s000000877,JLM20
s000000877,JLM20
s000001046,JLM20
s000006550,JLo4
s000001453,JLo4
s000000742,JLo4
s000000834,JLo4
s000000040,JLo4
s000002169,JLo4
s000000119,JLo4
s000004389,JLo4
s000003693,JLo4
s000010696,JLo4
s000000100,JLo11
s000000652,JLo11
s000006427,JLo17
s000006859,JLo17
s000013029,JLo17
s000000612,JLo18
s000000304,JLo18
s000013030,JLo18
s000002038,JLo23
s000006505,JLo23
s000002086,JLo23
s000002915,JLo23
s000003029,JLo25
s000000877,JLo25
s000000503,JLo25
s000013031,JLo25
s000013032,JLo25
s000013033,JLo25
s000010589,JLo25
s000001538,JLo26
s000004365,JLo26
s000003730,JLo26
s000013034,JLo27
s000006347,JLo27
s000013035,JLo27
s000013036,JLo27
s000013037,JLo27
s000013038,JLo27
s000013039,JLo27
s000013040,JLo27
s000013041,JLo27
s000003873,JLo30
s000004719,JLo30
s000000953,JLo30
s000003279,JLo30
s000006838,JLo30
s000003354,JLo30
s000003801,JLo30
s000005500,JLo30
s000011993,JLp10
s000001476,JLp10
s000004904,JLp10
s000013042,JLp10
s000004833,JLp10
s000006173,JLp10
s000009328,JLp10
s000011933,JLp10
s000005368,JLp10
s000004001,JLp10
s000013043,JLr10
s000013044,JLr10
s000006859,JLr10
s000006859,JLr10
s000006859,JLr10
s000013045,JlS10
s000004264,JLT10
s000006860,JLT11
s000007414,JLT11
s000006860,JLT11
s000000280,JLT12
s000007414,JLT12
s000003714,JLT12
s000004867,JLT15
s000005092,JLT15
s000004587,JLT15
s000004802,JLT15
s000000802,JLT17
s000001388,JLT17
s000004867,JLT19
s000004298,JLT19
s000000501,JLT19
s000000320,JLT19
s000013046,JLT19
s000006193,JLT21
s000005560,JLT21
s000001810,JLT21
s000003714,JLT21
s000004587,JLT24
s000006232,JLT24
s000013047,JLT24
s000003193,JLT24
s000002975,JLT24
s000005083,JLT24
s000004090,JLT27
s000004475,JLT27
s000006285,JLT27
s000013048,JLT29
s000006728,JLT29
s000006550,JLT29
s000003388,JLT29
s000013049,JLT29
s000004197,JLT29
s000000748,JLT32
s000002890,JLT32
s000000563,JLT32
s000002479,JLT32
s000005560,JLT32
s000005092,JLT34
s000000563,JLT34
s000006341,JLT34
s000000062,JLT34
s000002105,JLT34
s000000748,JLT35
s000005318,JLT35
s000005511,JLT35
s000005863,JLT35
s000005382,JLT35
s000004867,JLT36
s000005542,JLT36
s000005665,JLT36
s000004562,JLT36
s000005863,JLT36
s000006806,JLT36
s000001009,JLT36
s000001152,JLT36
s000004005,JLT36
s000004187,JLT36
s000005083,JLT36
s000005354,JLT36
s000006478,JLT36
s000000748,JLT39
s000006177,JLT39
s000001473,JLT39
s000001813,JLT39
s000001030,JLT50
s000006005,JLT50
s000003714,JLT50
s000006859,JLT50
s000005254,JLT50
s000002183,JLT50
s000000748,JLT39
s000001663,JLv10
s000001953,JLy10
s000005520,JLy10
s000007679,JLy10
s000013050,JLz2
s000013051,JLz2
s000013052,JLz2
s000013053,JLz2
s000013054,JLz2
s000006859,JLz2
s000013055,JLz2
s000013056,JLz2
s000002152,JMa30
s000000109,JMa30
s000013057,JMa30
s000013058,JMa30
s000013059,JMa30
s000013060,JMa30
s000006062,JMa50
s000013061,JMa50
s000005513,JMa60
s000003669,JMa60
s000005047,JMa60
s000004500,JMa60
s000002447,JMa60
s000003239,JMa60
s000002044,JMa60
s000003891,JMa60
s000002258,JMB3
s000003191,JMB3
s000004203,JMB3
s000006134,JMB3
s000013062,JMB3
s000001747,JMB3
s000004176,JMB3
s000005078,JMB4
s000000348,JMB4
s000005078,JMB5
s000005480,JMB5
s000000310,JMB5
s000006720,JMB5
s000001637,JMB5
s000001249,JMB5
s000013063,JMB5
s000013064,JMB5
s000000097,JMB5
s000000208,JMB7
s000009283,JMB7
s000003678,JMB7
s000013065,JMB7
s000013066,JMB7
s000013067,JmC10
s000013068,JmC10
s000013069,JMd10
s000013070,JMd10
s000013071,JMd10
s000013072,JMe1
s000013073,JMe1
s000013074,JMe1
s000013075,JMe1
s000013076,JMe1
s000005090,JmF10
s000008869,JmF10
s000004138,JmF10
s000001603,JmF10
s000002617,JmF20
s000000185,JmF20
s000004767,JmF20
s000010719,JmF20
s000003612,JmF20
s000000310,JmF20
s000013077,JmF25
s000013078,JmF25
s000003837,JMG4
s000000240,JMG4
s000009134,JMG4
s000004341,JMG10
s000003273,JMG10
s000002092,JMG10
s000004298,JMl1
s000005693,JMl1
s000001576,JMl1
s000003219,JMl1
s000013079,JMn1
s000006740,JMn1
s000006314,JMn1
s000013080,JMn1
s000002640,JMn1
s000005882,JMn2
s000013081,JMn2
s000003234,JMn2
s000012705,JMn2
s000001557,JMn2
s000013082,JMn2
s000004384,JMn2
s000008238,JMn2
s000005480,JMn5
s000005480,JMn5
s000012143,JMn5
s000013083,JMP10
s000013084,JMP10
s000006859,JMP10
s000000416,JMP10
s000012145,JMr10
s000013085,JMr10
s000013086,JMr10
s000003224,JMS1
s000003184,JMS1
s000002908,JMS1
s000002131,JMS1
s000003209,JMS1
s000005592,JMS1
s000003617,JMS1
s000005328,JMS1
s000002710,JMS2
s000001354,JMS2
s000002334,JMS2
s000001812,JMS2
s000012546,JMS2
s000002737,JMS2
s000003347,JMS2
s000006584,JMS2
s000003017,JMS7
s000013087,JMS7
s000006859,JMS7
s000000682,JMS7
s000007269,JMS9
s000003032,JMS9
s000002296,JMS9
s000013088,JMS9
s000000973,JMS9
s000013089,JMS9
s000013090,JMS9
s000013091,JMS9
s000006108,JMS9
s000013092,JMS9
s000013093,JMS9
s000013094,JMS9
s000002009,JMS9
s000013095,JMS9
s000013096,JMS9
s000008886,JMu3
s000000361,JMu3
s000013097,JMu3
s000013098,JMu3
s000013099,JMu3
s000002141,JMu3
s000005456,JMw10
s000005089,JMw10
s000006484,JMw10
s000003950,JN2
s000000791,JN2
s000001982,JN2
s000001305,JN2
s000002818,JN2
s000000156,JN2
s000003746,JN3
s000002427,JN3
s000005611,JN3
s000001844,JN3
s000002095,JN3
s000013100,JN3
s000000400,JN3
s000001103,JN3
s000003203,JN3
s000000005,JN3
s000000603,JN3
s000002196,JN7
s000001326,JN7
s000003793,JN9
s000006655,JN9
s000006645,JN9
s000001637,JN9
s000006799,JN10
s000000273,JN10
s000000545,JN10
s000004358,JN10
s000004140,JN10
s000005934,JN10
s000004782,JN10
s000001749,JN12
s000007547,JN12
s000001377,JN12
s000005151,JN12
s000005908,JN12
s000005811,JN12
s000005285,JN12
s000001165,JN13
s000006740,JN15
s000004197,JN15
s000005227,JN15
s000006806,JN15
s000006373,JN15
s000001469,JN15
s000002963,JN16
s000004907,JN16
s000000711,JN16
s000005811,JN16
s000001820,JN16
s000006566,JN19
s000006859,JN19
s000007085,JN19
s000006452,JN19
s000009316,JN19
s000005305,JN19
s000000049,JN19
s000000387,JN19
s000003151,JN19
s000006859,JN19
s000004313,JN20
s000000280,JN20
s000002384,JN20
s000005020,JN20
s000004283,JN20
s000006550,JN20
s000000880,JN20
s000011630,JN20
s000001119,JN20
s000006566,JN21
s000004112,JN21
s000003153,JN21
s000004907,JN21
s000000706,JN21
s000004141,JN21
s000005984,JN21
s000002301,JN21
s000013101,JN21
s000000230,JN23
s000000959,JN23
s000001119,JN23
s000005305,JN23
s000004355,JN23
s000013102,JN23
s000013103,JN23
s000008877,JN23
s000006302,JN25
s000003844,JN25
s000000842,JN25
s000001016,JN25
s000013104,JN25
s000013105,JN25
s000000165,JN31
s000011425,JN31
s000003804,JN31
s000006201,JN31
s000003235,JN31
s000009790,JN31
s000001842,JN31
s000013106,JnC1
s000005626,JnC1
s000013107,JnC1
s000003910,JnD6
s000013108,JnD6
s000001510,JnD6
s000013109,JnD6
s000000586,JnD10
s000004379,JnD10
s000006859,JnD10
s000005037,JnD11
s000004778,JnD11
s000013110,JnD11
s000011563,JnD11
s000004379,JnD28
s000004379,JnD31
s000002170,JnD36
s000013111,JnD36
s000001580,JnD36
s000013112,JnD36
s000000020,JnD36
s000006392,JnD36
s000013113,JnD39
s000000675,JnD39
s000013114,JnD39
s000004875,JnD39
s000013115,JnD39
s000005909,JnD39
s000013116,JnD39
s000013117,JnD39
s000006134,JNi1
s000006513,JNi1
s000001576,JNi1
s000011412,JNi1
s000000567,JNi1
s000003926,JNi1
s000004572,JNi10
s000005912,JNi10
s000000996,JNi10
s000000465,JNi10
s000003688,JNi10
s000008019,JNi10
s000000120,JNi10
s000001592,JNi10
s000000444,JNi10
s000004572,JNi20
s000003234,JNi20
s000006208,JNi20
s000013118,JNi20
s000006478,JNi20
s000000571,JNi20
s000002058,JNi20
s000003236,JNi20
s000013119,JNi20
s000003003,JnL10
s000008693,JnL10
s000006055,JnL10
s000013120,JnL10
s000007854,JnL10
s000013121,JnL10
s000013122,JnL10
s000013123,JnL10
s000013124,JnL10
s000013125,JnL10
s000000902,JnL10
s000013126,JnL10
s000013127,JnL10
s000013128,JnL10
s000013129,JnL10
s000013130,JnL10
s000004903,JnL12
s000009186,JnL12
s000013131,JnL12
s000006225,JnL12
s000002501,JnL12
s000004878,JnL12
s000013132,JnL12
s000005817,JnL12
s000004878,JnL12
s000004466,JnL13
s000005817,JnL13
s000008484,JnL13
s000000299,JnL13
s000006859,JnL13
s000006859,JnL13
s000002203,JnL13
s000002088,JnL15
s000001679,JnL15
s000006258,JnL15
s000011973,JnL15
s000002652,JnL15
s000000444,JnL15
s000009320,JnL15
s000013133,JnL18
s000001432,JnL18
s000006154,JnL18
s000013134,JnL18
s000013135,JnL18
s000006235,JnL18
s000013136,JnL18
s000004878,JnL18
s000001318,JNm25
s000005227,JNm25
s000011631,JNm25
s000011619,JNm25
s000000135,JNm25
s000013137,JNm25
s000006859,JNm25
s000006859,JNm25
s000004405,JNm30
s000001640,JNm30
s000005168,JNm30
s000002159,JNm30
s000004244,JNm40
s000000353,JNm40
s000013028,JNm40
s000001683,JNm40
s000000371,JNm60
s000006859,JNm60
s000000782,JNm61
s000003148,JNm61
s000006860,JNm61
s000006202,JNm61
s000006860,JNm61
s000006860,JNm61
s000006860,JNm61
s000006860,JNm61
s000001762,JNm62
s000013138,JNm62
s000002509,JNm63
s000004064,JNm63
s000013139,JNm64
s000013140,JNm64
s000004085,JNm64
s000002300,JNm65
s000004141,JNm65
s000002700,JNm65
s000007622,JNm65
s000004162,JNm66
s000013141,JNm66
s000007506,JNm66
s000013142,JNm67
s000003279,JNm67
s000004528,JNm67
s000003295,JNm68
s000006809,JNm68
s000013143,JNm68
s000013144,JNm68
s000003700,JNm69
s000000131,JNm69
s000005480,JnCN10
s000002258,JnCN10
s000006025,JnCN10
s000006867,JnCN10
s000013145,JnCN10
s000006860,JnCN10
s000006860,JnCN10
s000002957,JnN10
s000013146,JnN10
s000002639,JNo10
s000013147,JNo10
s000006859,JNo10
s000002422,JNs100
s000005080,JNs100
s000011116,JNs100
s000013148,JNs100
s000013149,JNs100
s000000241,JNs100
s000013150,JNs100
s000013151,JNs100
s000002629,JNs101
s000013152,JNs101
s000004451,JNs101
s000013153,JNs101
s000000166,JNs101
s000013154,JNs101
s000001419,JNs102
s000009620,JNs102
s000007626,JNs102
s000013155,JNs102
s000004220,JNs103
s000002885,JNs103
s000002595,JNs104
s000013156,JNs104
s000003938,JNs104
s000001365,JNs104
s000013157,JNs104
s000000363,JNs104
s000013158,JNs105
s000013159,JNs106
s000006356,JNs106
s000013160,JNs106
s000013161,JNs107
s000007848,JNs107
s000013162,JNs108
s000006953,JNs108
s000008253,JNs108
s000007628,JNs108
s000000320,JNs109
s000001320,JNs109
s000001858,JNs109
s000002431,JNs110
s000000880,JNs110
s000004374,JNs111
s000006741,JNs111
s000001264,JNs111
s000004345,JNs111
s000004840,JNs111
s000013163,JNs111
s000013164,JNs111
s000013165,JNs111
s000001264,JNs111
s000004345,JNs111
s000002629,JNs112
s000004805,JNs112
s000013166,JNs112
s000007639,JNs112
s000013167,JNs112
s000013168,JNs112
s000006859,JNs112
s000004263,JNs210
s000003023,JNs210
s000004112,JNs210
s000004096,JNs210
s000013169,JNs210
s000004193,JNs210
s000008532,JNs210
s000004990,JNs210
s000002511,JnT10
s000006022,JnT10
s000003440,JnT10
s000005078,JnT10
s000013170,JoA10
s000002771,JoA10
s000001900,JoA10
s000013171,JoA10
s000004103,JoA10
s000007698,JoA10
s000005736,JoA10
s000002269,JoA10
s000013172,JoA10
s000002743,JoA10
s000003502,JoA10
s000013173,JoA10
s000013174,JoA10
s000013175,JoA10
s000002258,JoA13
s000002072,JoA13
s000008380,JoA13
s000006723,JoA13
s000003133,JoA13
s000013176,JoA13
s000001221,JoA19
s000012699,JoA19
s000009449,JoA19
s000008001,JoA19
s000010973,JoA19
s000013177,JoB10
s000013178,JoB10
s000013179,JoB10
s000000945,JOC10
s000004495,JOC10
s000002105,JOC10
s000002332,JOC10
s000003028,JOC10
s000007155,JoD5
s000006782,JoD5
s000004245,JoD5
s000010132,JoD5
s000002252,JoD5
s000003401,JoD5
s000006885,JoD5
s000006859,JoD5
s000007325,JoD5
s000006476,JoD5
s000001618,JoD9
s000004064,JoD9
s000005909,JoD9
s000013180,JoD9
s000013181,JoD9
s000004245,JoD9
s000013182,JoD9
s000001501,JoD9
s000006885,JoD9
s000003846,JoD11
s000005995,JoD11
s000001722,JoD11
s000000970,JoD11
s000004943,JoD11
s000004064,JoD11
s000000753,JoD11
s000013183,JoD14
s000001013,JoD14
s000013184,JoD14
s000013185,JoD14
s000003783,JoD14
s000000690,JoD14
s000008248,JoD14
s000005078,JoD20
s000005731,JoD20
s000005470,JoD20
s000004064,JoD20
s000003637,JoD20
s000013186,JoD20
s000013094,JoD20
s000002580,JoD26
s000002009,JoD26
s000001576,JoD26
s000013187,JoD26
s000013183,JoD30
s000002320,JoD30
s000001013,JoD30
s000005056,JoD30
s000013188,JoD30
s000013189,JoD30
s000003576,JoD30
s000013190,JoD30
s000007666,JoD34
s000004384,JoD34
s000013191,JoD34
s000006859,JoD34
s000013192,JoD34
s000005555,JoD34
s000013193,JoD34
s000013194,JoD34
s000013195,JoF1
s000002072,JoF1
s000006649,JoF1
s000013196,JoF1
s000013197,JoF1
s000013198,JoF1
s000002961,JoF5
s000000321,JoF5
s000013199,JoF5
s000013200,JoF5
s000013201,JoF5
s000001693,JoF5
s000006860,JoF5
s000004354,JoG1
s000000658,JoG1
s000003108,JoG1
s000006232,JoG1
s000002616,JoG1
s000000776,JoG1
s000004035,JoG1
s000003687,JoG1
s000001291,JoG1
s000004354,JoG2
s000003153,JoG2
s000000031,JoG2
s000004035,JoG2
s000003687,JoG2
s000006549,JoG2
s000000436,JoG2
s000000517,JoG2
s000002839,JoL2
s000012568,JoL2
s000004625,JoL2
s000005459,JoL2
s000006015,JoL2
s000004653,JoL2
s000005341,JoL2
s000001976,JoL2
s000001952,JoL2
s000005673,JoL2
s000004313,JoL3
s000004475,JoL3
s000001976,JoL3
s000004653,JoL3
s000002712,JoL3
s000007638,JoL3
s000003502,JoL3
s000001230,JoL3
s000011619,JoL3
s000000700,JoL4
s000006324,JoL4
s000002203,JoL4
s000000854,JoL4
s000004317,JoL4
s000008932,JoL4
s000004764,JoL4
s000005816,JoL4
s000005606,JoL4
s000006470,JoL8
s000003023,JoL8
s000004021,JoL8
s000004572,JoL8
s000002521,JoL8
s000005521,JoL8
s000004161,JoL8
s000002627,JoL9
s000005178,JoL9
s000004543,JoL9
s000002730,JoL9
s000004495,JoL9
s000013202,JoM10
s000013203,JoM10
s000008852,JoM10
s000013204,JoM10
s000013205,JoM10
s000013206,JoM10
s000013207,JoM10
s000010838,JoM10
s000013208,JoM10
s000013209,JoM10
s000003503,JoM15
s000004921,JoM15
s000005318,JoM15
s000003601,JoM15
s000007457,JoM15
s000002810,JoM15
s000000971,JoM15
s000013210,JoM15
s000013211,JoM15
s000001709,JoO10
s000003017,JoO10
s000006493,JoO10
s000005221,JoO10
s000005804,JoP2
s000000690,JoP2
s000001808,JoP2
s000002247,JoP2
s000006945,JoP2
s000013212,JoP2
s000001436,JoP2
s000005453,JoP20
s000001039,JoP20
s000003008,JoP20
s000001762,JoP20
s000000874,JoP25
s000003887,JoP25
s000001878,JoP25
s000005824,JoP25
s000005123,JoP25
s000002431,JoP25
s000000284,JoP25
s000005241,JoP28
s000004578,JoP28
s000000711,JoP28
s000000570,JoP28
s000005025,JoP28
s000006785,JoP28
s000004508,JoP28
s000001900,JoP40
s000001186,JoP40
s000004196,JoP40
s000005626,JoP41
s000013213,JoP41
s000006242,JoP41
s000000387,JoP42
s000013214,JoP42
s000006859,JoP42
s000006859,JoP42
s000013215,JoP42
s000006859,JoP42
s000006859,JoP42
s000003035,JoP42
s000000866,JoP43
s000003379,JoP43
s000013216,JoP43
s000005793,JoP44
s000013217,JoP44
s000005783,JoP44
s000013218,JoP44
s000013219,JoP50
s000006859,JoP50
s000006859,JoP50
s000006859,JoP50
s000013220,JoP50
s000003542,JoP50
s000003602,JoQ10
s000000422,JoQ10
s000003618,JoQ10
s000005868,JoQ10
s000000788,JoQ10
s000006155,JoQ10
s000013221,JoR31
s000008816,JoR31
s000001360,JoR31
s000005331,JoR31
s000011073,JoR31
s000000279,JoR31
s000002418,JoR31
s000013222,JoR31
s000007671,JoR31
s000006227,JoS1
s000002470,JoS1
s000000420,JoS1
s000013223,JoS1
s000000846,JoS5
s000013224,JoS5
s000000309,JoS5
s000000356,JoS5
s000000922,JoS5
s000001581,JoS5
s000002176,JoS5
s000002275,JoS5
s000004889,JoS5
s000011758,JoS5
s000005411,JoS10
s000010955,JoS10
s000001437,JoS10
s000006833,JoS10
s000013225,JoS10
s000001159,JoS10
s000013226,JoS10
s000000727,JoS10
s000006050,JoS12
s000013227,JoS12
s000000285,JoS12
s000000313,JoS12
s000007045,JoS12
s000013228,JoS12
s000013229,JoS12
s000013230,JoS12
s000013231,JoS12
s000013232,JoS12
s000013233,JoS12
s000013234,JoS12
s000013235,JoS12
s000013236,JoS12
s000012272,JoS12
s000013237,JoS12
s000013238,JoS12
s000005331,JoS13
s000005594,JoS13
s000008367,JoS13
s000001597,JoS13
s000003143,JoS15
s000008486,JoS15
s000005531,JoS15
s000001681,JoS16
s000001763,JoS16
s000002771,JoS16
s000002058,JoS16
s000003320,JoS18
s000003143,JoS18
s000005585,JoS20
s000004669,JoS20
s000001142,JoS20
s000007718,JoS20
s000006196,JoS20
s000002375,JoS20
s000013239,JoS20
s000013240,JOx10
s000013241,JOx10
s000002596,JPa7
s000003534,JPa7
s000002596,JPa8
s000003534,JPa8
s000013242,JPa8
s000002596,JPa10
s000003534,JPa10
s000013243,JPa10
s000002596,JPa12
s000003534,JPa12
s000002276,JPa12
s000002596,JPa14
s000003534,JPa14
s000002276,JPa14
s000013244,JPd10
s000008481,JPe10
s000013245,JPe10
s000003464,JPH1
s000000273,JPH1
s000005382,JPH1
s000004389,JPH1
s000000243,JPH1
s000003827,JPH1
s000013246,JPH1
s000013247,JPH1
s000005092,JPH1
s000000671,JPH1
s000013248,JPH1
s000004239,JPH2
s000013249,JPH2
s000002861,JPH2
s000002014,JPH2
s000004601,JPH2
s000000393,JPH2
s000008646,JPH10
s000005434,JPH10
s000001561,JPH10
s000008766,JPH10
s000002123,JPH10
s000001545,JPH10
s000004620,JPH10
s000000492,JPK10
s000005560,JPK10
s000005914,JPK10
s000004242,JPK10
s000000755,JPK10
s000002308,JPK15
s000001479,JPK15
s000002207,JPK15
s000000596,JPL10
s000013250,JPL10
s000013251,JPL10
s000013252,JPM5
s000012596,JPM5
s000013253,JPM5
s000013253,JPM5
s000013254,JPM5
s000013255,JPM10
s000013256,JPM10
s000013257,JPM10
s000004319,JPR10
s000001555,JPR10
s000001568,JPR25
s000007326,JPR25
s000003534,JPt10
s000002596,JPt10
s000006859,JPt10
s000006859,JPt10
s000006859,JPt10
s000006859,JPt10
s000006859,JPt10
s000013258,JPy10
s000006859,JPy10
s000001539,JqA10
s000004388,JqA10
s000001510,JqA10
s000006417,JqA10
s000013259,JqA10
s000013260,JqA10
s000013261,JqB5
s000013262,JqB5
s000013263,JqB5
s000013264,JqB5
s000013265,JqB15
s000013266,JqB15
s000013267,JqB15
s000013268,JqB15
s000013269,JqB15
s000006859,JqB15
s000013270,JqB15
s000013271,JqB18
s000006859,JqB18
s000002240,JqB18
s000006859,JqB18
s000013272,JqB18
s000006859,JqB18
s000013273,JqB18
s000006859,JqB18
s000013274,JqB18
s000013275,JqB18
s000002240,JqB20
s000006399,JqB20
s000002107,JqB20
s000006289,JqB20
s000013276,JqB20
s000013277,JqB20
s000005988,JqB20
s000005202,JqB22
s000005744,JqB22
s000001456,JqB22
s000007754,JqB22
s000004303,JqB22
s000002170,JqB25
s000004365,JqB25
s000013278,JqB25
s000013256,JqB25
s000013279,JqB25
s000006392,JqB25
s000013280,JqB25
s000013281,JqB25
s000004924,JqB28
s000012987,JqB38
s000013282,JqB38
s000013283,JqB38
s000013284,JqB38
s000007321,JqD1
s000013285,JqD1
s000013286,JqD1
s000013277,JqD1
s000004365,JqD2
s000013287,JqD2
s000004365,JqD3
s000001555,JqD4
s000006399,JqD4
s000013288,JqD4
s000013286,JqD4
s000013289,JqD4
s000006859,JqD4
s000001555,JqD5
s000001665,JqD5
s000003250,JqD5
s000001028,JqD5
s000004938,JqD5
s000013290,JqD5
s000013291,JqD5
s000013292,JqD5
s000001656,JqD7
s000007311,JqD7
s000002825,JqD7
s000006654,JqD7
s000001669,JqD7
s000002975,JqD7
s000006859,JqD7
s000001555,JqD15
s000004012,JqD15
s000006859,JqD28
s000006859,JqD28
s000006859,JqD28
s000006859,JqF2
s000006859,JqF2
s000006859,JqF2
s000006859,JqF4
s000002188,JqF25
s000000273,JqF25
s000004492,JqF25
s000013293,JqF25
s000005132,JqF25
s000005401,JqF40
s000003154,JqF40
s000013294,JqF40
s000000020,JqF40
s000013295,JqF40
s000013296,JqR43
s000001612,JqF50
s000001646,JqF50
s000013297,JqF50
s000003715,JqF50
s000006266,JqF50
s000013298,JqF50
s000006262,JqF50
s000001133,JqF50
s000002585,JqF50
s000009225,JqM10
s000013299,JqM10
s000013300,JqM11
s000013301,JqM11
s000013302,JqM11
s000013303,JqR20
s000007099,JqR20
s000013296,JqR43
s000004938,JqR50
s000000418,JqR50
s000013304,JqR50
s000008426,JqR50
s000004938,JqR55
s000000418,JqR55
s000013304,JqR55
s000008426,JqR55
s000013305,JqS10
s000013306,JqS10
s000013307,JqS10
s000003154,JqT1
s000000405,JqT1
s000013308,JqT1
s000011563,JqT1
s000005766,JqT2
s000009097,JqT2
s000005816,JqT2
s000005134,JqT2
s000002855,JqT2
s000004500,JqT2
s000013309,JqT2
s000004680,JqT4
s000013310,JqT4
s000003923,JqT4
s000013311,JqT4
s000000449,JqT4
s000003089,JqT4
s000004298,JqT7
s000002431,JqT7
s000001679,JqT7
s000002025,JqT7
s000006568,JqT7
s000000742,JqT7
s000008476,JqT7
s000009482,JqT7
s000004340,JqT7
s000013312,JqT7
s000004641,JqT8
s000005473,JqT8
s000003391,JqT8
s000003781,JqT8
s000001258,JqT8
s000000149,JqT14
s000001372,JqT14
s000003822,JqT14
s000005650,JqT14
s000013313,JqT14
s000001556,JqT14
s000008860,JqT14
s000005180,JqT14
s000000433,JqT14
s000003633,JqT14
s000007331,JR1
s000005764,JR20
s000003921,JR20
s000013314,JR20
s000013315,JR20
s000005764,JR25
s000013316,JR25
s000013317,JR25
s000013318,JR25
s000001455,JR25
s000013319,JR25
s000013320,JR33
s000013320,JR35
s000002170,JR45
s000002069,JR45
s000013321,JR50
s000013322,JR50
s000013323,JR50
s000013324,JR50
s000008441,JR55
s000002141,JR55
s000002170,JR55
s000001407,JR55
s000004820,JR55
s000004303,JR55
s000011493,JR55
s000001455,JR55
s000013325,JR55
s000013319,JR55
s000013320,JR60
s000013326,JR60
s000002170,JR65
s000005766,JR65
s000008549,JR65
s000013261,JR65
s000013263,JR65
s000013324,JR65
s000001407,JR70
s000002434,JR70
s000013327,JR70
s000012595,JR70
s000013328,JR70
s000013329,JR70
s000004303,JR70
s000013330,JR70
s000013331,JR70
s000013332,JR70
s000011493,JR70
s000013327,JR70
s000013333,JR70
s000013334,JR70
s000013335,JR70
s000002984,JR75
s000000711,JR75
s000000408,JR75
s000000149,JR75
s000002293,JR75
s000000970,JR75
s000004789,JR75
s000000625,JR75
s000007317,JR75
s000003531,JR77
s000004677,JR77
s000005513,JR77
s000005799,JR77
s000010679,JR77
s000005816,JR77
s000013336,JR77
s000002549,JR77
s000008863,JR77
s000006859,JR77
s000005611,JR79
s000001976,JR79
s000000628,JR79
s000013337,JR79
s000002325,JR81
s000003565,JR81
s000004187,JR81
s000002667,JR81
s000000132,JR81
s000000400,JR81
s000005466,JR81
s000004761,JR81
s000005646,JR81
s000000484,JR85
s000013338,JR85
s000005473,JR85
s000003867,JR92
s000003462,JR92
s000013339,JR92
s000013340,JR92
s000002170,JR94
s000011818,JR94
s000000510,JR96
s000001967,JR96
s000003910,JR96
s000013341,JR96
s000013277,JR96
s000004594,JR96
s000013342,JR96
s000002411,JR96
s000013343,JR96
s000013344,JR96
s000000586,JRa10
s000013345,JrB10
s000006859,JrB10
s000006859,JrB10
s000006859,JrB10
s000006179,JrB10
s000006859,JrB10
s000006859,JrB10
s000013346,JrB10
s000006859,JrB10
s000006859,JrB10
s000000748,JrF10
s000003347,JrF10
s000003640,JrP10
s000013347,JrP10
s000004863,JrP10
s000001335,JrP10
s000001796,JrP20
s000003662,JrP20
s000000629,JrP20
s000005367,JrP20
s000005470,JrR10
s000009353,JrR10
s000013348,JrR10
s000013349,JrR10
s000006859,JrR10
s000003576,JrS10
s000009515,JrS10
s000013350,JrS10
s000012761,JrS10
s000013351,JrS10
s000006706,JrS10
s000006706,JrS10
s000009516,JrS10
s000005078,JRu1
s000006439,JRu1
s000000920,JRu1
s000012921,JRu2
s000010412,JRu2
s000013352,JRu2
s000006773,JRu3
s000008054,JRu3
s000013353,JRu3
s000007991,JRu3
s000007720,JRu3
s000007247,JRu3
s000013354,JRu3
s000013355,JRu3
s000005331,JRu5
s000008304,JRu5
s000009283,JRu5
s000013356,JRu12
s000000355,JRu12
s000002927,JRu12
s000013357,JRu12
s000013358,JRu12
s000013359,JRu12
s000013360,JRu12
s000013361,JRu12
s000013362,JRu12
s000013363,JRu14
s000006761,JRu14
s000006859,JRu14
s000013364,JRu14
s000008684,JRu14
s000012704,JRu14
s000013365,JRu14
s000003984,JS1
s000003985,JS1
s000002103,JS1
s000001734,JS1
s000003983,JS1
s000003987,JS1
s000001734,JS1
s000001782,JS1
s000013366,JS1
s000005464,JS1
s000013367,JS1
s000001782,JS1
s000013366,JS1
s000000794,JS42
s000013368,JS42
s000002884,JS42
s000005378,JS42
s000013369,JSa10
s000001735,JSb3
s000005049,JSb3
s000003666,JSb3
s000004410,JSb3
s000005557,JSb3
s000004767,JSb5
s000006731,JSb5
s000013370,JSb5
s000010232,JSb5
s000013371,JSb5
s000013372,JSb5
s000003163,JSb5
s000002000,JSb5
s000005851,JSb5
s000013373,JSb5
s000005528,JSb5
s000002511,JSb8
s000004767,JSb8
s000006275,JSb8
s000006571,JSb8
s000000710,JSb8
s000000070,JSb10
s000002614,JSb10
s000006020,JSb10
s000001680,JSb10
s000006235,JSb10
s000004540,JSb13
s000000910,JSb13
s000003017,JSb13
s000004943,JSb13
s000011742,JSb20
s000004338,JSb20
s000013374,JSb20
s000006571,JSb20
s000013375,JSb20
s000005197,JSb27
s000005376,JSb27
s000000301,JSb27
s000002139,JSb27
s000002435,JSb27
s000000866,JsC10
s000001812,JsC10
s000006414,JsC10
s000001066,JSd10
s000002683,JSd10
s000002470,JSd10
s000002488,JSd10
s000005318,JSb20
s000013376,JSb20
s000010609,JSb20
s000013377,JSb20
s000013378,JSb20
s000001608,JSe10
s000013379,JSe10
s000000620,JsF10
s000001047,JsF10
s000000420,JsF10
s000002377,JsF10
s000000427,JsF10
s000000246,JsF10
s000002521,JsF10
s000004448,JsF10
s000003244,JsF10
s000006108,JsF10
s000002775,JsF10
s000002363,JsF10
s000005176,JsF10
s000001626,JsF10
s000001966,JsF10
s000006859,JsF20
s000000443,JsF20
s000005073,JsF20
s000013380,JsF20
s000013381,JsF20
s000006859,JsF20
s000013382,JsF20
s000006859,JsF20
s000006235,JSg5
s000006383,JSg5
s000013383,JSg5
s000004059,JSg5
s000008259,JSg5
s000009570,JSg5
s000006383,JSg6
s000004059,JSg6
s000008259,JSg6
s000004021,JSg10
s000005674,JSg10
s000005339,JSg10
s000000320,JSg10
s000001129,JSg12
s000006823,JSg12
s000005221,JSg12
s000003935,JSg12
s000004047,JSg12
s000002864,JSg12
s000006623,JSg12
s000004715,JSg12
s000004867,JSg18
s000004678,JSg18
s000002022,JSg18
s000013384,JSg18
s000013385,JSg18
s000013386,JSg18
s000000172,JSg20
s000003167,JSg20
s000001154,JSg20
s000001365,JSg20
s000000959,JSg20
s000002479,JSg20
s000006487,JSg20
s000000910,JSg22
s000000580,JSg22
s000013387,JSg22
s000003625,JSg22
s000013388,JSg22
s000013389,JSg22
s000007269,JSg35
s000001541,JSg35
s000003339,JSg35
s000001499,JSh1
s000004656,JSh1
s000013390,JSh1
s000008676,JSh1
s000013391,JSh1
s000008306,JSh1
s000002627,JSh2
s000002975,JSh2
s000000497,JSh2
s000001499,JSh4
s000013392,JSh4
s000006173,JSh4
s000013393,JSh4
s000005174,JSh4
s000001499,JSh8
s000006541,JSh8
s000006859,JSi10
s000003014,JSk25
s000003672,JSk25
s000005890,JSk25
s000013394,JSk25
s000001596,JsL10
s000007932,JsL10
s000001669,JsL10
s000002400,JSn10
s000005500,JSn10
s000004532,JSn10
s000003959,JSn10
s000004786,JSo10
s000007311,JSo10
s000003471,JSo10
s000001852,JSo15
s000004845,JSo15
s000013395,JSo15
s000003502,JSo15
s000002491,JSo15
s000008875,JSp1
s000010440,JSp1
s000009360,JSp1
s000013396,JSp1
s000001427,JsS10
s000000278,JsS10
s000003601,JsS10
s000004607,JsS10
s000002016,JsS10
s000004020,JSq10
s000004406,JSq10
s000012069,JSq10
s000005127,JSt1
s000006534,JSt1
s000013397,JSt1
s000006859,JSv10
s000013398,JSv10
s000013399,JSv15
s000013400,JSv15
s000013401,JSy10
s000013402,JSy10
s000006859,JSy10
s000005557,JSz3
s000002217,JSz3
s000002566,JSz3
s000013403,JSz3
s000006859,JSz3
s000013404,JSz3
s000006859,JSz3
s000013405,JSz3
s000005197,JSz4
s000005653,JSz4
s000004981,JSz4
s000005693,JSz10
s000002069,JSz10
s000004525,JSz10
s000005795,JSz12
s000001735,JSz12
s000004752,JSz12
s000001928,JSz12
s000013406,JSz12
s000001249,JSz12
s000006500,JSz12
s000004069,JSz12
s000000608,JSz12
s000013407,JSz12
s000002483,JSz15
s000002217,JSz15
s000006859,JSz15
s000006859,JSz15
s000006859,JSz15
s000007479,JSz15
s000006859,JSz15
s000006859,JSz15
s000013408,JT1
s000013409,JT1
s000002112,JT1
s000013410,JT1
s000013408,JT2
s000013411,JT2
s000013412,JT2
s000013413,JT2
s000006105,JT3
s000013414,JT3
s000013415,JT3
s000013416,JT3
s000000198,JT3
s000013417,JT3
s000006105,JT4
s000013418,JT4
s000013419,JT4
s000013420,JT4
s000006105,JT5
s000005970,JtF1
s000013421,JtF1
s000013422,JtF1
s000013423,JtF1
s000013424,JtF1
s000013425,JtF1
s000013426,JtF1
s000003406,JtF1
s000013427,JtF1
s000005581,JtF1
s000006767,JtF1
s000008853,JtF1
s000005970,JtF3
s000006859,JtF3
s000006859,JtF3
s000006859,JtF3
s000013421,JtF3
s000006859,JtF3
s000006859,JtF3
s000006859,JtF3
s000006859,JtF3
s000013428,JtF3
s000006859,JtF3
s000009764,JtF3
s000013429,JtF3
s000004683,JTg4
s000013430,JTg5
s000013431,JTg5
s000002707,JTg5
s000013432,JTg5
s000004494,JTg5
s000003746,JTg7
s000003783,JTg7
s000002926,JTg7
s000000343,JTg7
s000000625,JTg7
s000008960,JTg7
s000001044,JTg7
s000006383,JTh10
s000003196,JTh10
s000013433,JTh10
s000005842,JTh10
s000009711,JTh10
s000001918,JTh10
s000013434,JTh10
s000004796,JTh10
s000013435,JTl9
s000001928,JTl9
s000002915,JTl9
s000006439,JTl9
s000013436,JTl9
s000000654,JTl9
s000003218,JTl9
s000013437,JTl9
s000013438,JTl9
s000006167,JTM10
s000002030,JTM10
s000004886,JTM10
s000006383,JTM10
s000005548,JTM10
s000003044,JTM10
s000001270,JTM10
s000013439,JTo3
s000004631,JTo3
s000002043,JTo3
s000003234,JTo3
s000004152,JTo3
s000000141,JTo3
s000005130,JTo3
s000001132,JTo3
s000005294,JTo5
s000013440,JTo7
s000013441,JTo7
s000013442,JTo7
s000013443,JTo7
s000013444,JTo7
s000013445,JTo7
s000013446,JTo7
s000013447,JTo7
s000013448,JTo7
s000013449,JTo7
s000001693,JTo15
s000010495,JTo15
s000013450,JTo15
s000013451,JTu10
s000013452,JTu10
s000000908,JTu10
s000012973,JTu14
s000002868,JTu14
s000013453,JTu14
s000013454,JTu14
s000001774,JTu14
s000013455,JTu14
s000006699,JTu15
s000000371,JuA100
s000002222,JuA100
s000005080,JuA101
s000005189,JuA101
s000006267,JuA102
s000000508,JuA102
s000003363,JuA102
s000008442,JuA102
s000000332,JuA102
s000013456,JuA102
s000013457,JuA102
s000003132,JuA103
s000011667,JuA103
s000013458,JuA103
s000003693,JuA103
s000009119,JuA103
s000013459,JuA103
s000013460,JuA103
s000005999,JuA104
s000001195,JuA104
s000005999,JuA104
s000000363,JuA104
s000013461,JuA104
s000001879,JuA105
s000001849,JuA105
s000003132,JuA106
s000001751,JuA106
s000011867,JuA106
s000001195,JuA107
s000004926,JuB100
s000001036,JuB100
s000005182,JuB100
s000013462,JuB100
s000013463,JuB100
s000013464,JuB100
s000005925,JuB100
s000013465,JuB100
s000001192,JuB101
s000010862,JuB101
s000007628,JuB101
s000013466,JuB101
s000006683,JuB102
s000012385,JuB102
s000000406,JuB102
s000013467,JuB102
s000003338,JuB102
s000013468,JuB102
s000002810,JuB103
s000001682,JuB104
s000006859,JuB104
s000003938,JuB104
s000004415,JuB104
s000006859,JuB104
s000000405,JuD3
s000003803,JuD3
s000002170,JuD5
s000002170,JuD7
s000002170,JuD8
s000000315,JuD8
s000001407,JuD8
s000013469,JuD8
s000013470,JuD8
s000013471,JuD8
s000000450,JuD9
s000000405,JuD9
s000005107,JuD9
s000003154,JuD9
s000000589,JuD9
s000001963,JuD9
s000006700,JuD9
s000005401,JuD9
s000002226,JuD10
s000003387,JuD10
s000005110,JuD10
s000000243,JuD10
s000013472,JuD10
s000002760,JuD10
s000002341,JuD10
s000002949,JuD10
s000013473,JuD10
s000000678,JuD13
s000002037,JuD13
s000005347,JuD13
s000006531,JuD13
s000002707,JuD13
s000005354,JuD13
s000005372,JuD13
s000003531,JuD13
s000006832,JuD13
s000004292,JuD13
s000007342,JuD13
s000005395,JuD13
s000004836,JuD13
s000003468,JuD13
s000002095,JuD13
s000000125,JuD13
s000004789,JuD13
s000005513,JuD13
s000001459,JuD13
s000005426,JuD13
s000013474,JuD13
s000005764,JuD15
s000008886,JuD15
s000012791,JuD15
s000003602,JuD16
s000004349,JuD16
s000005272,JuD16
s000003712,JuD16
s000002920,JuD16
s000003822,JuD16
s000002375,JuD16
s000002694,JuD16
s000001963,JuD19
s000001025,JuD19
s000005350,JuD20
s000013475,JuD20
s000011566,JuD20
s000003407,JuJ1
s000002415,JuJ1
s000013476,JuJ1
s000001375,JuJ1
s000003407,JuJ2
s000004732,JuJ2
s000002242,JuJ2
s000002242,JuJ3
s000009793,JuJ3
s000002242,JuJ4
s000013477,JuJ5
s000013478,JuJ5
s000003407,JuJ10
s000011920,JuJ10
s000013479,JuJ10
s000013480,JuJ10
s000013481,JuJ10
s000013482,JuJ15
s000013483,JuJ15
s000003407,JuJ15
s000013484,JuJ15
s000003355,JuJ17
s000002937,JuJ17
s000013485,JuJ17
s000013486,JuJ19
s000013487,JuJ19
s000006859,JuJ19
s000007532,JuS10
s000000669,JuS10
s000002871,JuS10
s000004685,JuS10
s000006462,JuS10
s000007595,JuS10
s000013488,JuS10
s000013489,JuS10
s000008875,JuS10
s000013490,JuS10
s000013491,JuT5
s000013492,JuT5
s000013493,JuT5
s000001472,JuT15
s000002334,JuT15
s000000974,JuT15
s000013494,JuT15
s000013495,JuT15
s000013496,JuW10
s000001455,JVi10
s000013497,JVi10
s000013498,JVi10
s000013499,JVi10
s000013500,JVi11
s000013501,JVi23
s000004820,JVi23
s000013502,JVi23
s000005764,JVi23
s000013503,JVi23
s000013504,JVK30
s000001695,JVK30
s000006054,JVK30
s000000400,JVK30
s000000956,JVK30
s000004717,JVK30
s000006859,JVK30
s000003600,JVK35
s000003976,JVK35
s000000684,JVK35
s000001530,JVK35
s000003545,JVK35
s000013505,JVK35
s000013506,JVK35
s000006859,JVm10
s000006859,JVm10
s000006859,JVm10
s000006859,JVm10
s000013507,JVm17
s000013508,JVm17
s000013509,JVm17
s000013510,JVm17
s000013511,JVm17
s000012141,JVm17
s000013512,JVm17
s000013513,JVm17
s000013514,JVm17
s000013515,JVm17
s000013516,JVm17
s000013517,JVm17
s000013518,JVm17
s000007590,JVm17
s000013519,JVm17
s000013520,JVm17
s000013521,JVD5
s000001124,JW1
s000013522,JW1
s000003689,JW1
s000002454,JW1
s000007067,JW1
s000013523,JW1
s000001469,JW1
s000003196,JW2
s000001139,JW2
s000001124,JW2
s000009161,JW2
s000013524,JW2
s000013523,JW2
s000002154,JW2
s000000461,JW2
s000001680,JW4
s000003531,JW4
s000004005,JW4
s000003196,JW4
s000006155,JW4
s000004343,JW4
s000006032,JW4
s000013525,JW4
s000013526,JW4
s000005113,JW6
s000006032,JW6
s000003196,JW9
s000003468,JW9
s000003468,JW9
s000006155,JW9
s000001139,JW9
s000001140,JW9
s000002821,JW9
s000002154,JW9
s000000970,JW9
s000004661,JW9
s000002719,JW9
s000008620,JW9
s000013527,JW9
s000001749,JW11
s000003120,JW11
s000004378,JW11
s000005347,JW11
s000006733,JW11
s000004083,JW11
s000010635,JW11
s000000125,JW11
s000004483,JW11
s000013528,JW11
s000013529,JW11
s000013530,JW11
s000001140,JW11
s000006606,JW11
s000013531,JW11
s000002705,JW17
s000006666,JW17
s000002528,JW17
s000005315,JW17
s000003891,JW17
s000000484,JW17
s000005567,JW17
s000006375,JW17
s000001893,JW18
s000000484,JW18
s000005513,JW18
s000005047,JW18
s000000322,JW18
s000006552,JWa1
s000006645,JWa1
s000002657,JWa1
s000000636,JWa1
s000000261,JWa1
s000006558,JWa1
s000001339,JWa1
s000006705,JWa1
s000000884,JWa1
s000006552,JWa2
s000003059,JWa2
s000002990,JWa2
s000005236,JWa2
s000005980,JWa2
s000013532,JWa2
s000012909,JWB10
s000013533,JWB10
s000013534,JWB10
s000006567,JWe1
s000000075,JWe1
s000000636,JWe1
s000005352,JWe1
s000013535,JWe1
s000006112,JWe1
s000013536,JWe1
s000006567,JWe3
s000004645,JWe3
s000003600,JWe3
s000003587,JWe3
s000001591,JWe3
s000002015,JWe3
s000003982,JWe3
s000004267,JWe3
s000003901,JWe3
s000006567,JWe5
s000013537,JWe6
s000001229,JWe6
s000004531,JWe6
s000013538,JWe6
s000002033,JWe6
s000000581,JWe6
s000006567,JWe7
s000006567,JWe12
s000004377,JWe12
s000001873,JWe12
s000013539,JWe12
s000013540,JWe12
s000013541,JWg10
s000006859,JWg10
s000003221,JWH30
s000003534,JWH40
s000002596,JWH40
s000001998,JWH40
s000003534,JWH48
s000002596,JWH48
s000013542,JWH48
s000003534,JWH50
s000002596,JWH50
s000004217,JWH50
s000013543,JWH50
s000002171,JWH60
s000003534,JWH70
s000002596,JWH70
s000009163,JWH70
s000013544,JWH70
s000013545,JWH70
s000001998,JWH70
s000013546,JWH70
s000002361,JWH70
s000013547,JWH70
s000000461,JWH70
s000003534,JWH80
s000002596,JWH80
s000013548,JWH80
s000001998,JWH80
s000013549,JWH80
s000013550,JWH100
s000013551,JWH100
s000004644,JWH100
s000013552,JWH100
s000001281,JWR8
s000006506,JWR8
s000003752,JWR8
s000004389,JWR8
s000001629,JWR9
s000000090,JWR9
s000000454,JWR9
s000013553,JWR9
s000006468,JWR9
s000001231,JWR9
s000013554,JWR9
s000013555,JWR9
s000006053,JWR9
s000000875,JWR9
s000011145,JWR9
s000013556,JWR9
s000006756,JWR12
s000003706,JWR12
s000005272,JWR12
s000000090,JWR12
s000002498,JWR12
s000004391,JWR13
s000000212,JWR13
s000000884,JWR13
s000000379,JWR13
s000003257,JWR13
s000006001,JWR13
s000002973,JWR13
s000004059,JWy10
s000013557,JWy10
s000013558,JWy10
s000013558,JWy10
s000013559,JWy15
s000013560,JWy15
s000013561,JWy15
s000013562,JWy15
s000013563,JyR2
s000013563,JyR2
s000002970,JyR2
s000003764,JyR2
s000005376,JyR2
s000006452,JyR2
s000002418,JyR2
s000006818,JyR2
s000013564,JyR2
s000011477,JyR2
s000013563,JyR4
s000013563,JyR4
s000013565,JyR4
s000013563,JyR4
s000010495,JyR4
s000006452,JyR4
s000003764,JyR4
s000002418,JyR4
s000006818,JyR4
s000013566,JyR4
s000007039,JyR4
s000002970,JyR4
s000003222,JZa10
s000006020,JZa10
s000001343,JZa10
s000007883,JZa10
s000013567,JZa10
s000006394,JZa10
s000001557,JZa10
s000008349,JZa10
s000004588,JZa10
s000013568,JZa10
s000000249,JzG10
s000013569,JzG10
s000013570,JzG10
s000002318,JZi10
s000000428,JZi10
s000002898,JZi10
s000000124,JZi10
s000006626,JZi10
s000013571,JzS10
s000006065,JZu10
s000004338,JZu10
s000002333,JZu10
s000013572,JZu10
s000007834,JZu10
s000011734,JZu10
s000013573,JZu10
s000013574,JZu10
s000013572,JZu10
s000001679,JZu15
s000001576,JZu15
s000002869,JZu15
s000013575,JZu15
s000000223,JZu15
s000013576,JZu15
s000013577,KaA9
s000005964,KaA9
s000013578,KaA9
s000002605,KaA10
s000012853,KaA10
s000002714,KaA10
s000003440,KaA10
s000003374,KaA10
s000006859,KaS20
s000006859,KaS20
s000007349,KBg8
s000007679,KBg8
s000012629,KBg8
s000002742,KBg8
s000013579,KBg8
s000013580,KBg8
s000006169,KBg8
s000013581,KBg8
s000006065,KBg10
s000007837,KBg10
s000000846,KBg10
s000013582,KBg10
s000013583,KBg10
s000008710,KBg10
s000008249,KBg10
s000013584,KBg10
s000013585,KBg10
s000013586,KBg10
s000007453,KBg15
s000000395,KBg15
s000006594,KBi5
s000013587,KBi5
s000003992,KBi5
s000006049,KBi5
s000001131,KBi5
s000003039,KBi5
s000001679,KBi10
s000000802,KBi10
s000001810,KBi10
s000013588,KBi10
s000013589,KBi10
s000005503,KBi10
s000000697,KBr1
s000005590,KBr1
s000013590,KBr1
s000003039,KBr1
s000001554,KBr1
s000008693,KBr1
s000000595,KBr1
s000013591,KBr1
s000013592,KBr1
s000004104,KBr1
s000005928,KBr1
s000006173,KBr1
s000013593,KBr1
s000010859,KBr1
s000002850,KBr1
s000000697,KBr3
s000000697,KBr3
s000006173,KBr3
s000006173,KBr3
s000003039,KBr3
s000007980,KBr3
s000005586,KBr3
s000006689,KBr3
s000013594,KBr10
s000013595,KBr10
s000013596,KBr10
s000008119,KBr12
s000009461,KBr12
s000000697,KBr12
s000005432,KBr12
s000006173,KBr12
s000013597,KBr12
s000013598,KBr12
s000009461,KBr12
s000012220,KBr12
s000006524,KBr14
s000007837,KBr14
s000000697,KBr14
s000006173,KBr14
s000012851,KBr14
s000003223,KBr14
s000012399,KBr14
s000013599,KBr14
s000000595,KBr14
s000013600,KBr14
s000006859,KBr14
s000013601,KBr14
s000006859,KBr14
s000000697,KBr16
s000000697,KBr18
s000003039,KBr18
s000000595,KBr18
s000001096,KBr18
s000000595,KBr18
s000006732,KBr18
s000013602,KBr18
s000013603,KBr18
s000007443,KBr18
s000006689,KBr18
s000002776,KBr18
s000003612,KBr18
s000001360,KBr18
s000013604,KBr18
s000001568,KBr18
s000004264,KBr18
s000002272,KBr18
s000001554,KBr18
s000000240,KBr18
s000013605,KBu50
s000002139,KBw10
s000003311,KCm10
s000004068,KCo15
s000006558,KCo10
s000004091,KCo15
s000004880,KCo15
s000013606,KCo15
s000013607,KCo15
s000013608,KCo15
s000013609,KCo15
s000013610,KCo15
s000012780,KCo15
s000004264,KCo20
s000007311,KCo20
s000000558,KCo20
s000001391,KCo20
s000002771,KCo20
s000004068,KCo22
s000001685,KCo22
s000002283,KCo22
s000006491,KCo22
s000005292,KCo22
s000000734,KCo22
s000001513,KCo22
s000003576,KCo25
s000005399,KCo25
s000001391,KCo25
s000006178,KDo10
s000008852,KDo10
s000013611,KDo10
s000013612,KDo10
s000013300,KDr15
s000013613,KDr15
s000013614,KDr15
s000013615,KDr15
s000006330,KeA10
s000006228,KeA10
s000001366,KeA10
s000013616,KeA10
s000006228,KeA19
s000013617,KeA19
s000002657,KeA19
s000001783,KeA19
s000002599,KeA19
s000003012,KeA19
s000010690,KeA19
s000004022,KeA19
s000006155,KeA19
s000004264,KeA23
s000004112,KeA23
s000003816,KeA23
s000004455,KeA23
s000002687,KeA23
s000003349,KeA23
s000001265,KeA23
s000004807,KeA23
s000013618,KeA25
s000013619,KeA25
s000004930,KeA25
s000006077,KeA25
s000006548,KeA25
s000002355,KeA25
s000004298,KeA26
s000002037,KeA26
s000004231,KeA31
s000006636,KeA31
s000004390,KeA31
s000006077,KeA31
s000006142,KeA31
s000002087,KeA31
s000005847,KeA31
s000002151,KeA31
s000013620,KeA31
s000006431,KeA31
s000013621,KeA31
s000002791,KeA31
s000005359,KeA31
s000006493,KeA31
s000005785,KeA31
s000001851,KeA31
s000001303,KeA31
s000003030,KeA31
s000007869,KeA31
s000013622,KeA31
s000013623,KeA31
s000002037,KeA32
s000005674,KeA32
s000005473,KeA32
s000000149,KeA32
s000004327,KeA32
s000002591,KeA32
s000000157,KeA32
s000005542,KeA32
s000001249,KeA34
s000004341,KeA34
s000001388,KeA34
s000008548,KeA34
s000001084,KeA34
s000006142,KeA34
s000002151,KeA34
s000002573,KeA34
s000002680,KeA34
s000006077,KeA34
s000002776,KeA36
s000004185,KeA36
s000001775,KeA36
s000013624,KeA36
s000006859,KeA36
s000000725,KeA38
s000003407,KeA38
s000000146,KeA38
s000000727,KeA38
s000001966,KeA38
s000002529,KeA38
s000002637,KeA38
s000006655,KeA38
s000001531,KeA38
s000004152,KeA38
s000001439,KeA38
s000013625,KeA43
s000013626,KeA43
s000013627,KeA43
s000013628,KeA43
s000013629,KeA43
s000001722,KeA43
s000013630,KeA43
s000013631,KeA43
s000013632,KeA43
s000010982,KeA43
s000013633,KeA43
s000001296,KeC1
s000012444,KeC1
s000002419,KeC1
s000013634,KeC1
s000013635,KeC1
s000013636,KeC1
s000008286,KeC1
s000011555,KeC1
s000013637,KeC1
s000013638,KeC1
s000013639,KeC1
s000013640,KeC1
s000001296,KeC5
s000002871,KeC5
s000013641,KeC5
s000013642,KeC5
s000001296,KeC7
s000013643,KeC7
s000002016,KeD10
s000002727,KeD10
s000004830,KeD10
s000003280,KeD10
s000007000,KeG10
s000008003,KeG10
s000012513,KeG10
s000013644,KeG10
s000011969,KeG10
s000013645,KeG10
s000009763,KeG10
s000006859,KeG10
s000013646,KeH10
s000012756,KeH10
s000000530,KeH10
s000013647,KeH10
s000013648,KeH10
s000003034,KeH10
s000001296,KeR10
s000002139,KeR10
s000006859,KeR10
s000006997,KeR10
s000013649,KeR10
s000004153,KeR10
s000004010,KeR10
s000005794,KeR10
s000007595,KeR10
s000013650,KeR10
s000001066,KeS10
s000004968,KeS10
s000013651,KeS10
s000013652,KeS10
s000013653,KeS10
s000002703,KFi10
s000000727,KFi10
s000002517,KFi10
s000005670,KFi10
s000000834,KFi10
s000001224,KFi10
s000004578,KFi10
s000006235,KFi10
s000001532,KFi10
s000001881,KFi10
s000002400,KFi10
s000013654,KFi10
s000000633,KFi10
s000006418,KFi10
s000006859,KFi10
s000003196,KFr1
s000003091,KFr1
s000010674,KFr1
s000003896,KFr1
s000007371,KFr1
s000003110,KFr1
s000004431,KFr1
s000006368,KFr1
s000013655,KFr1
s000006409,KFr1
s000003746,KFr10
s000001698,KFr10
s000001139,KFr10
s000009974,KFr10
s000003783,KFr10
s000002276,KFr10
s000013656,KFu10
s000013657,KFu10
s000013658,KFu10
s000013658,KFu10
s000013659,KFu10
s000013659,KFu10
s000013660,KFu10
s000001224,KFu30
s000002051,KFu30
s000005748,KFu30
s000006056,KFu30
s000006383,KFu30
s000002980,KFu30
s000003279,KFu30
s000001085,KFu30
s000003901,KgD10
s000004607,KgD10
s000010479,KgD10
s000004086,KgD10
s000001943,KgD10
s000013143,KgD10
s000011396,KgD10
s000006848,KHe10
s000013661,KHe10
s000013662,KHi20
s000003417,KHt1
s000013663,KHt1
s000013664,KHt1
s000013665,KHt1
s000013666,KHt1
s000013667,KHt1
s000013668,KHt1
s000013669,KHt1
s000013670,KHt1
s000013671,KHt1
s000004222,KHt1
s000006859,KHt5
s000003075,KHu13
s000006859,KHu13
s000006859,KHu13
s000006859,KHu13
s000006352,KHu18
s000002920,KHu18
s000003075,KHu18
s000002727,KHu18
s000002151,KHu18
s000002791,KHu18
s000002627,KHu19
s000007547,KHu19
s000004390,KHu19
s000006306,KHu19
s000001997,KHu19
s000001410,KHu19
s000013672,KHu19
s000005044,KHu21
s000006243,KHu21
s000001189,KHu21
s000003616,KHu21
s000006600,KHu22
s000001543,KHu22
s000001410,KHu22
s000001388,KHu22
s000005903,KHu22
s000001251,KHu22
s000002562,KHu22
s000004332,KHu22
s000004079,KHu22
s000004950,KHu22
s000013673,KIW10
s000013674,KKw10
s000001410,KKw10
s000003878,KKw10
s000008680,KKw10
s000013675,KKw10
s000013676,KKw10
s000013677,KKw10
s000013678,KLe1
s000013679,KLe1
s000006632,KLe1
s000004373,KLe1
s000013680,KLe1
s000013681,KLe1
s000013682,KLe1
s000013683,KLo15
s000013684,KLo15
s000005884,KLo15
s000013685,KLo40
s000013686,KLo40
s000007758,KLo43
s000011562,KLo43
s000013687,KLo43
s000013688,KLo46
s000013495,KLo46
s000013687,KLo46
s000013689,KLo48
s000013690,KLo48
s000008692,KLo51
s000006859,KLo51
s000013691,KLo51
s000006859,KLo55
s000006859,KLo55
s000013692,KLo56
s000011993,KMa10
s000013693,KMz55
s000007286,KMz55
s000013694,KMz55
s000007286,KMz57
s000013695,KMz70
s000007282,KMz70
s000007286,KMz70
s000006859,KMz75
s000006859,KMz75
s000006859,KMz75
s000013696,KMz75
s000006859,KMz75
s000013697,KoI10
s000011640,KoI10
s000013698,KoI10
s000010859,KOr1
s000009795,KOr1
s000007730,KOr1
s000001763,KOr1
s000009564,KOr1
s000009127,KOr1
s000004221,KOr2
s000004814,KOr2
s000008013,KOr2
s000013699,KOr2
s000013193,KOr2
s000013700,KOr2
s000009495,KOr2
s000013701,KPe10
s000013702,KPe10
s000001679,KrD10
s000003631,KrD10
s000000698,KrD10
s000013703,KrD10
s000001692,KrD10
s000011680,KrD10
s000013704,KrK30
s000013705,KrK30
s000013706,KrK30
s000003038,KrK35
s000003038,KrK35
s000013707,KrK35
s000013708,KrK35
s000006859,KrK35
s000007454,KrK38
s000007757,KrK38
s000006859,KrK38
s000013709,KrK39
s000001541,KrK39
s000003029,KRu2
s000000747,KRu2
s000003663,KRu2
s000000398,KRu2
s000005187,KRu2
s000005178,KRu4
s000005187,KRu4
s000006311,KRu6
s000008094,KRu6
s000010883,KRu6
s000003029,KRu6
s000013710,KRu6
s000013711,KRu6
s000004178,KRu6
s000013712,KRu6
s000013713,KRu6
s000006724,KRu6
s000005187,KRu8
s000000165,KRu8
s000004572,KRu8
s000006642,KRu8
s000003093,KRu8
s000001111,KRu8
s000006303,KRu8
s000013714,KRu8
s000001411,KRu9
s000010501,KRu9
s000003303,KRu9
s000013715,KRu9
s000003637,KRu9
s000003172,KRu9
s000013716,KRu9
s000013715,KRu9
s000013717,KRu9
s000013718,KRu10
s000000959,KRu10
s000004932,KRu10
s000003184,KRu10
s000013719,KRu10
s000013720,KRu10
s000002543,KRu10
s000013721,KRu10
s000008164,KRu10
s000001613,KRu10
s000003663,KRu10
s000003172,KRu10
s000002978,KRu12
s000000766,KRu12
s000002523,KRu12
s000006301,KRu16
s000004891,KRu16
s000013722,KRu16
s000008136,KRu20
s000005520,KRu20
s000005271,KRu20
s000001655,KRu22
s000006859,KRu22
s000013723,KRu22
s000006875,KRu22
s000008147,KRu22
s000006859,KRu22
s000003029,KRu23
s000006875,KRu25
s000001655,KRu25
s000013724,KRu25
s000003029,KRu25
s000008094,KRu25
s000002730,KRu25
s000005294,KRu28
s000013725,KRu28
s000002460,KRu28
s000008821,KRu28
s000013726,KRu28
s000008151,KRu30
s000001709,KRu32
s000005187,KRu32
s000002005,KRu32
s000003265,KRu32
s000000595,KRu32
s000009258,KRu32
s000013727,KRu37
s000013728,KRu37
s000002001,KRz4
s000001980,KRz4
s000005334,KRz4
s000005415,KRz4
s000000298,KRz4
s000003014,KRz4
s000005178,KRz14
s000006505,KRz14
s000005928,KRz14
s000002577,KRz14
s000013729,KRz14
s000013730,KRz14
s000000866,KRz25
s000013731,KRz25
s000000956,KRz25
s000005851,KRz25
s000013732,KRz25
s000006823,KRz25
s000004603,KRz32
s000006581,KRz32
s000004385,KRz32
s000004013,KRz32
s000006850,KRz32
s000005666,KRz32
s000006020,KRz36
s000001183,KRz36
s000013733,KRz36
s000013734,KRz36
s000004124,KRz36
s000013735,KRz36
s000013736,KRz36
s000006505,KRz36
s000003503,KRz40
s000003503,KRz40
s000002617,KRz40
s000006571,KRz40
s000001135,KRz40
s000005883,KRz40
s000006729,KRz50
s000004603,KRz50
s000013737,KRz50
s000008313,KRz50
s000009449,KRz50
s000001238,KRz50
s000003024,KRz50
s000006501,KRz50
s000013738,KTI10
s000013739,KTI10
s000013740,KTI10
s000003341,KSa10
s000009610,KSa10
s000003133,KSh10
s000002371,KSh10
s000006317,KSh10
s000013741,KSh10
s000008300,KSh10
s000013742,KSm1
s000000044,KSm3
s000009262,KSm3
s000007458,KSm5
s000000044,KSm5
s000006997,KSm5
s000008409,KSm5
s000008723,KSm5
s000013743,KSm5
s000013744,KSm5
s000013745,KSm5
s000013746,KSm5
s000013747,KSm5
s000000938,KSm5
s000001619,KSp1
s000008003,KSp1
s000009431,KSp1
s000013748,KSp1
s000012975,KSp1
s000013749,KSR20
s000013749,KSR30
s000013750,KSR30
s000013751,KSR30
s000009376,KSR30
s000005786,KSR35
s000013752,KSR35
s000003438,KSR35
s000000374,KSR35
s000005666,KSt10
s000013753,KSt10
s000013754,KSt10
s000013755,KSt10
s000013756,KSt10
s000013757,KSt10
s000013758,KSt10
s000013759,KSt10
s000013760,KuA10
s000013761,KuA10
s000013762,KuA10
s000013763,KuA10
s000013764,KuA10
s000013765,KuA10
s000002672,KuF10
s000013766,KuF10
s000013767,KuF10
s000011806,KuF10
s000013768,KuF10
s000013769,KuF10
s000013770,KuF10
s000013771,KuF10
s000013772,KuF10
s000011806,KuF11
s000013773,KuF11
s000009117,KuN4
s000001591,KuN4
s000005399,KuN4
s000004771,KuN4
s000009934,KuN4
s000002054,KuN4
s000002669,KuN4
s000000243,KuN5
s000006032,KuN5
s000000205,KuN5
s000003781,KuN5
s000006756,KuN12
s000001325,KuN12
s000005092,KuN12
s000013774,KuN12
s000002713,KuN14
s000004764,KuN14
s000003955,KuN14
s000005047,KuN14
s000002135,KuN14
s000006575,KuN30
s000003158,KuN30
s000005694,KuN30
s000004757,KuN30
s000013775,KuN30
s000006575,KuN33
s000009772,KuN33
s000003158,KuN33
s000000368,KuN33
s000002824,KuN33
s000006575,KuN36
s000013775,KuN36
s000005694,KuN36
s000008865,KuN36
s000001388,KuN40
s000003537,KuN40
s000013776,KuN40
s000000163,KuN40
s000013777,KuN40
s000009601,KuN40
s000004643,KuN40
s000006371,KuN40
s000000347,KuN42
s000013778,KuN42
s000013779,KuN42
s000013780,KuN42
s000000834,KuN42
s000013781,KuN42
s000000701,KuN42
s000013782,KuN42
s000009097,KuN42
s000000408,KuN45
s000013783,KuN45
s000008770,KuN45
s000004490,KuN45
s000002028,KuN45
s000013784,KuN45
s000013785,KuN45
s000010834,KuN46
s000003167,KuN46
s000013786,KuN46
s000000347,KuN49
s000004371,KuN49
s000006290,KuN49
s000004668,KuN49
s000002028,KuN49
s000013787,KuN49
s000013788,KuN50
s000004764,KuN50
s000005047,KuN50
s000013789,KuN50
s000003955,KuN50
s000013790,KuN50
s000002277,KV23
s000002300,KV24
s000002277,KV24
s000013791,KV24
s000002884,KV24
s000001467,KV25
s000013792,KV25
s000013793,KV25
s000013794,KV25
s000013795,KV25
s000004476,KV26
s000000607,KV26
s000005315,KV26
s000013796,KV26
s000009806,KV27
s000002527,KV27
s000009663,KV27
s000004363,KV27
s000013797,KV27
s000004478,KV27
s000008640,KV27
s000007066,KV27
s000013798,KV27
s000000441,KV32
s000001254,KV32
s000004082,KV34
s000002553,KV34
s000001542,KV34
s000001252,KV38
s000005919,KV38
s000007074,KV38
s000006422,KV38
s000000454,KV38
s000009023,KV38
s000007085,KV40
s000009161,KV40
s000005726,KV40
s000004707,KV40
s000002528,KV40
s000003871,KV40
s000002858,KV40
s000006468,KV40
s000007934,KV40
s000001496,KV40
s000006249,KV42
s000006831,KV42
s000002981,KV42
s000006779,KV42
s000000049,KV43
s000013799,KV43
s000002705,KV43
s000001496,KV43
s000002949,KV43
s000001650,KV50
s000005263,KV50
s000005080,KV50
s000000008,KV50
s000004140,KV50
s000002707,KV54
s000013800,KV54
s000003250,KV54
s000005757,KV54
s000000671,KV54
s000003413,KV54
s000000182,KV54
s000009210,KV54
s000013801,KV54
s000001749,KV55
s000000678,KV55
s000001153,KV55
s000002136,KV55
s000004840,KV55
s000003135,KV56
s000001297,KV56
s000004867,KV56
s000000379,KV56
s000002300,KV56
s000002984,KV56
s000003955,KV56
s000000545,KV56
s000003748,KV56
s000006145,KV56
s000000927,KV56
s000003413,KV56
s000000570,KV56
s000001252,KV58
s000004515,KV58
s000004005,KV58
s000005816,KV58
s000001683,KV58
s000002949,KV58
s000001192,KV58
s000012755,KV58
s000001305,KV58
s000009808,KV59
s000008480,KV59
s000000721,KV59
s000006544,KV59
s000005388,KV59
s000001697,KV59
s000013802,KV59
s000003135,KV60
s000002776,KV60
s000003880,KV60
s000002987,KV60
s000001679,KV61
s000001318,KV61
s000006267,KV61
s000000906,KV61
s000002028,KV61
s000013803,KV61
s000000636,KV61
s000001317,KV61
s000001493,KV62
s000000874,KV62
s000004283,KV62
s000003238,KV62
s000006294,KV62
s000000455,KV62
s000006980,KV62
s000002037,KV64
s000002755,KV64
s000001967,KV64
s000003714,KV64
s000002861,KV64
s000002219,KV64
s000001818,KV64
s000002957,KvR10
s000006859,KvR10
s000013804,KvR10
s000007268,KvR10
s000013805,KvR10
s000005737,KvR10
s000006859,KvR10
s000012706,KvR10
s000013806,KvR10
s000013807,KvR10
s000013808,KvR10
s000000844,KvR10
s000013809,KvY10
s000006146,KW10
s000003601,KW10
s000013810,KWW8
s000013811,KWW8
s000013812,KWW8
s000013813,KWW8
s000013814,KWW10
s000013815,KWW10
s000013078,KWW14
s000013749,KWW14
s000006859,KWW14
s000009194,KWW14
s000013816,KWW14
s000010108,KWW14
s000013814,KWW16
s000013817,KZs18
s000013818,KZs18
s000013819,KZs18
s000000700,LaB10
s000003982,LaB10
s000004468,LaB10
s000003238,LaB10
s000002028,LaB10
s000006128,LaB10
s000002509,LaB30
s000013820,LaB30
s000010697,LaB31
s000001609,LaB31
s000005002,LaC20
s000005359,LaC20
s000005760,LaC20
s000003069,LaC20
s000002017,LaC20
s000002149,LaC20
s000013821,LaC20
s000001920,LaC25
s000004479,LaC25
s000004838,LaC25
s000002788,LaC25
s000000240,LaC35
s000001920,LaC35
s000004668,LaC35
s000002962,LaC35
s000001556,LaC35
s000010763,LaC35
s000013822,LaC35
s000013823,LaC35
s000013524,LaH10
s000002836,LaH10
s000004941,LaH10
s000013824,LaH10
s000003413,LaH10
s000002872,LaH10
s000002447,LaH10
s000002728,LaJ13
s000005530,LaJ13
s000000321,LaJ13
s000003334,LaJ13
s000002729,LaJ13
s000002182,LaJ13
s000006775,LaJ18
s000001760,LaJ18
s000002066,LaJ18
s000005446,LaJ18
s000006018,LaJ20
s000005294,LaJ20
s000003015,LaJ20
s000003919,LaJ20
s000002934,LaJ20
s000004239,LAl2
s000002981,LAl2
s000005451,LAl2
s000001338,LAl2
s000005787,LAl2
s000010862,LAl2
s000001880,LAl2
s000004500,LAl2
s000004082,LAl4
s000005451,LAl4
s000003955,LAl4
s000013825,LAl4
s000013826,LAl4
s000006302,LAl17
s000006036,LAl17
s000003095,LAl17
s000001221,LAl17
s000006301,LaK1
s000002978,LaK1
s000013827,LaK1
s000001437,LaK1
s000006859,LaK1
s000000497,LaK2
s000001144,LaK2
s000002334,LaK2
s000002978,LaK2
s000003364,LaK2
s000004968,LaK2
s000006208,LaK2
s000006682,LaK2
s000013828,LaK2
s000001296,LaK9
s000003364,LaK9
s000002319,LaK9
s000002978,LaK13
s000006301,LaK13
s000001472,LaK13
s000013829,LaK13
s000007487,LaK13
s000005976,LaK13
s000008380,LaK13
s000013830,LaK13
s000013831,LaK13
s000013832,LaK13
s000006322,LaK14
s000003364,LaK14
s000004979,LaK14
s000002978,LaK14
s000007837,LaK14
s000001013,LaK14
s000008829,LaK14
s000004937,LaK14
s000003364,LaK15
s000002319,LaK15
s000006767,LaK15
s000007451,LaK15
s000003974,LaK15
s000012444,LaK15
s000005470,LaK16
s000003364,LaK16
s000013833,LaK18
s000005078,LaK18
s000002511,LaK18
s000007584,LaK18
s000002605,LaK18
s000013834,LaK18
s000009353,LaK18
s000013835,LaK18
s000004676,LaK18
s000009550,LaK18
s000008380,LaK18
s000008066,LaK18
s000013836,LaK18
s000013837,LaK18
s000006330,LAn1
s000001735,LAn1
s000007061,LAn1
s000003704,LAr2
s000003996,LAr2
s000000888,LAr2
s000002391,LAr2
s000003704,LAr4
s000003996,LAr4
s000003130,LAr4
s000005362,LAr4
s000005227,LAr4
s000005885,LAr4
s000000270,LAr4
s000010690,LAr4
s000002878,LAr4
s000001669,LAr8
s000012010,LaW10
s000013838,LaW10
s000013839,LaW10
s000013840,LaW10
s000013841,LaW10
s000013842,LaW10
s000007160,LB1
s000013843,LB1
s000013844,LB1
s000013845,LB1
s000013846,LB2
s000013847,LB2
s000013848,LB2
s000013849,LB2
s000013850,LB2
s000013851,LB9
s000006859,LB9
s000013852,LB9
s000006859,LB9
s000006859,LB9
s000004678,LB13
s000013853,LB13
s000001516,LB14
s000013854,LB14
s000013855,LB14
s000013856,LB14
s000001947,LB18
s000013857,LB19
s000006859,LB19
s000013857,LB24
s000013858,LB24
s000013858,LB25
s000013859,LB25
s000013860,LB25
s000013861,LB25
s000004365,LB26
s000013862,LB26
s000004938,LB26
s000013863,LB26
s000010735,LB27
s000013864,LB27
s000001555,LB28
s000006143,LB30
s000002112,LB30
s000005655,LB30
s000005591,LB30
s000004938,LB30
s000001375,LB30
s000005238,LB32
s000001555,LB32
s000000252,LB33
s000007015,LB33
s000005238,LB33
s000005655,LB33
s000001005,LB33
s000002112,LB33
s000007099,LB33
s000013865,LB33
s000013866,LB33
s000004938,LB33
s000006427,LB34
s000000720,LB34
s000013867,LB34
s000005238,LB35
s000000658,LB35
s000004309,LB35
s000013868,LBe10
s000012894,LBe10
s000013869,LBe10
s000004365,LBe10
s000013870,LBe10
s000013871,LBe10
s000013872,LBe10
s000013873,LBe10
s000008000,LBe15
s000005003,LBe15
s000013874,LBe15
s000006859,LBe16
s000013875,LBe16
s000002969,LBF10
s000001033,LBF10
s000003944,LBu1
s000004479,LBu1
s000011099,LBu1
s000000270,LBu1
s000000046,LBn10
s000013876,LBn10
s000006859,LBn10
s000013877,LBn30
s000013878,LBn30
s000013879,LBv10
s000013880,LBv10
s000013881,LBx4
s000013882,LBx4
s000013883,LBx4
s000013883,LBx5
s000013884,LBx5
s000013885,LBx5
s000013882,LBx5
s000013881,LBx5
s000013882,LBx6
s000013885,LBx6
s000013882,LBx6
s000013883,LBx6
s000013886,LBx6
s000013881,LBx6
s000013887,LCa10
s000006859,LCa10
s000004938,LCa10
s000007454,LCa10
s000007454,LCa14
s000013887,LCa14
s000003397,LCh1
s000001724,LCh1
s000013888,LCh1
s000006695,LCh2
s000012086,LCh2
s000006859,LCh5
s000003207,LCh14
s000006859,LCh14
s000001325,LCh15
s000001966,LCh15
s000004818,LCh15
s000013889,LCh15
s000006235,LCh15
s000002849,LCh15
s000009749,LCh15
s000013890,LCh15
s000001453,LCh15
s000002679,LCh15
s000003937,LCh15
s000001724,LCh15
s000004601,LCh15
s000004385,LCh25
s000001115,LCh25
s000000969,LCh25
s000005419,LCh25
s000013891,LCh25
s000012998,LCh31
s000005329,LCh39
s000003133,LCh39
s000006299,LCh39
s000013892,LCh39
s000000854,LCh39
s000013893,LCh39
s000000389,LCh45
s000006866,LCl10
s000013894,LCl10
s000013895,LCl10
s000006859,LCl10
s000001970,LCo10
s000001435,LCo10
s000002615,LCo10
s000000507,LCo10
s000000129,LCo10
s000013896,LCo10
s000004983,LCo10
s000006859,LcP15
s000006859,LcP15
s000006859,LcP15
s000000859,LCs10
s000005198,LCs10
s000013897,LCs10
s000013898,LCs10
s000002101,LDc5
s000006362,LDF10
s000005212,LDF10
s000001586,LDF10
s000004614,LDF10
s000000648,LDF10
s000002249,LDF10
s000005419,LDF10
s000013899,LDo10
s000013900,LDo10
s000013901,LDo10
s000008806,LDo10
s000008522,LeG12
s000006385,LeG12
s000001861,LeG12
s000001861,LeG12
s000001043,LeG23
s000000778,LeG33
s000002679,LeG33
s000013902,LeG36
s000009583,LeG36
s000001160,LeG36
s000003393,LeG36
s000013903,LeG36
s000013904,LeG36
s000002759,LeG36
s000002508,LeG40
s000003140,LeG40
s000013905,LeG40
s000004643,LeG40
s000005816,Leh10
s000002431,Leh10
s000006569,Leh10
s000002194,Leh20
s000001975,Leh20
s000001719,Leh21
s000009749,Leh21
s000005934,Leh21
s000006859,Leh21
s000007085,LeJ8
s000002037,LeJ8
s000012703,LeJ8
s000004083,LeJ8
s000005280,LeJ8
s000003891,LeJ8
s000009022,LeJ8
s000000599,LeJ10
s000006859,LeJ10
s000006552,LeJ10
s000004219,LeJ10
s000004191,LeJ10
s000006841,LeJ10
s000000363,LeJ10
s000009919,LeJ10
s000003755,LeJ10
s000006859,LeJ10
s000006327,LeJ10
s000013906,LeJ10
s000006859,LeJ10
s000006859,LeJ10
s000013907,LeJ10
s000013908,LeJ10
s000013909,LeJ10
s000013910,LeJ10
s000000234,LeJ10
s000002405,LeJ10
s000000599,LeJ12
s000000351,LeJ12
s000000575,LeJ12
s000002904,LeJ12
s000000469,LeJ12
s000000602,LeJ12
s000004661,LeJ12
s000002390,LeK10
s000004241,LeK10
s000005493,LeK10
s000003238,LeK10
s000006785,LeK10
s000000820,LeK10
s000001168,LeK10
s000013911,LeK10
s000000906,LeK10
s000005670,LeN3
s000004585,LeN3
s000003246,LeN3
s000001658,LeN3
s000003379,LeN3
s000013912,LeN3
s000013913,LeN3
s000006085,LeN3
s000000132,LeN3
s000007698,LeN3
s000013914,LeN3
s000002862,LeN3
s000005746,LeN3
s000005670,LeN4
s000004585,LeN4
s000002786,LeN4
s000003246,LeN4
s000013915,LeN4
s000004905,LeN4
s000004571,LeN4
s000005580,LeN4
s000006795,LeN4
s000013916,LeN4
s000003379,LeN4
s000005633,LeN8
s000002496,LeN8
s000001437,LeN8
s000006860,LeN8
s000006258,LeN8
s000007247,LeN8
s000002849,LeN8
s000002486,LeN8
s000003222,LeN10
s000004510,LeN10
s000004521,LeN10
s000006412,LeN10
s000005318,LeN10
s000000454,LeN10
s000006790,LeN10
s000002462,LeN10
s000006656,LeN12
s000003444,LeN12
s000004007,LeN12
s000005056,LeN12
s000013917,LeN12
s000003027,LeN12
s000013918,LeN12
s000008214,LeN12
s000013919,LeN12
s000013920,LeN12
s000013830,LeN12
s000004528,LeP10
s000000151,LeP10
s000000717,LeP10
s000009742,LeP10
s000006859,LeP10
s000013921,LeP10
s000005282,LeR5
s000013922,LeR15
s000005282,LeR25
s000013923,LeS80
s000013924,LeS80
s000006745,LeS80
s000013925,LeS80
s000006739,LeS100
s000001513,LeS110
s000006170,LeS110
s000000834,LeS110
s000001858,LeS110
s000000997,LeS110
s000013926,LeB10
s000005164,LeB10
s000006859,LeB10
s000006859,LeB10
s000006859,LeB10
s000013927,LeB10
s000010449,LeB10
s000010449,LeB10
s000001840,LeG5
s000006385,LeG10
s000006092,LFo10
s000006142,LFo10
s000005634,LFo10
s000006821,LFo10
s000013928,LFo10
s000003587,LFo10
s000013929,LFr10
s000008188,LFZ1
s000003601,LFZ1
s000001831,LFZ1
s000013930,LFZ1
s000011222,LFZ1
s000013931,LFZ1
s000011222,LFZ1
s000006859,LFl30
s000006859,LFl50
s000013932,LFl70
s000013933,LFl70
s000013934,LFl70
s000013935,LgC10
s000006915,LgC10
s000003713,LgC10
s000013936,LgC30
s000013937,LgC30
s000013938,LgC30
s000013939,LgC30
s000013940,LgC30
s000013941,LgC30
s000005204,LGG10
s000004480,LGG10
s000001289,LGG10
s000004562,LGr10
s000000609,LGr10
s000002257,LGr10
s000002210,LGr10
s000004087,LGr10
s000004935,LGr10
s000001729,LGr10
s000002133,LGr10
s000007414,LGt19
s000006809,LGt19
s000005921,LGt19
s000012657,LGt19
s000004495,LGt19
s000003228,LGt19
s000002825,LGt19
s000001556,LGt19
s000003372,LGt19
s000000877,LGt23
s000004184,LGt23
s000001980,LGt23
s000003971,LGt23
s000000216,LGt23
s000002074,LGt23
s000006740,LGt23
s000000747,LGt23
s000001827,LGt23
s000001221,LGt25
s000002557,LGt25
s000003687,LGt25
s000002403,LGt25
s000004976,LGt25
s000003570,LGt25
s000006456,LGt25
s000001661,LGt25
s000004035,LGt25
s000003378,LGt25
s000004354,LGt31
s000003314,LGt31
s000000281,LGt31
s000003167,LGt31
s000004035,LGt31
s000013942,LGt31
s000002372,LGt31
s000003570,LGt31
s000013943,LGt31
s000001585,LGt31
s000013944,LGt31
s000013945,LGt31
s000004354,LGt32
s000001086,LGt32
s000003730,LGt32
s000003314,LGt32
s000013945,LGt32
s000004035,LGt32
s000005148,LGt32
s000001136,LGt32
s000000877,LGt33
s000006490,LGt33
s000006860,LGt33
s000013946,LGt33
s000001193,LGt40
s000006859,LGt40
s000001237,LGt40
s000012735,LGt45
s000009712,LGt45
s000012830,LGt45
s000013947,LGt45
s000013948,LGt45
s000006488,LGt45
s000006740,LGt45
s000012446,LGt45
s000002302,LHa1
s000013949,LHa1
s000003653,LHa1
s000000946,LHa1
s000003340,LHa1
s000013950,LHa1
s000013951,LHa1
s000013952,LHa1
s000013953,LHa1
s000002961,LHa5
s000001709,LHa5
s000007041,LHa5
s000005524,LHa5
s000005423,LHa5
s000012495,LHa10
s000013954,LHa10
s000007883,LHa10
s000013955,LHa10
s000009071,LHa10
s000005912,LHa10
s000005563,LHa10
s000013956,LHa10
s000002318,LHa10
s000006154,LHa16
s000013957,LHa16
s000000877,LHa16
s000007454,LHa17
s000010611,LHa17
s000008271,LHa17
s000004687,LHa17
s000012495,LHa17
s000012726,LHa17
s000012980,LHa17
s000013958,LHa17
s000000915,LHe2
s000006859,LHe2
s000006859,LHe2
s000002101,LHe4
s000013959,LHe10
s000013327,LHe10
s000013960,LHe10
s000013961,LHe30
s000013962,LHh10
s000003440,LHh10
s000006833,LHh10
s000011706,LHh10
s000013963,LHh10
s000013964,LHh10
s000013965,LHh10
s000013966,LHh10
s000002363,LHK3
s000004774,LHK3
s000002065,LHK3
s000002160,LHK3
s000004774,LHK3
s000001721,LHK12
s000004324,LHK12
s000000814,LHK12
s000003790,LHK12
s000002871,LHM10
s000006463,LHM10
s000005341,LHM3
s000002591,LHM3
s000002438,LHM3
s000001365,LHM3
s000003981,LHM3
s000000580,LHM3
s000006677,LHM3
s000001173,LHM10
s000002488,LHM10
s000000104,LHM10
s000013967,LHM10
s000013968,LHM10
s000013969,LHM10
s000013970,LHM10
s000006859,LHM10
s000006859,LHM10
s000006598,LHM15
s000013971,LHM15-
s000005395,LHM15
s000004187,LHM15
s000004192,LHM15
s000004500,LHM15
s000002567,LHM15
s000002907,LHo1
s000002907,LHo2
s000004587,LHo2
s000003094,LHo2
s000001366,LHo2
s000002878,LHo2
s000002627,LiA10
s000005334,LiA10
s000000582,LiA10
s000000287,LiA10
s000002653,LiA10
s000003762,LiA10
s000013972,LiA10
s000000695,LiA10
s000004089,LiA20
s000006759,LiA20
s000006519,LiA20
s000006059,LiA20
s000004605,LiA20
s000013973,LiA20
s000003762,LiA20
s000007863,LiA20
s000000695,LiA20
s000004089,LiA30
s000005334,LiA30
s000005272,LiA30
s000004282,LiA30
s000001469,LiA50
s000002300,LiA50
s000005047,LiA50
s000005852,LiA50
s000012026,LiA50
s000013974,LiA50
s000005912,LiA50
s000001071,LiB1
s000002510,LiB1
s000013975,LiB1
s000006222,LiB1
s000013976,LiB1
s000006001,LiB1
s000009915,LiB1
s000000379,LiB2
s000006832,LiB2
s000003196,LiB2
s000003706,LiB2
s000013977,LiB2
s000013978,LiB2
s000004363,LiB2
s000004238,LiB2
s000004231,LIC10
s000003409,LIC10
s000003176,LIC10
s000001763,LIC20
s000004681,LIC20
s000001434,LIC20
s000000563,LIC30
s000003764,LIC30
s000004063,LIC30
s000005341,LIC30
s000003925,LIC30
s000008816,LIC30
s000013979,LIC40
s000013980,LiH10
s000013981,LiH10
s000013982,LiH10
s000013983,LiH10
s000005801,LiH10
s000013984,LiH10
s000013985,LiS10
s000002974,LiS10
s000013986,LiS10
s000013987,LiS10
s000000810,LiS10
s000013988,LiW7
s000013989,LiW8
s000013988,LiW8
s000013990,LiW8
s000002265,LiW9
s000004169,LiW9
s000002265,LiW10
s000005238,LiW10
s000005993,LiW10
s000006424,LiW10
s000001236,LiW10
s000013991,LiW10
s000001624,LiW10
s000001521,LiW10
s000000112,LiW10
s000004012,LiW14
s000003744,LiW14
s000002265,LiW14
s000004969,LiW20
s000013992,LiW25
s000003744,LiW25
s000013993,LiW30
s000006682,LiY20
s000005725,LiY20
s000001354,LiY20
s000005795,LiY20
s000006859,LiY20
s000005708,LJe1
s000004200,LJe1
s000000048,LJe1
s000001335,LJe1
s000013994,LJe1
s000013995,LJe1
s000013996,LJe1
s000004495,LJe2
s000001669,LJe2
s000006419,LJe2
s000003707,LJe2
s000013997,LJe2
s000000084,LJe2
s000013998,LJe2
s000013999,LJe2
s000014000,LJe4
s000006629,LJe4
s000014001,LJe4
s000014002,LJe4
s000005445,LJo10
s000002464,LJo10
s000005993,LKa1
s000003695,LKa1
s000014003,LKa1
s000014004,LKa1
s000014005,LKa1
s000006575,LLa5
s000014006,LLa5
s000005474,LLa5
s000006086,LLa5
s000014007,LLa5
s000006575,LLa10
s000014008,LLa10
s000014009,LLa10
s000014010,LLa10
s000000376,LlB21
s000000484,LlB21
s000002941,LlB21
s000011944,LlB21
s000003725,LlB21
s000000874,LlB35
s000000599,LlB35
s000003227,LlB35
s000005012,LlB35
s000004115,LlB35
s000003308,LlB35
s000001648,LlB35
s000002760,LlB35
s000001636,LlB35
s000000551,LlB35
s000001019,LlB35
s000004644,LlB35
s000001215,LlB35
s000000410,LlB36
s000005547,LlB36
s000001431,LlB36
s000000714,LlB36
s000005012,LlB36
s000005372,LlB36
s000003308,LlB36
s000004193,LlB36
s000014011,LlB36
s000014012,LlB36
s000014013,LlB36
s000003119,LlB40
s000002103,LlB40
s000001542,LlB40
s000001281,LlB40
s000005012,LlB40
s000001469,LlB53
s000000613,LlB53
s000003486,LlB53
s000003089,LlB53
s000001103,LlB53
s000014014,LlB53
s000004202,LlB53
s000003077,LlB53
s000004650,LlB55
s000005707,LlB55
s000000613,LlB55
s000008625,LlB55
s000005546,LlB55
s000005354,LlB57
s000000798,LlB57
s000011166,LlB57
s000001648,LlB57
s000003077,LlB57
s000003677,LlB57
s000002926,LlB57
s000009210,LlB57
s000014015,LlB57
s000000714,LlB61
s000014016,LlB61
s000004857,LlB61
s000004115,LlB61
s000003148,LlB61
s000012066,LlB62
s000000613,LlB62
s000003491,LlB62
s000001338,LlB62
s000005925,LlB62
s000014017,LlB62
s000004217,LlB62
s000008511,LlB62
s000000625,LlB62
s000014018,LlB62
s000014019,LlB62
s000004238,LlB62
s000014020,LlB62
s000010506,LlB62
s000006859,LlB62
s000005104,LlB64
s000000613,LlB64
s000002839,LlB64
s000005359,LlB64
s000000798,LlB64
s000003257,LlB64
s000004837,LlB64
s000004717,LlB64
s000012755,LlB64
s000004650,LlB67
s000005167,LlB67
s000001338,LlB67
s000000394,LlB67
s000005080,LlB67
s000014021,LlB67
s000005354,LlB68
s000005852,LlB68
s000000613,LlB68
s000001338,LlB68
s000000454,LlB68
s000003077,LlB68
s000011591,LlB68
s000003239,LlB68
s000001241,LlB68
s000008508,LlB68
s000003492,LlB68
s000002486,LlB68
s000009128,LlB68
s000008654,LlB68
s000000613,LlB78
s000004005,LlB78
s000002528,LlB78
s000000561,LlB78
s000002677,LlB83
s000004857,LlB83
s000003952,LlB83
s000002428,LlB83
s000003013,LlB83
s000014022,LlB83
s000004837,LlB83
s000005950,LlB85
s000002677,LlB85
s000010790,LlB85
s000002192,LlB85
s000014023,LlB85
s000002123,LlB85
s000004533,LlB85
s000000317,LlB90
s000002839,LlB90
s000002233,LlB95
s000005342,LlB95
s000001492,LlB95
s000000386,LlB95
s000004193,LlB95
s000014024,LlB97
s000004298,LlB97
s000012095,LlB97
s000007545,LlB97
s000002054,LlB97
s000005453,LlB100
s000014025,LlB100
s000005382,LlB100
s000014026,LlB100
s000013779,LlB100
s000014027,LlB100
s000014028,LlB100
s000013100,LlB100
s000006591,LlB100
s000005889,LlB100
s000014029,LlB100
s000014030,LlB100
s000004625,LlB100
s000003534,LlF1
s000002596,LlF1
s000003681,LlF1
s000000034,LlF1
s000004338,LLG10
s000014031,LlH10
s000006859,LlH10
s000014032,LlH10
s000014033,LlH10
s000000497,LLl10
s000010460,LLl10
s000005043,LM2
s000004351,LM2
s000006924,LM2
s000003769,LM2
s000000273,LM9
s000006754,LM9
s000006045,LM9
s000006786,LM9
s000014034,LM9
s000014035,LM9
s000000075,LM9
s000004183,LM9
s000000648,LM9
s000006167,LM9
s000004180,LM10
s000004650,LM10
s000000722,LM10
s000002884,LM10
s000001014,LM10
s000005998,LM10
s000006045,LM10
s000001326,LM11
s000002984,LM11
s000002199,LM11
s000000628,LM11
s000003308,LM11
s000001344,LM15
s000004194,LM15
s000005434,LM15
s000014036,LM15
s000003793,LM15
s000006705,LM15
s000014037,LM15
s000006261,LM15
s000004187,LM17
s000007086,LM17
s000005910,LM17
s000000545,LM17
s000000614,LM17
s000006618,LM17
s000001976,LM17
s000014038,LM17
s000002032,LM20
s000005707,LM20
s000014039,LM20
s000000132,LM20
s000002363,LM20
s000001174,LM20
s000001439,LM20
s000000956,LM20
s000001622,LM20
s000000416,LM20
s000002121,LM20
s000006158,LM20
s000000149,LM22
s000001235,LM22
s000002390,LM22
s000014040,LM22
s000003634,LM22
s000007615,LM22
s000003731,LM22
s000000149,LM25
s000001235,LM25
s000002848,LM25
s000003013,LM25
s000014041,LM25
s000000727,LM25
s000005896,LM26
s000002716,LM26
s000001679,LM26
s000000132,LM26
s000005604,LM26
s000014042,LM26
s000000510,LM29
s000000678,LM29
s000003531,LM29
s000000879,LM29
s000005227,LM32
s000004563,LM32
s000002498,LM32
s000004777,LM32
s000000700,LM38
s000002915,LM38
s000002627,LM38
s000014043,LM38
s000014044,LM38
s000000416,LM100
s000005914,LM100
s000005772,LM110
s000003964,LM110
s000003542,LM110
s000014045,LM110
s000001235,LM110
s000001609,LM110
s000005395,LM110
s000006865,LM110
s000000474,LM110
s000006803,LM110
s000006094,LM110
s000005748,LM110
s000009828,LM110
s000006859,LM110
s000006859,LM110
s000006859,LM110
s000006859,LM110
s000006859,LM110
s000006859,LM110
s000004365,LMa2
s000005397,LMa2
s000006392,LMa2
s000005008,LMa2
s000014046,LMa2
s000001480,LMa2
s000014047,LMa4
s000014048,LMa4
s000000340,LMa5
s000004012,LMa5
s000000340,LMa10
s000014049,LMa10
s000002562,LMa10
s000006859,LMa10
s000001968,LMa18
s000003999,LMa18
s000014050,LMa18
s000002240,LMa18
s000014051,LMa19
s000005714,LMa21
s000005531,LMa21
s000000971,LMa21
s000001909,LMa21
s000014052,LMa21
s000005551,LMa21
s000005683,LMa23
s000002435,LMa23
s000003466,LMa24
s000005531,LMa24
s000005209,LMa24
s000006049,LMa24
s000004882,LMa26
s000006501,LMa26
s000005683,LMa26
s000005290,LMa26
s000005749,LMa26
s000000335,LMa26
s000001269,LMa26
s000004938,LMa35
s000004278,LMa35
s000008973,LMa35
s000013882,LMa35
s000014053,LMa35
s000014054,LMa35
s000014055,LMa35
s000014056,LMa35
s000013329,LMa35
s000003014,LMa37
s000007454,LMa37
s000009113,LMa37
s000008118,LMa37
s000000331,LMa37
s000000959,LMa37
s000004347,LMa40
s000005683,LMa40
s000013147,LMa40
s000006859,LMa40
s000005806,LMa40
s000000917,LMC6
s000005326,LMC6
s000006831,LMC6
s000014057,LMC6
s000004238,LMC6
s000000439,LMC6
s000004494,LMC6
s000011945,LMC6
s000002384,LMC6
s000002325,LMC6
s000014058,LMC6
s000000317,LMC6
s000014059,LMC6
s000003984,LMC9
s000003985,LMC9
s000003983,LMC9
s000003987,LMC9
s000001734,LMC9
s000003278,LMC9
s000000879,LMC9
s000006238,LMC9
s000014060,LMC9
s000003531,LMC12
s000000617,LMC12
s000005434,LMC12
s000004967,LMC12
s000006832,LMC12
s000002994,LMC12
s000000821,LMC12
s000014061,LMC12
s000014062,LMC12
s000003691,LMC13
s000004180,LMC13
s000006131,LMC13
s000003827,LMC13
s000002199,LMC13
s000000338,LMC13
s000005886,LMC13
s000004357,LMC14
s000000628,LMC14
s000004292,LMC14
s000000293,LMC14
s000002548,LMC14
s000001749,LMC15
s000002392,LMC15
s000000454,LMC15
s000009023,LMC15
s000001373,LMC15
s000014063,LMC15
s000001211,LMC15
s000000228,LMC15
s000001749,LMC16
s000000678,LMC16
s000014064,LMC16
s000000671,LMC16
s000000103,LMC16
s000014065,LMC16
s000001344,LMC18
s000002014,LMC18
s000005953,LMC18
s000004115,LMC18
s000000775,LMC18
s000003699,LMC18
s000008444,LMC18
s000002548,LMC18
s000001344,LMC19
s000000510,LMC19
s000006255,LMC19
s000002199,LMC19
s000001648,LMC19
s000006687,LMC19
s000004661,LMC19
s000004623,LMC19
s000002392,LMC23
s000003293,LMC23
s000001561,LMC23
s000004843,LMC23
s000004544,LMC23
s000000526,LMe10
s000014066,LMe10
s000014067,LMe10
s000014068,LMe10
s000006689,LMf10
s000014069,LMg10
s000002850,LMg10
s000006859,LMg10
s000007311,LMg10
s000014070,LMg10
s000006696,LMg10
s000000170,LMg10
s000002375,LMg10
s000014071,LMg10
s000000992,LMg10
s000014072,LMg10
s000014073,LMi5
s000014074,LMi5
s000007832,LMo10
s000008545,LMo10
s000006859,LMo10
s000014075,LMy3
s000014076,LMy3
s000014077,LMy3
s000014078,LMy3
s000014079,LMy3
s000014080,LMy3
s000014081,LMy3
s000014082,LMy3
s000006860,LMy3
s000014083,LMy3
s000014084,LMy3
s000006860,LMy3
s000014085,LnK10
s000014086,LnK10
s000005177,LNm10
s000003378,LNm10
s000005760,LNm10
s000001827,LNm10
s000003070,LNm10
s000005402,LNm10
s000005986,LNm10
s000002825,LNm10
s000006284,LNm10
s000003861,LNm10
s000003292,LNm10
s000000392,LNm10
s000004264,LNm14
s000000240,LNm14
s000014087,Lob9
s000014088,Lob9
s000014089,Lob9
s000014090,Lob9
s000000014,Lob9
s000004921,LOb10
s000000812,LOb13
s000014091,LOb13
s000005423,LOb13
s000000083,LoG40
s000014092,LoG40
s000014093,LoG40
s000014094,LoG40
s000000775,LoG40
s000012180,LoG40
s000000793,LoK3
s000000156,LoK3
s000003148,LoK3
s000010985,LoK3
s000013527,LoK3
s000014095,LoK3
s000004683,LoK9
s000004832,LoK9
s000011427,LoK9
s000002707,LoK9
s000006164,LoK9
s000014096,LoK9
s000001511,LoK9
s000004998,LoK9
s000001972,LoK9
s000000376,LoK20
s000014097,LoK20
s000006094,LoK30
s000002247,LoK30
s000000160,LoK30
s000001101,LoK30
s000003597,LoK30
s000014098,LoK50
s000003537,LoK50
s000005047,LoK50
s000000470,LoK50
s000014099,LoK50
s000004690,LOl1
s000004563,LOl1
s000000329,LOl1
s000003372,LOl1
s000014100,LOl1
s000014101,LOl1
s000002243,LOl1
s000003028,LOl1
s000006155,LOl1
s000005974,LOl1
s000006284,LOl1
s000014102,LOl1
s000006680,LOl1
s000000043,LOl1
s000000270,LOl1
s000003536,LOl1
s000014103,LOl1
s000014104,LOl1
s000014105,LOl1
s000003675,LOl1
s000001769,LOl1
s000001846,LOl1
s000004690,LOl2
s000005763,LOl2
s000002764,LOl2
s000005740,LOl2
s000002847,LOl2
s000006777,LOl2
s000000270,LOl2
s000004383,LOl2
s000003372,LOl2
s000005083,LOl2
s000004690,LOl3
s000005272,LOl3
s000002272,LOl3
s000002595,LOl3
s000000600,LOl3
s000014106,LOl3
s000006777,LOl3
s000014107,LOl3
s000001149,LOl3
s000003536,LOl3
s000014108,LOl3
s000002375,LOl3
s000003372,LOl3
s000004690,LOl4
s000004313,LOl4
s000006188,LOl4
s000006548,LOl4
s000005868,LOl4
s000003372,LOl4
s000014109,LOl4
s000000251,LOl4
s000000722,LoM2
s000003913,LoM2
s000014110,LoM2
s000006101,LoM2
s000002103,LoM2
s000008574,LoM2
s000004762,LoM2
s000014111,LoM2
s000014112,LoM2
s000003752,LoM2
s000012749,LoM2
s000014113,LoM2
s000003531,LoM6
s000014114,LoM6
s000004239,LoM6
s000004911,LoM6
s000008624,LoM6
s000009910,LoM6
s000002819,LoM6
s000006384,LoM10
s000002951,LoM10
s000006442,LoM10
s000002595,LoM10
s000001731,LoM10
s000014115,LoM10
s000005459,LoM20
s000014116,LoM20
s000003955,LoM20
s000001103,LoM20
s000006600,LoS2
s000002392,LoS2
s000004352,LoS2
s000005382,LoS2
s000000439,LoS2
s000003470,LoS2
s000004754,LoS2
s000002935,LoS2
s000014117,LoS2
s000002757,LoS3
s000001893,LoS3
s000004180,LoS3
s000006828,LoS10
s000002392,LoS10
s000014118,LoS10
s000006255,LoS10
s000010136,LoS10
s000006226,LoS10
s000009754,LoS10
s000005023,LoW5
s000014119,LoW5
s000014120,LoW5
s000014121,LoW5
s000014122,LoW5
s000004853,LoW10
s000000393,LoW11
s000000393,LoW12
s000000393,LoW14
s000000476,LPe3
s000004105,LPe3
s000003367,LPe3
s000006113,LPe7
s000014123,LPe7
s000000503,LPe7
s000002037,LPe7
s000002663,LPe10
s000002620,LPe10
s000000365,LPe10
s000000321,LPe10
s000003862,LPe15
s000004931,LPe15
s000000725,LPe15
s000006167,LPh4
s000002395,LPh10
s000004696,LPh10
s000004487,LPh10
s000002955,LPh10
s000006396,LPh15
s000000854,LPh15
s000000265,LPh15
s000003833,LPh15
s000005875,LPi10
s000005500,LPi10
s000001814,LPi10
s000002587,LPi10
s000014124,LPi10
s000003021,LPi10
s000001679,LPi20
s000006859,LPi20
s000004231,LPi20
s000006859,LPi20
s000006859,LPi20
s000006859,LPi20
s000006859,LPi20
s000006859,LPi20
s000014125,LPi20
s000000600,LPi20
s000000320,LPi20
s000006859,LPo10
s000014126,LPo10
s000014127,LPo10
s000014128,LPo10
s000014129,LPo10
s000006859,LPo10
s000006859,LPo10
s000006859,LPs10
s000002038,LPu1
s000004867,LPu1
s000008050,LPu1
s000014130,LPu1
s000003102,LQJ10
s000005318,LQJ10
s000000495,LQJ10
s000004333,LQJ10
s000014131,LrA10
s000005167,LRF15
s000002025,LRF15
s000000793,LRF15
s000004254,LRF15
s000002292,LRF15
s000006859,LRF20
s000006859,LRF20
s000000225,LSc10
s000014132,LSc10
s000005636,LSc10
s000000442,LSc10
s000004170,LSc10
s000006222,LSh1
s000006859,LSh1
s000010326,LSh1
s000006859,LSh1
s000006859,LSh1
s000006859,LSh1
s000006859,LSh1
s000000347,LSm10
s000003158,LSm10
s000001533,LSm10
s000000162,LSm10
s000001696,LSm10
s000004500,LSm10
s000000347,LSm13
s000000786,LSm13
s000002667,LSm13
s000000071,LSm13
s000014133,LSm13
s000000997,LSm13
s000001444,LSm13
s000006520,LSm13
s000002173,LSm13
s000006575,LSm17
s000010124,LSm17
s000014134,LSt10
s000009035,LSt10
s000004639,LSt10
s000014135,LSw10
s000000981,LSw10
s000014136,LSw10
s000002539,LSw10
s000004789,LSw10
s000006220,LSw10
s000014137,LSw10
s000002868,LTa10
s000014138,LTa10
s000000310,LTa10
s000000476,LTu10
s000005718,LTu10
s000000219,LTu10
s000006598,LTu10
s000007278,LTu10
s000010583,LTu10
s000000199,LTu30
s000002906,LTu30
s000014139,LuB5
s000006460,LuB15
s000014140,LuB20
s000014139,LuB20
s000014141,LuB20
s000014140,LuB21
s000014142,LuB21
s000014143,LuB21
s000014144,LuC10
s000014145,LuD1
s000014146,LuD1
s000014147,LuD1
s000006859,LuD1
s000001572,LuD4
s000001326,LuH8
s000000379,LuH10
s000010828,LUl10
s000005531,LuM10
s000008903,LuM10
s000011255,LuM10
s000000401,LuM10
s000000710,LuM10
s000002460,LuM13
s000007666,LuM13
s000003102,LuM13
s000002770,LuM13
s000013962,LuM13
s000014148,LuM13
s000005470,LuM16
s000007980,LuM16
s000014149,LuM16
s000000838,LuM16
s000014150,LuM16
s000014151,LuM16
s000001296,LuM21
s000014152,LuM21
s000004559,LuM21
s000005538,LuM21
s000014153,LuM21
s000008693,LuM21
s000014154,LuM21
s000014155,LuM21
s000006859,LuM21
s000008314,LuM25
s000014156,LuM25
s000014157,LuM25
s000014158,LuP30
s000014159,LuP30
s000001431,LuR8
s000009161,LuR8
s000014160,LuR8
s000011143,LuR8
s000003581,LuR8
s000009581,LuR8
s000014161,LuR8
s000004634,LuR10
s000009644,LuR10
s000014162,LuR10
s000014163,LuR10
s000007918,LuV1
s000014164,LuV1
s000014165,LuV1
s000014166,LuV1
s000006859,LuV1
s000006859,LuV1
s000003867,LuV3
s000014167,LuV3
s000014168,LuV3
s000001084,LuV3
s000014169,LuV3
s000006338,LuV20
s000002390,LuV20
s000007918,LuV20
s000008947,LuV20
s000002297,LuV30
s000001538,LuV30
s000005503,LuV30
s000004856,LuV30
s000006006,LuV30
s000012666,LuV30
s000000925,LuV30
s000001536,LuV30
s000001818,LuV40
s000006859,LuV40
s000005574,LuV40
s000006859,LuV40
s000014170,LuV40
s000006859,LuV40
s000003466,LuV50
s000001538,LuV50
s000000925,LuV50
s000006006,LuV50
s000004369,LuV50
s000006339,LuV50
s000001017,LuV50
s000004387,LuV50
s000005202,LuV50
s000002241,LuV50
s000000612,LuV60
s000005127,LuV60
s000000503,LuV60
s000000612,LuV64
s000014171,LuV64
s000000831,LuV64
s000003892,LuV64
s000009293,LuV64
s000006339,LuV64
s000000498,LuV64
s000014172,LuV64
s000000503,LuV68
s000004719,LuV80
s000002265,LuV80
s000000173,LuV80
s000010512,LuV80
s000014173,LuV80
s000004369,LuV80
s000013287,LuV80
s000007918,LuV80
s000014174,LuV80
s000010108,LVa10
s000014175,LVa10
s000014176,LVa10
s000014177,LVa10
s000004799,LVa10
s000007040,LVa10
s000014178,LVa12
s000014179,LvK8
s000014180,LvK8
s000014181,LvK8
s000014182,LvK8
s000014183,LvT10
s000014184,LvT10
s000014185,LvT10
s000014186,LvT10
s000010835,LvT10
s000006439,LvT10
s000006541,LvT20
s000007309,LvT20
s000014187,LvT25
s000014188,LvT25
s000004411,LvT25
s000014189,LvT25
s000001555,LvT25
s000014190,LvT25
s000014191,LWo10
s000004299,LwS90
s000014192,LwS130
s000014193,LwS130
s000011427,LwS130
s000005250,LwS130
s000006859,LwS130
s000006859,LwS130
s000006859,LwS130
s000000613,LwS150
s000004772,LwS150
s000008509,LwS150
s000000613,LwS160
s000004772,LwS160
s000002554,LwS160
s000003677,LwS160
s000006255,LwS160
s000005925,LwS160
s000002926,LwS160
s000007394,LwS160
s000014194,LwS160
s000014195,LwS160
s000014196,LwS160
s000005998,LwS160
s000014197,LwS160
s000014198,LwS160
s000005707,LwS166
s000003807,LwS166
s000000613,LwS166
s000004967,LwS166
s000004661,LwS166
s000014199,LwS166
s000003677,LwS166
s000004287,LwS166
s000000718,LwS166
s000001612,LwS180
s000005609,LwS180
s000006552,LwS180
s000001322,LwS180
s000008866,LwS180
s000002912,LwS180
s000006009,LwS180
s000002342,LwS180
s000004280,LwS190
s000004739,LwS190
s000000573,LwS190
s000005757,LwS190
s000005474,LwS190
s000014200,LwS190
s000003471,LwT10
s000002368,LwT10
s000003937,LwT10
s000014201,LwT10
s000006859,LwT10
s000006859,LwT10
s000014202,LwT10
s000003972,LwT20
s000002027,LwT20
s000001228,LwT20
s000002829,LwT20
s000014203,LwT20
s000005786,LwT30
s000014204,LwT30
s000005534,LwT30
s000003397,LwT30
s000006476,LwT33
s000004959,LwT33
s000014205,LwT33
s000006859,LwT33
s000005995,LwT33
s000003538,LwT33
s000001681,LwT39
s000006301,LwT39
s000001592,LwT39
s000014206,LwT39
s000006859,LwT39
s000005692,LwT50
s000000546,LwT50
s000009646,LwT50
s000014207,LwT50
s000014208,LwT50
s000007679,LwT50
s000008815,LwT50
s000014209,LwT50
s000014210,LwT50
s000014211,LwT50
s000008661,LwT50
s000014212,LwT50
s000014213,LwT50
s000014214,LwT50
s000014215,LwT50
s000014216,LyD10
s000014217,LyD10
s000005793,LyD10
s000014218,LyD10
s000014219,LyD10
s000014220,LyD10
s000014221,LyD10
s000014222,LyD10
s000014223,LyD10
s000014224,LyD10
s000014225,LyD10
s000014226,LyD10
s000014227,LyD10
s000014228,LyD10
s000014229,LyL1
s000001590,LyL1
s000001155,MA2
s000006338,MA2
s000006859,MA2
s000000574,MA2
s000014230,MA2
s000014231,MA2
s000006859,MA3
s000008658,MA3
s000006427,MA3
s000004012,MA4
s000006427,MA4
s000004365,MA4
s000012460,MA4
s000006427,MA5
s000001538,MA5
s000013857,MA5
s000004572,MA6
s000005573,MA6
s000005440,MA6
s000010410,MA6
s000005178,MA8
s000002730,MA8
s000004231,MA8
s000006403,MA8
s000008426,MA8
s000014232,MA8
s000003286,MA8
s000004012,MA38
s000014233,MA38
s000000181,MA38
s000006767,MaA10
s000005830,MaA10
s000005909,MaB1
s000005909,MaB1
s000001642,MaB1
s000005269,MaB1
s000000385,MaB10
s000004283,MaB10
s000005215,MaB10
s000000255,MaB30
s000000872,MaC1
s000002055,MaC1
s000012240,MaC1
s000014234,MaC1
s000001770,MaC1
s000002841,MaC1
s000009320,MaC1
s000002058,MaC1
s000001577,MaC8
s000001763,MaC8
s000008667,MaC8
s000003440,MaC8
s000002961,MaC10
s000008380,MaC10
s000005520,MaC10
s000005423,MaC10
s000007572,MaC10
s000006502,MaC10
s000005433,MaC11
s000008849,MaC11
s000008287,MaC11
s000006784,MaC11
s000014235,MaC11
s000014236,MaC11
s000001472,MaC12
s000007026,MaC12
s000005164,MaC12
s000011745,MaC12
s000014237,MaC12
s000008189,MaC12
s000000530,MaC15
s000013426,MaC15
s000014238,MaC15
s000008017,MaC15
s000008312,MaC15
s000014239,MaC15
s000014240,MaC15
s000014241,MaC15
s000000699,MaC15
s000014242,MAD10
s000003102,MAD10
s000006761,MAD10
s000014243,MaG10
s000014244,MaG10
s000014245,MaG10
s000014246,MaH10
s000001592,MaH10
s000011426,MaH10
s000008003,MaH10
s000014247,MaH10
s000009423,MaH15
s000007554,MaH15
s000007045,MaH15
s000009043,MaH15
s000014248,MaH15
s000000496,MaI10
s000014249,MaI10
s000014250,MaI10
s000014251,MaI10
s000014252,MaI10
s000014253,MaI10
s000014254,MMj10
s000006859,MMj10
s000014255,MMj10
s000005092,MAk10
s000010463,MAk10
s000000300,MAl5
s000002170,MAl5
s000001451,MAl13
s000007319,MAl13
s000011912,MAl13
s000005819,MaM1
s000004787,MaM1
s000002207,MaM2
s000013132,MaM2
s000005079,MaM2
s000003678,MaM2
s000004946,MaN30
s000001736,MaN30
s000004946,MaN35
s000014256,MaN35
s000003298,MaN35
s000006859,MaN35
s000004946,MaN40
s000014257,MaN40
s000000393,MaN50
s000005178,MAp24
s000002827,MAp24
s000001410,MAp24
s000004413,MAp24
s000002436,MAp24
s000006601,MAp24
s000005858,MAp25
s000003143,MAp25
s000001425,MAp25
s000000465,MAp25
s000000766,MAp25
s000002978,MAp29
s000003982,MAp29
s000004769,MAp29
s000001559,MAp29
s000000331,MAp29
s000014258,MAp29
s000006855,MAp29
s000003378,MAp29
s000006564,MAp39
s000005701,MAp42
s000003320,MAp42
s000002419,MAp42
s000006496,MAp42
s000006859,MAp43
s000011061,MAp43
s000011913,MAp45
s000005090,MAp45
s000008377,MAp45
s000005220,MAp45
s000011261,MAp45
s000006859,MAp45
s000014259,MAp45
s000006860,MAp45
s000014260,MAp45
s000002072,MAp47
s000004521,MAp47
s000005271,MAp47
s000007656,MAp47
s000011993,MAp50
s000002511,MAp50
s000004814,MAp50
s000004411,MAp50
s000002486,MAp50
s000014261,MAp50
s000006859,MAp50
s000014262,MAp50
s000000763,MAp51
s000003912,MAp51
s000007758,MAp51
s000014263,MAp51
s000001554,MAp51
s000001131,MAp51
s000014264,MAp51
s000014265,MAp51
s000014266,MAp51
s000006520,MaT10
s000014267,MaT10
s000002097,MaT10
s000006859,MaT10
s000014268,MaT10
s000014269,MaT10
s000004946,MaT25
s000004946,MaT27
s000013469,MaT40
s000006860,MAu10
s000006860,MAu10
s000006860,MAu10
s000006860,MAu10
s000004422,MB1
s000006656,MB1
s000003943,MB1
s000006658,MB1
s000002777,MB1
s000004189,MB1
s000006443,MB1
s000005682,MB1
s000006119,MB1
s000000758,MB1
s000004331,MB2
s000000758,MB2
s000001543,MB2
s000003504,MB2
s000014270,MB2
s000014271,MB2
s000003680,MB3
s000003388,MB3
s000008433,MB3
s000006656,MB3
s000004943,MB3
s000002931,MB3
s000000758,MB3
s000003198,MB3
s000001543,MB3
s000002799,MB3
s000001745,MB3
s000001184,MB3
s000006656,MB4
s000000680,MB4
s000008433,MB4
s000001944,MB4
s000003558,MB4
s000002207,MB4
s000001745,MB4
s000002692,MB4
s000003943,MB4
s000002511,MB4
s000000758,MB4
s000000758,MB5
s000001944,MB5
s000001543,MB5
s000004904,MB5
s000003911,MB5
s000000321,MB5
s000004559,MB5
s000005240,MB5
s000004275,MB5
s000000866,MB5
s000004559,MB5
s000000758,MB6
s000008433,MB6
s000003558,MB6
s000003388,MB6
s000006361,MB6
s000004395,MB6
s000000933,MB6
s000000758,MB9
s000001543,MB9
s000008433,MB9
s000002569,MB10
s000005376,MB10
s000004138,MB10
s000014272,MB15
s000010982,MB15
s000014273,MB15
s000005284,MB15
s000014274,MB15
s000014275,MB15
s000014276,MB15
s000014277,MB15
s000008380,MB17
s000000908,MB17
s000008209,MB17
s000000758,MB20
s000006512,MB20
s000007717,MB22
s000005970,MB22
s000002057,MBa27
s000014278,MBa27
s000006847,MBa27
s000014279,MBa27
s000014280,MBa27
s000005882,MBb10
s000005830,MBb10
s000000812,MBb10
s000002685,MBb10
s000007718,MBb15
s000011914,MBb15
s000006462,MBb15
s000006178,MBb15
s000000700,MBd10
s000003880,MBd10
s000004876,MBd10
s000004943,MBd10
s000003166,MBd10
s000003099,MBd10
s000000934,MBd10
s000001246,MBd10
s000006859,MBe1
s000006859,MBe1
s000006859,MBe2
s000006859,MBe2
s000014281,MBe2
s000014282,MBe2
s000006859,MBe2
s000006859,MBe4
s000004012,MBe8
s000014283,MBe10
s000014284,MBe10
s000007767,MBe18
s000014285,MBe18
s000006859,MBg10
s000006859,MBg10
s000000185,MBi10
s000014286,MBi10
s000003484,MBi10
s000007702,MBi10
s000007679,MBi10
s000007951,MBi10
s000007702,MBi10
s000005861,MBi10
s000008176,MBi10
s000010450,MBi10
s000008905,MBi10
s000014287,MBk10
s000010738,MBk10
s000007842,MBk10
s000000585,MBl5
s000008405,MBl5
s000000185,MBm1
s000003177,MBm1
s000004878,MBm1
s000014288,MBm1
s000001999,MBm1
s000002501,MBm1
s000014289,MBm3
s000003678,MBm3
s000014290,MBm3
s000004588,MBm3
s000014291,MBm3
s000001555,MBn10
s000014292,MBn10
s000005238,MBn10
s000014293,MBn10
s000006859,MBn10
s000014294,MBo7
s000005200,MBo10
s000014295,MBo10
s000005238,MBo10
s000005200,MBo11
s000005598,MBo11
s000005598,MBo16
s000004012,MBo17
s000004466,MBr1
s000005216,MBr1
s000001813,MBr1
s000014296,MBr1
s000001308,MBr1
s000000517,MBr1
s000006905,MBr1
s000014297,MBr4
s000002470,MBr4
s000003397,MBr4
s000014296,MBr4
s000007732,MBr4
s000014298,MBr4
s000000829,MBr5
s000000953,MBr5
s000006014,MBr5
s000004466,MBr10
s000005216,MBr10
s000001813,MBr10
s000014296,MBr10
s000001308,MBr10
s000001832,MBr10
s000004955,MBr10
s000000517,MBr10
s000014299,MBr10
s000004767,MBr19
s000004669,MBr19
s000011815,MBr19
s000006906,MBr19
s000002868,MBr25
s000004965,MBr25
s000014300,MBr25
s000006859,MBr25
s000014301,MBr25
s000002296,MBu10
s000001221,MBy2
s000000872,MBy2
s000014302,MBy2
s000000546,MBy2
s000010840,MBy2
s000014303,MBy2
s000007475,MBy2
s000006699,MBy5
s000008544,MBy5
s000014304,MBy5
s000006314,MBy5
s000000844,MBy5
s000011560,MBy5
s000009449,MBy5
s000008695,MBy5
s000002776,MBy5
s000002170,MC3
s000003154,MC4
s000000188,MC4
s000000596,MC4
s000002170,MC5
s000000531,MC5
s000000188,MC5
s000014305,MC5
s000000188,MC6
s000000531,MC6
s000014306,MC6
s000001375,MC6
s000013261,MC6
s000002769,MC6
s000000188,MC7
s000000361,MC7
s000000705,MC7
s000002769,MC7
s000000999,MC7
s000005501,MC7
s000005229,MC7
s000004319,MC8
s000014307,MC8
s000002170,MC9
s000013263,MC9
s000013272,MC9
s000014308,MC9
s000014308,MC9
s000014309,MC9
s000013322,MC9
s000008549,MC9
s000014310,MC11
s000005744,MC11
s000006341,MC11
s000014311,MC11
s000006859,MC11
s000014312,MC11
s000006080,MC11
s000014313,MCa10
s000014314,MCa10
s000014315,MCa10
s000005821,MCa10
s000003219,MCb10
s000006843,MCb10
s000006587,MCb10
s000002078,MCC12
s000005144,MCC12
s000002528,MCC12
s000014316,MCC12
s000014317,MCC12
s000006859,MCC12
s000006763,MCC12
s000014318,MCC12
s000000879,MCC12
s000014319,MCC12
s000014320,MCC12
s000001231,MCC12
s000014321,MCC12
s000010985,MCC12
s000003382,MCC12
s000012143,MCr10
s000000323,MCr10
s000014322,MCr10
s000006860,MCr10
s000014323,MCr10
s000014324,MCg10
s000001357,MCh1
s000004530,MCh1
s000006179,MCh1
s000001311,MCh2
s000006133,MCh2
s000011471,MCh2
s000014325,MCh2
s000006859,MCh2
s000006859,MCh2
s000006859,MCh2
s000004282,MCh5
s000005686,MCh5
s000001778,MCi1
s000003279,MCi1
s000000726,MCi1
s000014326,MCi1
s000001557,MCi2
s000001022,MCi2
s000005538,MCi2
s000006462,MCi2
s000006020,MCi2
s000000072,MCi2
s000005628,MCi2
s000001774,MCi2
s000000226,MCi2
s000003409,MCi3
s000006462,MCi3
s000002969,MCi3
s000000726,MCi3
s000002975,MCi3
s000001686,MCi3
s000004013,MCi3
s000001297,MCi3
s000006534,MCi3
s000005421,MCi10
s000005376,MCi10
s000007113,MCi10
s000001354,MCi10
s000007135,MCi10
s000002868,MCi10
s000006613,MCJ1
s000002036,MCJ1
s000002975,MCJ1
s000004119,MCJ1
s000001819,MCJ1
s000014327,MCJ1
s000014328,MCJ1
s000004302,MCJ10
s000005994,MCJ10
s000012277,MCJ10
s000014329,MCJ10
s000010460,MCJ10
s000014330,MCJ10
s000014331,MCJ10
s000014332,MCJ10
s000014333,MCJ10
s000014334,MCJ10
s000008854,MCJ10
s000003678,MCJ10
s000002088,MCJ12
s000007951,MCJ12
s000002036,MCJ12
s000014335,MCJ12
s000008193,MCJ12
s000014336,MCJ12
s000014337,MCJ12
s000014338,MCJ12
s000006859,MCJ12
s000006859,MCJ12
s000014339,MCJ12
s000002036,MCJ12
s000007883,MCJ14
s000000348,MCJ14
s000001557,MCJ14
s000014340,MCJ14
s000004521,MCJ16
s000003503,MCJ16
s000002975,MCJ16
s000005418,MCJ16
s000005994,MCJ16
s000013685,MCJ16
s000003233,MCJ16
s000006860,MCJ16
s000006860,MCJ16
s000006860,MCJ16
s000006699,MCJ18
s000002258,MCJ18
s000004175,MCm1
s000001489,MCm1
s000014341,McR50
s000004325,McR50
s000014342,MCs3
s000014343,MCs3
s000008837,MCs10
s000014342,MCs10
s000014344,MCs10
s000007020,MCs10
s000014345,MCs10
s000006859,MCs10
s000006859,MCs10
s000004186,MCy2
s000012667,MCy2
s000014346,MCy2
s000014347,MCy2
s000010463,MCy5
s000014348,MCy5
s000014349,MCy5
s000014350,MCy5
s000006859,MCy5
s000006859,MCy5
s000006859,MCy5
s000006859,MCy5
s000005092,MCy8
s000000398,MCy8
s000003225,MCy8
s000002757,MCy10
s000005178,MCy10
s000000808,MCy10
s000004802,MCy10
s000003866,MCy10
s000000595,MCy10
s000014351,MCy11
s000010463,MCy11
s000014352,MCy11
s000004801,MCy11
s000006859,MCy11
s000006859,MCy11
s000006859,MCy11
s000006859,MCy11
s000006579,MDa5
s000014353,MDa5
s000014354,MDa5
s000001056,MDa10
s000001131,MDa10
s000001944,MDa10
s000003927,MDa10
s000001090,MDa10
s000008433,MDa10
s000000680,MDa10
s000003996,MDa10
s000014355,MdC10
s000006290,MdC10
s000000788,MdC10
s000001119,MdC10
s000005824,MdC10
s000003377,MdC10
s000014356,MdC10
s000004837,MdC10
s000000353,MdC10
s000005042,MdC16
s000003139,MdC16
s000002295,MdC16
s000014357,MdC16
s000003263,MdC16
s000002053,MdC16
s000002911,MdC16
s000014358,MdH10
s000008571,MdH10
s000014359,MdH10
s000014360,MdH10
s000006049,MDi10
s000002710,MDi10
s000004063,MDi10
s000004007,MDi10
s000013644,MDi10
s000005209,MDi10
s000014361,MdJ10
s000014362,MdJ10
s000014363,MdJ10
s000014364,MdJ10
s000006859,MdJ10
s000014365,MDn10
s000006859,MdO10
s000006859,MdO10
s000006859,MdO60
s000006859,MdO62
s000006859,MdO70
s000006859,MdO75
s000006859,MdO81
s000006859,MdO81
s000006859,MdO81
s000006859,MdO85
s000006859,MdO85
s000006859,MdO87
s000006859,MdO87
s000014366,MdO87
s000014367,MdO115
s000004011,MdO121
s000014367,MdO121
s000004938,MdV5
s000004365,MdV5
s000006859,MdV5
s000006859,MdV5
s000006859,MdV5
s000006859,MdV5
s000006859,MdV5
s000006859,MdV5
s000009012,MdV10
s000008984,MdV10
s000013007,MdV14
s000004038,MdV14
s000010914,MdV14
s000000300,MDK10
s000009005,MDw10
s000014368,MDw10
s000006859,MDw10
s000006859,MDw10
s000004627,ME180
s000001546,ME240
s000014369,ME240
s000004807,ME240
s000002288,ME240
s000014370,MeC10
s000004891,MeF10
s000002755,MeF10
s000014371,MeF10
s000005748,MeF10
s000001388,MeG12
s000001206,MeG12
s000000518,MeG12
s000000782,MeG15
s000003064,MeG15
s000005716,MeG15
s000002376,MeG30
s000000870,MeG30
s000006740,MeG30
s000002728,MeG30
s000003184,MeG30
s000006823,MeG30
s000004612,MeG40
s000003982,MeG40
s000000320,MeG40
s000006865,MeG40
s000006740,MeG40
s000002062,MeG40
s000003217,MeG40
s000003279,MeG40
s000005586,MeG40
s000006015,MeG40
s000006056,MeG40
s000006383,MeG40
s000014372,MeG40
s000001679,MeG51
s000006859,MeG51
s000006859,MeG51
s000014373,MEk10
s000014374,MEk10
s000014375,MEk10
s000006859,MEk10
s000006860,MiM10
s000014376,MiM13
s000008242,MiM13
s000014377,MiM13
s000014378,MiM13
s000006860,MiM13
s000006860,MiM13
s000014379,MHe11
s000008006,MEl10
s000014380,MEl10
s000003279,MeS10
s000002745,MeS10
s000003619,MeS10
s000001353,MeS10
s000003753,MeS10
s000004899,MeS10
s000005743,MeS10
s000006454,MeS10
s000006723,MeS10
s000014381,MeW10
s000014382,MeW10
s000004532,MeW10
s000012130,MeW10
s000008480,MeW30
s000000411,MeW30
s000010479,MeW30
s000000708,MF2
s000005623,MF2
s000005065,MF2
s000000401,MF4
s000004572,MF5
s000002027,MF5
s000005505,MF5
s000005171,MF5
s000001686,MF5
s000010414,MF5
s000005505,MF5
s000010414,MF5
s000001592,MF5
s000005803,MF5
s000001686,MF5
s000001353,MF5
s000003688,MF5
s000002251,MF5
s000014383,MF5
s000000533,MF5
s000014384,MF5
s000013572,MF5
s000000736,MF5
s000006692,MF6
s000005538,MF6
s000001425,MF6
s000014385,MF6
s000008012,MF6
s000014386,MF6
s000005385,MF7
s000004696,MF7
s000005912,MF7
s000000874,MF7
s000004650,MF7
s000004103,MF7
s000001686,MF7
s000002492,MF7
s000004833,MF7
s000003156,MF7
s000004138,MF7
s000004657,MF7
s000004696,MF7
s000003034,MF7
s000000009,MF8
s000002947,MF8
s000000527,MF8
s000001673,MF8
s000000885,MF8
s000001785,MF8
s000003211,MF8
s000004588,MF8
s000003134,MF8
s000002811,MF8
s000000302,MF8
s000002110,MF8
s000007457,MF9
s000000475,MF9
s000006208,MF9
s000007111,MF9
s000008193,MF15
s000013490,MF15
s000014387,MF15
s000000974,MF18
s000001592,MF18
s000001326,MFe10
s000006036,MFe10
s000006221,MFe25
s000002234,Mfe40
s000012162,MFe40
s000011629,MFe40
s000014388,MFe40
s000002258,MFi10
s000007980,MFi10
s000011261,MFi10
s000006258,MFi10
s000008702,MFi10
s000000313,MFi10
s000002258,MFi15
s000004687,MFi15
s000009224,MFi15
s000002001,MFi16
s000005484,MFi16
s000004302,MFi16
s000002181,MFi16
s000005520,MFi16
s000007046,MFi16
s000008381,MFi18
s000005737,MFi18
s000005830,MFi20
s000014389,MFi20
s000001693,MFi20
s000014390,MFi20
s000014391,MFi20
s000014392,MFi22
s000005520,MFi22
s000006859,MFi22
s000014393,MFi22
s000014393,MFi22
s000008544,MFo10
s000000530,MFo10
s000014394,MFo10
s000000680,MFo10
s000014395,MFo10
s000014396,MFo10
s000014397,MFo10
s000014398,MFo10
s000005012,MFr1
s000000104,MFr1
s000003239,MFr1
s000006550,MFr1
s000006121,MFr2
s000004809,MFr2
s000006637,MFr2
s000013103,MFr2
s000002221,MFr2
s000003214,MFr5
s000014399,MFr5
s000010694,MFr5
s000011152,MFr5
s000008620,MFr5
s000002256,MFr5
s000014400,MFr5
s000014401,MFr5
s000006561,MFr16
s000003215,MFr16
s000001344,MFr23
s000002865,MFr23
s000003464,MFr23
s000001189,MFr23
s000004390,MFr23
s000000270,MFr23
s000005634,MFr23
s000004587,MFr23
s000005772,MFr23
s000003964,MFr23
s000001202,MFr23
s000003029,MFr29
s000005626,MFr29
s000005851,MFr29
s000004524,MFr29
s000005851,MFr29
s000003612,MFr33
s000000321,MFr33
s000010391,MFr33
s000006709,MFr33
s000005626,MFr33
s000003029,MFr40
s000005898,MFr40
s000004128,MFr40
s000001374,MFr40
s000005851,MFr40
s000004309,MGA14
s000014402,MGA14
s000014403,MGA14
s000006859,MGA14
s000006859,MGA14
s000006859,MGA14
s000005742,MGe5
s000002392,MGe5
s000005434,MGe5
s000004941,MGe5
s000009914,MGe5
s000001101,MGe5
s000005742,MGe10
s000010635,MGe10
s000000205,MGe10
s000000235,MGe10
s000006506,MGe10
s000009914,MGe10
s000012255,MGe10
s000001452,MGe10
s000005742,MGe12
s000005742,MGe12
s000002392,MGe12
s000000205,MGe12
s000014404,MGe12
s000005929,MGe12
s000004154,MGe12
s000003681,MGe12
s000014405,MGo5
s000005178,MGo10
s000007250,MGo10
s000009113,MGo10
s000003356,MGo10
s000014406,MGo10
s000014407,MGo10
s000014408,MGo10
s000000012,MGP10
s000008204,MGP10
s000005337,MGr10
s000005751,MGr10
s000001319,MGr10
s000006762,MGr10
s000005140,MGr10
s000004942,MGr10
s000001194,MGr10
s000009767,MGr15
s000000202,MgT10
s000004020,MgT10
s000000115,MGw5
s000004119,MGw5
s000006859,MGw5
s000009447,Mgy5
s000014409,Mgy5
s000007039,Mgy5
s000010856,Mgy5
s000007024,Mgy5
s000014410,Mgy5
s000004968,Mgy5
s000014411,MHa10
s000008821,MHa10
s000005139,MHa10
s000008368,MHa10
s000014379,MHe10
s000011994,MHe10
s000014412,MHe10
s000014413,MHe10
s000014414,MHe10
s000014415,MHe15
s000000877,MHe15
s000014416,MHe15
s000007885,MHe15
s000008027,MHo10
s000014417,MHo10
s000014418,MHo10
s000006439,MHo10
s000000595,MHo10
s000014419,MHo10
s000006219,MiA6
s000005177,MiA6
s000005740,MiA6
s000001920,MiA6
s000014420,MiA6
s000001118,MiA6
s000014421,MiA6
s000003070,MiA6
s000006859,MiA6
s000004587,MiA8
s000000916,MiA8
s000004563,MiA8
s000003837,MiA8
s000006859,MiA8
s000000678,MiA8
s000000778,MiA8
s000014422,MiA8
s000000970,MiA8
s000001153,MiA8
s000001198,MiA8
s000001255,MiA8
s000001307,MiA8
s000001377,MiA8
s000001564,MiA8
s000001591,MiA8
s000001612,MiA8
s000014423,MiA8
s000001963,MiA8
s000002272,MiA8
s000002295,MiA8
s000014424,MiA8
s000002595,MiA8
s000002915,MiA8
s000003095,MiA8
s000003221,MiA8
s000003304,MiA8
s000003658,MiA8
s000003746,MiA8
s000003763,MiA8
s000011831,MiA8
s000004046,MiA8
s000004078,MiA8
s000004127,MiA8
s000004264,MiA8
s000004429,MiA8
s000004390,MiA8
s000004634,MiA8
s000005104,MiA8
s000005382,MiA8
s000005395,MiA8
s000005772,MiA8
s000005785,MiA8
s000005876,MiA8
s000005740,MiA8
s000006680,MiA8
s000014425,MiA8
s000002776,MiA11
s000001252,MiA11
s000005177,MiA11
s000006675,MiA11
s000004807,MiA11
s000003378,MiA11
s000004122,MiA11
s000002627,MiA11
s000005092,MiA18
s000004690,MiA18
s000003059,MiA18
s000002272,MiA18
s000006594,MiA18
s000004124,MiA18
s000006915,MiA18
s000003072,MiA18
s000014426,MiA18
s000005377,MiA18
s000006859,MiA18
s000006859,MiA18
s000006818,MiA22
s000006330,MiA22
s000000048,MiA22
s000001934,MiA22
s000003146,MiA22
s000005341,MiA24
s000005763,MiA24
s000002238,MiA24
s000003066,MiA24
s000005359,MiA24
s000006228,MiA24
s000006507,MiA24
s000002627,MiA25
s000005127,MiA25
s000001573,MiA25
s000005505,MiA25
s000000970,MiA25
s000006806,MiA25
s000014427,MiA25
s000014428,MiA25
s000014429,MiA25
s000002936,MiA27
s000002954,MiA27
s000001000,MiA27
s000014430,MiB10
s000000802,MiC5
s000001221,MiC11
s000006049,MiC11
s000001692,MiC11
s000006565,MiC11
s000014431,MiC11
s000003497,MiC11
s000014432,MiC11
s000014433,MiC11
s000000808,MiC15
s000001681,MiC15
s000000219,MiC15
s000006235,MiC15
s000006645,MiC15
s000001086,MiC15
s000005633,MiC15
s000006859,MiC15
s000014434,MiC15
s000001602,MiC20
s000002001,MiC20
s000001154,MiC20
s000006127,MiC20
s000005633,MiC25
s000003962,MiC25
s000014435,MiD10
s000014436,MiD10
s000010022,MiD10
s000014437,MiD10
s000006859,MiD20
s000000410,MiG3
s000010315,MiG3
s000014438,MiG3
s000001192,MiG3
s000002926,MiG3
s000000113,MiG3
s000014439,MiG3
s000003913,MiG25
s000000604,MiG25
s000001762,MiG25
s000004645,MiG25
s000003913,MiG27
s000001822,MiG27
s000004645,MiG27
s000000754,MiG27
s000001966,MiG30
s000005025,MiG30
s000005051,MiG30
s000000956,MiG30
s000007626,MiG30
s000001276,MiG30
s000014440,MiG30
s000000368,MiG30
s000014441,MiG30
s000014442,MiG30
s000009726,MiG30
s000000434,MiG30
s000014443,MiG30
s000014444,MiG30
s000014445,MiG30
s000002936,MiG35
s000001493,MiG35
s000005129,MiG35
s000005305,MiG35
s000000032,MiG35
s000011673,MiG35
s000003077,MiG35
s000001407,MiG35
s000004837,MiG35
s000002936,MiG45
s000000678,MiG45
s000014446,MiG45
s000008253,MiG45
s000005682,MiG45
s000005799,MiG45
s000006007,MiG45
s000004587,MiG50
s000006981,MiG50
s000014447,MiG50
s000001881,MiG50
s000004537,MiG50
s000000434,MiG50
s000014448,MiG50
s000001979,MiH10
s000002333,MiH10
s000004384,MiH10
s000008054,MiH10
s000003364,MiH10
s000014449,MiH10
s000007305,MiH10
s000002009,MiH10
s000014450,MiH10
s000008054,MiH15
s000005470,MiH15
s000006859,MiH15
s000014451,MiH15
s000006859,MiH15
s000012218,MiH18
s000003364,MiH18
s000004921,MiH18
s000011073,MiH18
s000010859,MiH18
s000003912,MiH18
s000008849,MiH18
s000003974,MiJ5
s000006133,MiJ5
s000004814,MiJ5
s000008209,MiJ5
s000002737,MiJ5
s000014452,MiJ5
s000014453,MiJ5
s000002396,MiJ5
s000008176,MiJ5
s000005970,MiJ5
s000004021,MiJ5
s000001296,MiJ10
s000002896,MiJ10
s000003264,MiJ10
s000008609,MiJ10
s000006455,MiJ10
s000014454,MiJ10
s000014455,MiJ10
s000014456,MiJ10
s000014457,MiJ10
s000008482,MiJ10
s000014458,MiJ12
s000008065,MiJ12
s000002181,MiJ12
s000014459,MiJ12
s000011973,MiJ12
s000003133,MiJ12
s000004469,MiJ12
s000002181,MiJ12
s000003143,MiJ15
s000008327,MiJ15
s000014089,MiJ15
s000002683,MiK1
s000000061,MiK1
s000002712,MiK1
s000006321,MiK2
s000003250,MiK2
s000000351,MiK2
s000005103,MiK2
s000000062,MiK2
s000001469,MiK10
s000005423,MiK10
s000005114,MiK10
s000004305,MiK10
s000014460,MiL4
s000005907,MiL4
s000005907,MiL5
s000014461,MiL7
s000006859,MiL12
s000010449,MiL12
s000005418,MiL12
s000014462,MiL12
s000014463,MiL20
s000014464,MiL20
s000014465,MiL20
s000014466,MiL20
s000013927,MiL20
s000014467,MiL20
s000005907,MiL22
s000007888,MiL22
s000014468,MiL22
s000014469,MiL22
s000007928,MiL22
s000007924,MiL22
s000005164,MiL22
s000014470,MiL24
s000006995,MiL24
s000006859,MiL24
s000014471,MiL24
s000014468,MiL24
s000014472,MiL24
s000014416,MiL28
s000014473,MiL29
s000014471,MiL29
s000014474,MiL29
s000006859,MiM10
s000014475,MiP10
s000014476,MiP10
s000002975,MiR5
s000000842,MiR5
s000014477,MiR5
s000014478,MiR5
s000004231,MiR10
s000000249,MiR10
s000005549,MiR10
s000001421,MiR10
s000014479,MiR10
s000014480,MiR10
s000011993,MiR10
s000014481,MiR10
s000002915,MiR10
s000004863,MiR10
s000014482,MiR21
s000014483,MiR21
s000012218,MiR21
s000014484,MiS3
s000006579,MiS3
s000002983,MiS3
s000006600,MiS3
s000001934,MiS3
s000014485,MiS3
s000000970,MiS3
s000001591,MiS3
s000000842,MiT1
s000004555,MiT3
s000002825,MiT3
s000014486,MiT3
s000003310,MiT8
s000002703,MiT8
s000014487,MiT15
s000005907,MiT15
s000014488,MiT15
s000005820,MiT15
s000007446,MiT15
s000001328,MiW12
s000005187,MiW12
s000000152,MiW12
s000001644,MiW12
s000004002,MiW12
s000002825,MiW12
s000011625,MiW12
s000001997,MiW12
s000004293,MiW12
s000003267,MiW12
s000002400,MiW12
s000000700,MiW18
s000000415,MiW18
s000002813,MiW18
s000000152,MiW18
s000000748,MiW20
s000006420,MiW20
s000006806,MiW20
s000000748,MiW21
s000004786,MiW21
s000006637,MiW21
s000000748,MiW22
s000003502,MiW22
s000002191,MiW22
s000003925,MiW22
s000014489,MiW22
s000005171,MiW22
s000002334,MiW22
s000008433,MiW23
s000000953,MiW23
s000001576,MiW23
s000003598,MiW23
s000014490,MiW23
s000002193,MiW27
s000001966,MiW27
s000005530,MiW27
s000014491,MiW27
s000004298,MiW30
s000004231,MiW30
s000000636,MiW30
s000001115,MiW30
s000005968,MiW30
s000001189,MiW30
s000002086,MiW30
s000004264,MiW30
s000005187,MiW30
s000000582,MiW30
s000000748,MiW35
s000000320,MiW35
s000001948,MiW35
s000006455,MiW35
s000005111,MiW35
s000004228,MiW35
s000000748,MiW40
s000003012,MiW40
s000002191,MiW40
s000001735,MiW43
s000002272,MiW43
s000000398,MiW43
s000001827,MiW43
s000010274,MiW43
s000006214,MiW43
s000014492,MiW43
s000002789,MiW43
s000014493,MJu10
s000014494,MJu10
s000007712,MJu10
s000014495,MJu10
s000014496,MJu10
s000014497,MJu10
s000012218,MKa10
s000007457,MKa10
s000014498,MKa10
s000014499,MKa10
s000004001,MKa10
s000014500,MKa10
s000000703,MKa10
s000008423,MKa15
s000006276,MKa15
s000014501,MKa15
s000005794,MKb10
s000007269,MKb10
s000014502,MKb10
s000014503,MKb10
s000000009,MKb10
s000002181,MKb10
s000000679,MKb10
s000005092,MKb10
s000014504,MkD10
s000014505,MkD10
s000014506,MkD10
s000014507,MkD10
s000014508,MkD10
s000014509,MkD10
s000014510,MkD10
s000014511,MkD10
s000014512,MkD10
s000014504,MkD11
s000014507,MkD11
s000014513,MkD11
s000014514,MkD11
s000014515,MkD11
s000014516,MkD11
s000014517,MkD11
s000014518,MkD11
s000014519,MkD11
s000014520,MkD12
s000014521,MkD12
s000014522,MkD12
s000014523,MkD12
s000014524,MkD12
s000014525,MkD12
s000014526,MkD12
s000005294,MkG12
s000003764,MkG12
s000005524,MkG12
s000001519,MkG12
s000000007,MkG12
s000008003,MkG12
s000014527,MkG12
s000014528,MkG12
s000009553,MkG12
s000008703,MkG12
s000006486,MkG12
s000001482,MkG12
s000010698,MkG12
s000011898,MkG12
s000008376,StK15
s000001552,StK15
s000014529,StK15
s000006859,StK15
s000006859,StK15
s000014530,MKi10
s000014531,MKi10
s000014532,MKi10
s000014533,MKi10
s000014534,MKi10
s000005399,MKi10
s000014218,MKi10
s000014535,MKi10
s000014536,MKi10
s000014537,MKi10
s000002901,MKi10
s000014538,MKi10
s000014539,MKi10
s000014540,MKi10
s000008238,MkJ11
s000003561,MkJ11
s000014541,MkJ11
s000014542,MkJ11
s000004740,MkJ11
s000014543,MkK10
s000014544,MkK10
s000014545,MkP1
s000002087,MkP1
s000000181,MkP1
s000009326,MkP1
s000014546,MkP1
s000005928,MkP1
s000000971,MkR10
s000006907,MkR10
s000006682,MkR10
s000000674,MkR10
s000014547,MkR10
s000014548,MkR10
s000014549,MkR10
s000014550,MkR10
s000014551,MkR10
s000006859,MkR10
s000006859,MkR10
s000014552,MkR10
s000014553,MkR10
s000005037,MhR1
s000007842,MkS10
s000014554,MkS10
s000014555,MkS10
s000002258,MkT10
s000004687,MkT10
s000006859,MkT10
s000014556,MKv35
s000006859,MKv35
s000014557,MKv35
s000012816,MKy15
s000014558,MKy15
s000006859,MKy15
s000006859,MKy15
s000006859,MKy15
s000003717,ML6
s000003844,ML6
s000000454,ML6
s000000103,ML6
s000001654,ML6
s000005043,ML6
s000001545,ML6
s000002198,ML6
s000003844,ML8
s000000484,ML8
s000004967,ML8
s000000407,ML8
s000011144,ML8
s000001650,ML8
s000002904,ML8
s000001648,ML8
s000003047,ML8
s000000490,ML9
s000000829,ML9
s000000092,ML9
s000000827,ML9
s000005157,ML9
s000005409,ML9
s000004239,ML9
s000014559,ML9
s000002345,ML9
s000014560,ML9
s000014561,ML9
s000014562,ML9
s000014563,ML9
s000000212,ML10
s000004239,ML10
s000000205,ML10
s000004506,ML10
s000001545,ML10
s000014564,ML10
s000004797,ML10
s000009023,ML10
s000001989,ML12
s000002865,ML12
s000005157,ML12
s000003464,ML12
s000005409,ML12
s000004758,ML12
s000014565,ML12
s000001858,ML12
s000014566,ML12
s000013368,ML12
s000014567,ML12
s000001165,ML13
s000000111,ML13
s000000376,ML13
s000003565,ML13
s000000235,ML13
s000014568,ML13
s000002872,ML13
s000005896,ML14
s000003844,ML14
s000000628,ML14
s000004840,ML14
s000001165,ML15
s000004239,ML15
s000000008,ML15
s000004680,ML15
s000014569,ML17
s000000678,ML17
s000002325,ML17
s000001612,ML18
s000001612,ML18
s000003844,ML18
s000005372,ML21
s000000410,ML21
s000004239,ML21
s000002546,ML21
s000000254,ML21
s000012260,ML21
s000006036,ML21
s000014570,ML21
s000007085,ML30
s000014571,ML30
s000003791,ML30
s000002501,MLa10
s000014572,MLa10
s000014573,MLa10
s000014574,MLa10
s000014575,MLa10
s000006859,MLa10
s000006859,MLa10
s000003335,MLa10
s000002166,MLa19
s000000808,MlB10
s000014576,MlB10
s000014577,MlB10
s000014578,MlB10
s000014579,MLd10
s000014580,MLd10
s000014581,MLd10
s000005586,MLd10
s000014582,MLd10
s000009239,MlC10
s000014583,MlC10
s000014584,MlC10
s000009728,MlC10
s000005000,MlC15
s000004522,MlC15
s000014585,MlC15
s000014586,MlC15
s000005986,MlC15
s000004061,MlC15
s000014587,MlC15
s000001290,MlC15
s000014588,MlC15
s000014589,MLe10
s000014590,MLe10
s000014591,MLe10
s000005595,MLe10
s000000611,MLe10
s000006180,MLe10
s000014592,MLe10
s000005772,MLe10
s000006037,MLe10
s000002271,MlG1
s000014593,MlG1
s000007032,MlG1
s000014594,MlG1
s000014089,MlG1
s000003638,MlG1
s000004013,MlG1
s000002271,MlG5
s000014449,MlG5
s000014541,MlG5
s000003912,MlG5
s000003029,MLH5
s000004186,MLH5
s000004773,MLH5
s000001562,MLH5
s000003027,MLH5
s000014595,MLH5
s000006843,MLH5
s000004880,MLH5
s000006235,MLH5
s000006478,MLH5
s000012491,MLH5
s000003995,MLH10
s000005484,MLH10
s000000326,MLH10
s000001285,MLH10
s000006859,MLH10
s000003882,MLH20
s000014596,MLH20
s000007990,MLH20
s000005283,MLH20
s000000013,MLH20
s000007448,MLH20
s000014597,MLi10
s000014598,MLi10
s000002922,MLi10
s000009433,MlL1
s000011182,MlL1
s000014599,MlL1
s000014157,MlL1
s000003301,MLn10
s000003235,MLn10
s000004159,MLn10
s000000136,MLn10
s000003111,MLn10
s000003479,MLn10
s000005480,MLm1
s000005794,MLm1
s000001360,MLm5
s000005089,MLm5
s000014600,MLm5
s000014601,MLm5
s000014602,MLm5
s000006859,MLm5
s000014603,MLm5
s000012808,MLm5
s000014604,MlP10
s000014605,MlP10
s000014606,MlP10
s000006512,MlP10
s000005354,MLR4
s000001893,MLR4
s000001925,MLR4
s000005998,MLR4
s000000570,MLR4
s000014607,MLR4
s000011945,MLR4
s000003007,MLR4
s000000570,MLR4
s000000599,MLR6
s000003661,MLR6
s000014608,MLR6
s000009921,MLR6
s000014609,MLR6
s000003308,MLR6
s000001014,MLR6
s000004287,MLR6
s000006086,MLR6
s000000613,MLR6
s000005862,MLR6
s000006086,MLR7
s000000599,MLR7
s000001765,MLR7
s000006666,MLR7
s000000205,MLR7
s000001469,MLR7
s000003077,MLR7
s000003519,MLR7
s000000613,MLR7
s000001836,MLR7
s000014610,MLR7
s000004287,MLR7
s000001925,MLR7
s000006940,MLR7
s000000590,MLR7
s000006859,MLR7
s000004452,MLR8
s000001925,MLR8
s000006422,MLR8
s000002078,MLR8
s000001834,MLR8
s000003077,MLR8
s000001101,MLR8
s000005354,MLR11
s000009808,MLR12
s000000599,MLR12
s000001765,MLR12
s000006666,MLR12
s000001925,MLR12
s000006086,MLR12
s000000613,MLR12
s000000205,MLR12
s000003519,MLR12
s000004287,MLR12
s000003077,MLR12
s000006666,MLR14
s000000599,MLR14
s000007544,MLR14
s000003227,MLR14
s000005012,MLR14
s000003308,MLR14
s000005862,MLR14
s000005372,MLR14
s000014611,MLR14
s000005012,MLR14
s000002848,MLR14
s000002103,MLR16
s000003781,MLR16
s000002962,MLR16
s000014612,MLR16
s000005119,MLR16
s000013775,MLR16
s000003913,MLR18
s000001531,MLR18
s000007688,MLR18
s000002498,MLR18
s000005113,MLR18
s000003752,MLR18
s000002705,MLR18
s000014613,MLR18
s000006772,MLR18
s000006094,MLR18
s000004380,MLR18
s000004717,MLR18
s000011583,MLR18
s000004717,MLR18
s000003602,MLR22
s000006121,MLR22
s000010683,MLR22
s000001982,MLR22
s000004757,MLR22
s000005808,MLR22
s000014614,MLR22
s000005690,MLR23
s000006121,MLR23
s000004512,MLR23
s000006384,MLR23
s000001667,MLR23
s000002397,MLR23
s000000394,MLR23
s000000718,MLR23
s000001198,MLR27
s000002214,MLR27
s000004908,MLR27
s000001667,MLR27
s000004761,MLR27
s000006255,MLR27
s000006796,MLR27
s000010674,MLR27
s000003922,MLR27
s000006249,MLR29
s000014615,MLR29
s000006469,MLR29
s000006150,MLR29
s000014616,MLR29
s000001526,MLR29
s000004298,MLR29
s000006552,MLR30
s000001165,MLR30
s000001526,MLR30
s000011680,MLR30
s000005066,MLR30
s000002214,MLR31
s000004298,MLR31
s000014617,MLR31
s000006858,MLR31
s000000163,MLR31
s000000104,MLR32
s000006113,MLR32
s000003542,MLR32
s000004648,MLR32
s000003600,MLR32
s000000235,MLR32
s000000706,MLR32
s000007085,MLR34
s000003996,MLR34
s000002193,MLR34
s000002716,MLR34
s000001481,MLR34
s000001059,MLR34
s000006121,MLR35
s000003293,MLR35
s000006330,MLR35
s000002243,MLR35
s000003441,MLR35
s000001377,MLR35
s000005834,MLR35
s000000534,MLR35
s000000288,MLR35
s000000270,MLR35
s000006071,MLR35
s000006284,MLR35
s000006777,MLR35
s000001358,MLR35
s000003744,MLR35
s000006676,MLR39
s000004027,MLR39
s000004950,MLR39
s000000721,MLR39
s000008633,MLR39
s000009533,MLR39
s000014618,MLR39
s000002134,MLR39
s000002531,MLR39
s000003226,MLR40
s000002410,MLR40
s000004241,MLR40
s000005785,MLR40
s000000604,MLR42
s000003255,MLR43
s000014619,MLR43
s000003132,MLR43
s000014620,MLR43
s000006373,MLR43
s000002874,MLR43
s000014621,MLR43
s000006249,MLR50
s000005772,MLR50
s000014622,MLR50
s000000257,MLR50
s000008550,MLR50
s000005614,MLR50
s000003789,MLR50
s000006859,MLR50
s000006859,MLR50
s000006859,MLR50
s000006859,MLR50
s000006859,MLR50
s000006859,MLR50
s000006301,MLs10
s000003143,MLs10
s000014623,MLs10
s000014624,MLs10
s000014625,MLs10
s000007573,MLs10
s000001818,MLt5
s000014626,MLt5
s000004976,MLt5
s000014627,MLt5
s000014628,MLt5
s000003334,MLt10
s000006364,MLt10
s000004090,MLt10
s000000374,MLt15
s000003236,MLt15
s000003128,MLt15
s000003702,MLt15
s000005693,MLt15
s000005597,MLt15
s000000953,MLt15
s000002027,MLt15
s000002492,MLt15
s000001909,MLt15
s000005041,MLt20
s000002009,MLt22
s000005041,MLt22
s000004354,MLu10
s000003219,MLu10
s000014629,MLu10
s000014630,MLu10
s000014631,MLu10
s000000376,MlW5
s000001293,MlW5
s000014632,MlW5
s000001782,MlW10
s000014633,MlW10
s000004378,MlW10
s000006337,MlW10
s000000917,MlW10
s000014634,MlW10
s000014635,MlW10
s000014636,MlW10
s000006575,MlW10
s000014637,MlW10
s000014638,MlW10
s000000866,MM10
s000006581,MM10
s000004540,MM10
s000004540,MM10
s000000465,MM10
s000002315,MM20
s000007144,MM20
s000005056,MM20
s000008136,MM20
s000014639,MM20
s000010955,MM25
s000013685,MM25
s000004606,MM25
s000007523,MM25
s000013685,MM25
s000001499,MM30
s000014640,MM30
s000014641,MM30
s000011913,MM30
s000014642,MM30
s000013634,MM30
s000005370,MM30
s000014643,MM30
s000004767,MM33
s000001557,MM33
s000003320,MM33
s000006432,MM33
s000008852,MM37
s000004767,MM37
s000004981,MM37
s000014644,MM37
s000002675,MM37
s000014645,MM37
s000013132,MM37
s000006390,MM37
s000001357,MM41
s000014646,MM41
s000014647,MM41
s000005989,MMG10
s000004109,MMG10
s000001746,MMG10
s000006859,MMG10
s000004270,MMi10
s000000972,MMi10
s000003143,MMi10
s000004612,MMi20
s000002167,MMi20
s000005754,MMi20
s000003224,MMi20
s000003178,MMi20
s000001999,MMi20
s000003648,MMi20
s000002386,MMi21
s000003625,MMi21
s000014648,MMi21
s000011397,MMi21
s000002167,MMi21
s000001142,MmL10
s000003311,MmL10
s000004434,MmL10
s000014649,MmL10
s000001763,MmL12
s000003624,MmL12
s000006761,MmL12
s000005178,MmL12
s000005560,MmL12
s000014650,MmL12
s000002139,MmL12
s000006859,MmL12
s000014651,MmL12
s000014652,MmL12
s000006576,MmL12
s000014653,MmL12
s000014654,MmL12
s000014655,MmL12
s000007195,MmL12
s000014656,MmL12
s000014657,MmL12
s000008853,MmL12
s000014658,MmL12
s000014654,MmL12
s000014659,MmL12
s000006576,MmL12
s000014660,MmL12
s000002683,MMo10
s000002265,MMo10
s000006859,MMy10
s000006859,MMz10
s000006859,MMz10
s000006859,MMz10
s000006859,MMz10
s000014661,MMz10
s000014662,MMz10
s000006859,MMz10
s000000842,MN1
s000006113,MN1
s000005626,MN1
s000001562,MN1
s000000321,MN2
s000002827,MN2
s000005408,MN2
s000001433,MN2
s000002566,MN2
s000006709,MN2
s000002263,MN2
s000000264,MN2
s000001709,MN2
s000000185,MN3
s000000320,MN3
s000000476,MN3
s000002197,MN3
s000004552,MN3
s000004891,MN3
s000005034,MN3
s000005693,MN3
s000006432,MN3
s000006587,MN3
s000004572,MN4
s000002197,MN4
s000000500,MN4
s000009564,MN4
s000004371,MN4
s000004710,MN4
s000003184,MN4
s000005597,MN5
s000006348,MN5
s000005851,MN5
s000006562,MN5
s000000422,MN6
s000004572,MN6
s000001047,MN6
s000001353,MN6
s000005736,MN6
s000006112,MN6
s000006752,MN6
s000013349,MN6
s000006020,MN8
s000001075,MN8
s000005456,MN8
s000004530,MN8
s000005551,MN8
s000006496,MN8
s000005754,MN8
s000014663,MN8
s000013132,MN8
s000000624,MN8
s000005843,MN8
s000006020,MN11
s000004572,MN11
s000001432,MN11
s000005898,MN11
s000001047,MN11
s000014664,MN11
s000010697,MN11
s000004013,MN11
s000004676,MN11
s000002460,MN15
s000006564,MN15
s000002052,MN15
s000008180,MN15
s000007352,MN15
s000012446,MN15
s000000310,MN15
s000011745,MN15
s000001726,MN15
s000009215,MN15
s000014665,MN15
s000008208,MN15
s000006020,MN20
s000003837,MN20
s000005078,MN20
s000005214,MN20
s000002511,MN20
s000000885,MN20
s000001709,MN20
s000000475,MN20
s000011850,MN20
s000005009,MN20
s000007045,MN20
s000008088,MN20
s000006644,MN20
s000005214,MN20
s000000885,MN20
s000014666,MN20
s000014667,MN20
s000008350,MN20
s000002052,MN22
s000000475,MN22
s000014668,MN22
s000004572,MN25
s000004981,MN25
s000000238,MN25
s000014669,MN25
s000008903,MN25
s000004921,MN25
s000006689,MN27
s000011209,MN27
s000001045,MN27
s000000279,MN27
s000006649,MN27
s000002511,MN27
s000014670,MN27
s000000335,MN27
s000006260,MN28
s000006859,MN28
s000014671,MN31
s000012509,MN31
s000001091,MNa13
s000008826,MNa13
s000006524,MNa13
s000009325,MNa13
s000005639,MNa13
s000004752,MnB10
s000002730,MnB10
s000007311,MnB10
s000004410,MnB10
s000008097,MnB22
s000002542,MnB22
s000014672,MnB22
s000012697,MnB22
s000014673,MnB22
s000014674,MnB22
s000014675,MnB22
s000014676,MnB22
s000014677,MnB22
s000002776,MNe10
s000006820,MNe10
s000006243,MNe10
s000014678,MNe18
s000014679,MNe20
s000008118,MNe20
s000004979,MNe20
s000009644,MNe20
s000008271,MNe20
s000007888,MNe20
s000014680,MNe20
s000008136,MNe22
s000014681,MNe22
s000014682,MNe22
s000014683,MNe22
s000000348,MNe22
s000007580,MNe22
s000011929,MNe22
s000014684,MNe22
s000007581,MNe22
s000014685,MNe22
s000008136,MNe24
s000000348,MNe24
s000011993,MNe25
s000003821,MNe25
s000006165,MNe25
s000014686,MNe25
s000000885,MNe25
s000014687,MNe25
s000014688,MNe25
s000014689,MNe25
s000014690,MNe25
s000005174,MNe25
s000014691,MNe25
s000014692,MNe25
s000014693,MNe25
s000014694,MNe25
s000011993,MNe26
s000014695,MNe26
s000014696,MNe29
s000004767,MNe29
s000014697,MnK20
s000014698,MnK20
s000014699,MNo10
s000003763,MNo10
s000003073,MNo10
s000014700,MnP10
s000014701,MnP10
s000014702,MNv10
s000006859,MNv10
s000006859,MNv10
s000014703,MoA10
s000001281,MoB10
s000002188,MoB10
s000014704,MoB10
s000014705,MoB10
s000003681,MoB10
s000002319,MoF1
s000014706,MoF1
s000006767,MoF1
s000014707,MoF1
s000014708,MoF1
s000014709,MoF6
s000002710,MoF6
s000014710,MoF6
s000007524,MoF6
s000000045,MoF6
s000014711,MoF6
s000004572,MoH3
s000004283,MoH3
s000006859,MoH3
s000004639,MoH10
s000005572,MOp4
s000014712,MOp4
s000014713,MOp4
s000014714,MOp4
s000002476,MOp4
s000002876,MOp4
s000014715,MOp12
s000006859,MOp12
s000006859,MOp12
s000001893,MOp14
s000004322,MOp14
s000014716,MOp14
s000001428,MOp14
s000001258,MOp14
s000000793,MOp14
s000005473,MOp15
s000000447,MOp15
s000003996,MOp15
s000000616,MOp15
s000002041,MOp16
s000014717,MOp16
s000007073,MOp16
s000005805,MOp16
s000014718,MOp16
s000003996,MOp18
s000000484,MOp18
s000006460,MOp19
s000005744,MOp19
s000005202,MOp19
s000005766,MOp19
s000014719,MOp19
s000001451,MOp19
s000014720,MOp19
s000014721,MOp19
s000000361,MOp19
s000004281,MOp19
s000004924,MOp19
s000001456,MOp20
s000014719,MOp20
s000005766,MOp20
s000014722,MOp20
s000002170,MOp20
s000000678,MOp21
s000001451,MOp21
s000006915,MOp21
s000014723,MOp21
s000014724,MOp21
s000000957,MOp22
s000014725,MOp22
s000006460,MOp22
s000006330,MOp22
s000006594,MOp22
s000014726,MOp22
s000001375,MOp30
s000014727,MoT1
s000014728,MoT1
s000006859,MoT1
s000006859,MoT1
s000006859,MoT1
s000014729,MoT10
s000014730,MoT10
s000014731,MoT10
s000014732,MoT10
s000014733,MoT10
s000014734,MoT10
s000014735,MoT10
s000014736,MoT12
s000006859,MoT12
s000014737,MoT12
s000006859,MoT12
s000006859,MoT12
s000006384,MP2
s000002821,MP2
s000005483,MP4
s000003172,MP4
s000006384,MP4
s000003011,MP4
s000001755,MP4
s000005635,MP4
s000003883,MP4
s000004690,MP6
s000002907,MP6
s000004005,MP6
s000005002,MP6
s000003095,MP6
s000009237,MP6
s000001377,MP6
s000003760,MP6
s000014738,MP6
s000003683,MP8
s000006460,MP8
s000003293,MP8
s000001366,MP8
s000009036,MP8
s000003656,MP8
s000006757,MP8
s000004022,MP8
s000014739,MP8
s000003070,MP8
s000003536,MP8
s000013822,MP8
s000005272,MP9
s000002798,MP11
s000003683,MP11
s000006859,MP11
s000011099,MP11
s000001377,MP11
s000005046,MP11
s000000869,MP11
s000003430,MP11
s000001769,MP11
s000000954,MP11
s000014740,MP11
s000003536,MP11
s000001122,MP11
s000004587,MP12
s000004587,MP12
s000003683,MP12
s000002965,MP12
s000002364,MP12
s000004005,MP12
s000005834,MP12
s000003293,MP13
s000001921,MP13
s000005483,MP13
s000005763,MP13
s000003372,MP13
s000005689,MP15
s000014741,MP15
s000006460,MP15
s000002727,MP15
s000000394,MP15
s000014742,MP15
s000014743,MP15
s000009598,MP15
s000003372,MP15
s000003135,MP17
s000001921,MP17
s000001390,MP17
s000003372,MP17
s000014744,MP17
s000001054,MP17
s000004587,MP18
s000003604,MP18
s000005689,MP19
s000014743,MP19
s000014745,MP19
s000002727,MP19
s000011099,MP19
s000014746,MP19
s000009598,MP19
s000014747,MP19
s000011336,MP19
s000014748,MP19
s000014749,MP19
s000006460,MP25
s000005177,MP25
s000014750,MP25
s000009598,MP25
s000002440,MP31
s000005083,MP31
s000001994,MP31
s000003570,MP31
s000000610,MP35
s000000251,MP35
s000005689,MP35
s000004001,MP35
s000003372,MP35
s000005017,MP35
s000002344,MP35
s000014751,MP35
s000014752,MP35
s000004282,MP47
s000005107,MPa1
s000002141,MPa1
s000007253,MPa1
s000014753,MPa1
s000005107,MPa3
s000004379,MPa3
s000005107,MPa4
s000014754,MPa4
s000014753,MPa4
s000014755,MPa4
s000005107,MPa5
s000001963,MPa5
s000000962,MPa5
s000001495,MPa5
s000004779,MPa7
s000004875,MPa7
s000006416,MPa7
s000014756,MPe10
s000014757,MPe10
s000014758,MPe10
s000014759,MPe10
s000001568,MPi23
s000002969,MPi23
s000000630,MPi40
s000014760,MPi40
s000001568,MPi42
s000003912,MPi42
s000006859,MPi42
s000001568,MPi45
s000000630,MPi45
s000010253,MPi50
s000014761,MPi50
s000014762,MPi50
s000014763,MPi50
s000014764,MPi50
s000014765,MPi50
s000014766,MPi50
s000007760,MPl10
s000000044,MPl10
s000009491,MPo10
s000014767,MPo10
s000014768,MPo10
s000001590,MPr1
s000003049,MPr1
s000014769,MPr4
s000014770,MPr4
s000014771,MPr4
s000005064,MPr6
s000014772,MPr6
s000005666,MPr6
s000000014,MPr10
s000002775,MPr10
s000001630,MPr10
s000003364,MPr11
s000003507,MPr11
s000005398,MPr11
s000005823,MPr11
s000005402,MPr11
s000014773,MPr11
s000014774,MPr25
s000014775,MPr25
s000009185,MPr25
s000001434,MPr25
s000013605,MPr25
s000006859,MPr25
s000006775,MR2
s000005129,MR2
s000014776,MR2
s000002963,MR2
s000004283,MR2
s000004764,MR2
s000005443,MR2
s000002810,MR2
s000006587,MR3
s000004559,MR3
s000006775,MR3
s000003507,MR3
s000005221,MR3
s000002096,MR3
s000000138,MR3
s000003744,MR4
s000005092,MR4
s000014777,MR4
s000014778,MR4
s000005274,MR4
s000004559,MR9
s000001680,MR9
s000004515,MR9
s000001596,MR9
s000000221,MR9
s000004915,MR9
s000000842,MR11
s000000600,MR11
s000006594,MR11
s000008442,MR11
s000006493,MR11
s000001468,MR11
s000014779,MR11
s000001390,MR11
s000002825,MR11
s000002597,MR11
s000003570,MR11
s000003596,MR11
s000004559,MR12
s000014780,MR12
s000000636,MR12
s000001104,MR12
s000000320,MR12
s000001679,MR13
s000001266,MR13
s000000040,MR13
s000010463,MR13
s000006015,MR13
s000002566,MR13
s000014781,MR13
s000003133,MR14
s000000076,MR14
s000014782,MR14
s000002031,MR14
s000004391,MR14
s000006569,MR14
s000002833,MR14
s000002492,MR14
s000002627,MR15
s000001221,MR15
s000001810,MR15
s000001997,MR15
s000006850,MR15
s000014783,MR15
s000003790,MR15
s000004021,MR17
s000000825,MR17
s000004774,MR17
s000000246,MR17
s000004528,MR17
s000003132,MR17
s000005816,MR17
s000014784,MR17
s000014785,MR17
s000000098,MR19
s000004422,MR19
s000000525,MR19
s000014786,MR19
s000004469,MR19
s000003919,MR19
s000001979,MR21
s000003598,MR21
s000000725,MR21
s000002810,MR21
s000011470,MR21
s000001979,MR25
s000003143,MR25
s000003236,MR25
s000001200,MR25
s000002235,MR25
s000014787,MR25
s000005912,MR29
s000006235,MR29
s000006767,MR29
s000001311,MR29
s000014788,MR29
s000002792,MR29
s000014789,MR29
s000004227,MR29
s000014790,MR29
s000014791,MR29
s000001817,MR29
s000006022,MR30
s000001709,MR30
s000005898,MR30
s000003880,MR30
s000006478,MR30
s000006569,MR30
s000006637,MR30
s000004578,MR30
s000005051,MR30
s000014792,MR30
s000014793,MR30
s000006569,MR30
s000014794,MR30
s000002038,MR34
s000001557,MR34
s000012528,MR34
s000014795,MR34
s000014796,MR34
s000008703,MR34
s000014797,MR34
s000007275,MR34
s000002976,MRa10
s000002560,MRb10
s000005006,MRb10
s000003848,MRb15
s000001125,MRb15
s000005272,MRb15
s000000467,MRc10
s000002640,MRc10
s000003673,MRc10
s000004098,MRc10
s000007457,MrD2
s000000608,MrD2
s000014798,MRe7
s000005776,MRe7
s000001366,MRe7
s000005070,MRe7
s000002962,MRe7
s000014799,MRe7
s000003430,MRe7
s000004146,MRm10
s000001462,MRm10
s000006833,MRm20
s000001351,MRm20
s000000311,MRm20
s000014800,MRm20
s000014801,MRm20
s000014802,MRm20
s000001091,MrN12
s000014803,MrN12
s000007455,MrN12
s000014804,MrN12
s000000285,MRo10
s000005794,MRo10
s000004685,MRo10
s000005830,MRP10
s000014805,MRP10
s000004534,MRP10
s000009322,MRP10
s000014806,MRP10
s000014807,MRP10
s000009322,MRP14
s000014808,MRP14
s000006026,MRP14
s000002452,MRP14
s000000312,MRP14
s000003483,MRP14
s000014809,MRP14
s000014810,MRP14
s000010807,MRP14
s000005458,MRP14
s000010460,MRP14
s000014811,MRP14
s000003146,MRP14
s000007195,MRP14
s000014812,MRP14
s000005048,MRr5
s000014813,MRr5
s000014814,MRr5
s000014815,MRr5
s000013310,MRs1
s000002965,MRs1
s000001242,MRs1
s000003089,MRs1
s000008438,MRs1
s000001629,MRs2
s000003196,MRs13
s000001707,MRs13
s000005318,MRs13
s000006158,MRs13
s000014816,MRs13
s000014817,MRs13
s000004500,MRs13
s000001679,MRs16
s000006302,MRs21
s000003276,MRs21
s000014818,MRs21
s000006954,MRs21
s000004601,MRs21
s000006092,MRs21
s000004355,MRs21
s000014819,MRs21
s000001976,MRs21
s000006859,MRs21
s000006859,MRs21
s000004531,MRs21
s000006859,MRs21
s000006859,MRs21
s000006859,MRs21
s000006859,MRs21
s000006859,MRs21
s000002839,MRs25
s000003251,MRs25
s000003913,MRs25
s000005399,MRs25
s000004106,MRs25
s000002846,MRs25
s000006019,MRs25
s000010727,MRs25
s000014820,MRs25
s000005242,MRs25
s000000510,MRs32
s000003167,MRs32
s000001646,MRs32
s000005650,MRs32
s000005876,MRs32
s000006548,MRs32
s000003261,MRs32
s000004559,MRs36
s000005842,MRs36
s000005354,MRs36
s000000297,MRs36
s000004064,MRs36
s000000979,MRs36
s000014821,MRs36
s000014822,MRs39
s000006104,MRs39
s000014823,MRs39
s000002706,MRs39
s000000822,MRs39
s000014824,MRs39
s000004267,MRs39
s000001696,MRs39
s000014825,MRs39
s000005914,MRs41
s000006820,MRs41
s000014826,MRs41
s000004475,MRs41
s000002776,MRs43
s000002193,MRs43
s000003279,MRs43
s000002422,MRs43
s000002369,MRs43
s000006036,MRs43
s000005419,MRs43
s000000808,MRs43
s000004021,MRs43
s000005173,MRt3
s000005173,MRt5
s000000680,MRt5
s000004999,MRt5
s000000943,MRt5
s000001680,MRt5
s000001576,MRt6
s000001945,MRt6
s000003309,MRt6
s000004751,MRt6
s000005028,MRt6
s000004649,MRt6
s000002460,MRt6
s000005063,MRt6
s000004021,MRt7
s000014827,MRt7
s000005240,MRt8
s000003409,MRt8
s000001129,MRt8
s000003618,MRt8
s000000877,MRt11
s000006505,MRt11
s000004107,MRt11
s000014828,MRt11
s000006051,MRt11
s000014829,MRt11
s000004021,MRt15
s000006689,MRt15
s000005185,MRt15
s000001066,MRt18
s000014830,MRt18
s000004019,MRt18
s000003943,MRt18
s000002683,MRt20
s000003218,MRt20
s000012528,MRt20
s000006773,MRt25
s000002371,MRt25
s000001576,MRt25
s000002961,MRt27
s000013818,MRh10
s000014831,MRh10
s000013177,MRh10
s000014832,MRh10
s000014833,MRh10
s000006859,MRh10
s000014834,MRh10
s000014835,MRh10
s000006859,MRh10
s000006859,MRh10
s000014836,MRh10
s000001468,MRv6
s000004672,MRv6
s000006802,MRv6
s000014837,MRv6
s000002780,MRy1
s000001562,MRy1
s000001728,MRy1
s000000866,MRy5
s000002376,MRy5
s000000877,MRy5
s000003222,MRy5
s000006552,MRy7
s000010776,MRy7
s000001576,MRy7
s000004221,MRy9
s000000398,MRy9
s000002037,MRy10
s000002757,MRy10
s000002038,MRy10
s000014838,MRy10
s000010708,MRy10
s000004221,MRy19
s000000866,MRy19
s000005626,MRy19
s000013645,MRy19
s000002258,MRy21
s000006005,MRy21
s000007990,MRy21
s000003471,MRy21
s000005631,MRy21
s000014839,MRy21
s000014840,MRy21
s000014841,MRy21
s000014842,MRy21
s000003234,MS1
s000014843,MS1
s000000969,MS2
s000002771,MS2
s000005049,MS2
s000003234,MS3
s000001557,MS3
s000011471,MS3
s000014844,MS3
s000014845,MS3
s000014846,MS3
s000014847,MS3
s000013028,MS3
s000000969,MS3
s000000972,MS3
s000005593,MS3
s000008011,MS4
s000003234,MS4
s000003409,MS4
s000003796,MS4
s000002072,MS4
s000006108,MS4
s000003440,MS4
s000001383,MS4
s000002336,MS4
s000001557,MS5
s000005702,MS5
s000002072,MS5
s000000680,MS5
s000003234,MS5
s000000752,MS5
s000005593,MS5
s000000003,MS5
s000002623,MS5
s000004275,MS7
s000001557,MS7
s000005886,MS7
s000005049,MS7
s000000003,MS7
s000014848,MS7
s000014849,MS7
s000014850,MS10
s000014851,MS10
s000001771,MS10
s000014852,MS10
s000014853,MS10
s000001111,MS10
s000014854,MS10
s000014855,MS10
s000014856,MS10
s000014857,MS10
s000005903,MS10
s000014858,MS10
s000014859,MS10
s000014860,MS10
s000001557,MS18
s000004384,MS18
s000004903,MS18
s000014861,MS18
s000001164,MS18
s000005495,MS18
s000014862,MS18
s000001557,MS19
s000000003,MS19
s000000524,MS19
s000003640,MS19
s000013352,MS19
s000005129,MS19
s000014863,MS19
s000012735,MS19
s000000646,MS19
s000014864,MS19
s000014865,MS19
s000001748,MS20
s000000208,MS20
s000000601,MS20
s000001090,MS20
s000002207,MS20
s000008368,MS20
s000004676,MS20
s000002710,MS20
s000003927,MS20
s000004559,MS21
s000001357,MS21
s000004010,MS21
s000005672,MS21
s000008149,MS21
s000008609,MS21
s000001525,MS22
s000003234,MS22
s000002771,MS22
s000000669,MS22
s000014866,MS23
s000000844,MS23
s000006859,MS23
s000000208,MS23
s000014867,MS23
s000014868,MS23
s000000098,MS23
s000001928,MS23
s000014869,MS23
s000014870,MS23
s000012705,MS25
s000005644,MS25
s000001557,MS25
s000004903,MS25
s000005851,MS25
s000007833,MS25
s000014871,MS25
s000014872,MS25
s000014873,MS25
s000001557,MS26
s000004603,MS26
s000003503,MS26
s000009071,MS26
s000014874,MS26
s000000320,MS26
s000004298,MS26
s000004867,MS26
s000010815,MS26
s000001499,MS28
s000005480,MS28
s000004921,MS28
s000014875,MS28
s000006775,MS28
s000014876,MS28
s000001050,MS28
s000004104,MS28
s000014877,MS28
s000005804,MS28
s000002396,MS28
s000011260,MS28
s000008829,MS28
s000004767,MS30
s000006005,MS30
s000004903,MS30
s000014878,MS30
s000003364,MS30
s000005277,MS30
s000014879,MS30
s000006859,MS32
s000000872,MS34
s000009447,MS34
s000007666,MS34
s000013837,MS34
s000008001,MS34
s000005593,MS34
s000000230,MSa6
s000005372,MSa6
s000000687,MSa6
s000002884,MSa6
s000000602,MSa6
s000005250,MSa6
s000001140,MSa6
s000004229,MSa6
s000004998,MSa6
s000002384,MSa6
s000000230,MSa7
s000005372,MSa7
s000002884,MSa7
s000000739,MSa7
s000000602,MSa7
s000005250,MSa7
s000004619,MSa7
s000000230,MSa8
s000005372,MSa8
s000005609,MSa8
s000014880,MSa8
s000000103,MSa8
s000008764,MSa8
s000000317,MSa8
s000002384,MSa8
s000003976,MSa8
s000002757,MSa9
s000002716,MSa9
s000003955,MSa9
s000000086,MSa9
s000001338,MSa9
s000007332,MSa9
s000003896,MSa9
s000006543,MSa9
s000003888,MSa9
s000014881,MSa9
s000014882,MSa9
s000014883,MSa9
s000000230,MSa10
s000005372,MSa10
s000000602,MSa10
s000002884,MSa10
s000001305,MSa10
s000014884,MSa10
s000013431,MSa10
s000007934,MSa10
s000014885,MSa10
s000000230,MSa12
s000005372,MSa12
s000000454,MSa12
s000014886,MSa12
s000003381,MSa12
s000000984,MSa12
s000004797,MSa12
s000003338,MSa12
s000004083,MSa12
s000005418,MSb10
s000002036,MSb10
s000001013,MSb10
s000005994,MSb10
s000005933,MSC10
s000000757,MSC10
s000001048,MSe10
s000001214,MSe10
s000006045,MSe10
s000014887,MSe10
s000014888,MSe10
s000000178,MSe15
s000004610,MSe15
s000014889,MSe15
s000014890,MSe15
s000003278,MSe15
s000000178,MSe18
s000004610,MSe18
s000011943,MSe18
s000014891,MSe18
s000014892,MSf10
s000014893,MSf10
s000014894,MSf10
s000014895,MSf10
s000014896,MSf10
s000014895,MSf10
s000014897,MSf10
s000014898,MSf10
s000014899,MSf10
s000014900,MSf10
s000014901,MSf15
s000014900,MSf15
s000008850,MSJ10
s000014902,MSJ10
s000008849,MSJ10
s000007045,MSJ10
s000003160,MSJ10
s000008350,MSJ10
s000014903,MSJ10
s000014904,MSJ10
s000014905,MSJ10
s000006859,MSJ10
s000004469,MSL10
s000002027,MSL10
s000005728,MSL10
s000003637,MSL10
s000003483,MSL10
s000000690,MSL10
s000001614,MSL10
s000000094,MSL15
s000005551,MSL15
s000002027,MSL15
s000003609,MSL15
s000003625,MSL15
s000003637,MSL15
s000005683,MSL15
s000006212,MSL15
s000003700,MSL15
s000002334,MSm10
s000014691,MSm10
s000006173,MSm10
s000014906,MSm10
s000014907,MSm10
s000004001,MSm10
s000006182,MSm10
s000014908,MSm10
s000005820,MSm10
s000004007,MSm14
s000014909,MSm14
s000000420,MSm14
s000003625,MSm14
s000003688,MSm14
s000014691,MSm17
s000014910,MSm17
s000005188,MSm17
s000006859,MSm17
s000005240,MSm17
s000014911,MSm17
s000004264,MSm17
s000008147,MSm17
s000014912,MSm17
s000014913,MSo10
s000014482,MSo10
s000012875,MSo10
s000014914,MSo10
s000014915,MSo10
s000014916,MSo10
s000014917,MSp2
s000014918,MSp5
s000014917,MSp5
s000014917,MSp10
s000014919,MSp10
s000014920,MSp10
s000014921,MSp10
s000014922,MSp10
s000010547,MSr10
s000001132,MSr10
s000014923,MSr10
s000014924,MSr10
s000014925,MSr10
s000008613,MSt30
s000014926,MSt30
s000014927,MSt30
s000014928,MSt30
s000002188,MSt40
s000008613,MSt40
s000002188,MSt53
s000004370,MSt53
s000000379,MSt53
s000010088,MSt53
s000006926,MSt53
s000006859,MSt53
s000014929,MSt53
s000014930,MSt53
s000014931,MSt53
s000002886,MSw10
s000014932,MSw10
s000014933,MSw10
s000014934,MSw10
s000006859,MSw10
s000014935,MSw10
s000000054,MSz8
s000005064,MSz8
s000000938,MSz8
s000001631,MSz8
s000004047,MSz8
s000004392,MSz8
s000005064,MSz10
s000005064,MSz10
s000005064,MSz10
s000004118,MSz10
s000000265,MSz10
s000006776,MSz10
s000014936,MSz10
s000005064,MSz11
s000000725,MSz11
s000002452,MSz11
s000003680,MSz11
s000002191,MSz11
s000005626,MSz15
s000005492,MSz15
s000006524,MSz15
s000006501,MSz15
s000006728,MSz15
s000003966,MSz15
s000014937,MSz25
s000014938,MSz25
s000000726,MtB16
s000008378,MtB16
s000014939,MtB16
s000007983,MtB16
s000014940,MtB16
s000012705,MtC10
s000002742,MtC10
s000011260,MtC10
s000002934,MtC10
s000013644,MtC10
s000014941,MtC10
s000000763,MtC12
s000008270,MtC12
s000014942,MtC12
s000003060,MtC12
s000000299,MtC12
s000014943,MtC12
s000006859,MtC12
s000003687,MtC12
s000014944,MtC12
s000009277,MtC12
s000006859,MtC12
s000006859,MtC12
s000006859,MtC12
s000006859,MtC12
s000006859,MtC12
s000006859,MtC12
s000006859,MtC12
s000002868,MtC15
s000012699,MtC15
s000012699,MtC15
s000000323,MtC15
s000011260,MtC15
s000014945,MtC15
s000003137,MtC15
s000006859,MtC15
s000014600,MtC15
s000005303,MtD10
s000000180,MtD10
s000001239,MtD10
s000002969,MTh10
s000013645,MtM10
s000014946,MtM10
s000014947,MtR1
s000014948,MtR1
s000014949,MtR1
s000014950,MtR1
s000014951,MtR1
s000014952,MtR5
s000014953,MtR5
s000011110,MtR5
s000006859,MtR5
s000014954,MtR5
s000006022,MtR10
s000008118,MtR10
s000006859,MtR10
s000014955,MtR10
s000003876,MTU10
s000012395,MTU10
s000014956,MTU10
s000014957,MTU10
s000009125,MTU10
s000014958,MTU10
s000014959,MTU10
s000014960,MTU10
s000004563,MuB5
s000003095,MuB5
s000005776,MuB5
s000005377,MuB5
s000014961,MuB5
s000014962,MuB5
s000002877,MuB5
s000003643,MuB5
s000014963,MuK10
s000014964,MuK10
s000014965,MuK10
s000002562,MvC10
s000003813,MvC10
s000002130,MvC10
s000000892,MvC10
s000006112,MvC10
s000005854,MvC20
s000005073,MvC20
s000003123,MvC20
s000001471,MvC20
s000002371,MvC20
s000006108,MvC20
s000006764,MvC20
s000005089,MvC20
s000003887,MvC20
s000000822,MvC20
s000002203,MvC30
s000003139,MvC30
s000012228,MvC30
s000002634,MvC30
s000005874,MvC30
s000004466,MvC30
s000014966,MvD10
s000014967,MvD10
s000012589,MvD10
s000014968,MVh10
s000014969,MVh10
s000014970,MVh10
s000014971,MVh10
s000014972,MVP5
s000014973,MVP5
s000000891,MVP10
s000004825,MVP10
s000014808,MVP20
s000014974,MVP20
s000014975,MVP20
s000014976,MVP20
s000014977,MVP20
s000014978,MVP20
s000014979,MVP20
s000000116,MVP20
s000014980,MVP20
s000014981,MVP20
s000009322,MVP20
s000014625,MVP22
s000003722,MVP22
s000014979,MVP22
s000009322,MVP40
s000007348,MVP40
s000014982,MVP40
s000014983,MVP47
s000014984,MVP47
s000014985,MVP47
s000014986,MVP47
s000002865,MvS1
s000006426,MvS1
s000014987,MvS1
s000006213,MvS1
s000012066,MvS1
s000014988,MvS1
s000002865,MvS2
s000001682,MvS2
s000004234,MvS2
s000005804,MvS2
s000004096,MvS2
s000003904,MvS2
s000001014,MvS2
s000000490,MvS2
s000003087,MvS2
s000001757,MvS2
s000006722,MvS2
s000014989,MvS2
s000002392,MvS3
s000014990,MvS3
s000002996,MvS3
s000001103,MvS3
s000002479,MvS3
s000003214,MvS4
s000000447,MvS4
s000000194,MvS4
s000014991,MvS4
s000002479,MvS4
s000006581,MvS4
s000008877,MvS4
s000006859,MvS4
s000003214,MvS6
s000014992,MvS6
s000006628,MvS6
s000001669,MvS6
s000006849,MvS6
s000014993,MvS6
s000009533,MvS6
s000002776,MvS10
s000003977,MvS10
s000001650,MvS10
s000002479,MvS10
s000014994,MvS10
s000004538,MvS10
s000004559,MvS12
s000006775,MvS12
s000001083,MvS12
s000005305,MvS12
s000006213,MvS12
s000014185,MvT10
s000007907,MvT10
s000009007,MvT10
s000014995,MWa4
s000006642,MWa4
s000014996,MWa4
s000014997,MWa4
s000014998,MWa4
s000014999,MWa4
s000002001,MWa10
s000006390,MWa10
s000004693,MWa10
s000000146,MwB10
s000015000,MwB10
s000015000,MwB10
s000015000,MwB10
s000008193,MWid15
s000006225,MWid15
s000010604,MWid15
s000009219,MWid15
s000007758,MWid16
s000015001,MWl10
s000006859,MWe10
s000006859,MWe10
s000015002,MWe12
s000006859,MWe12
s000015002,MWe15
s000015003,MWu10
s000015004,MWu10
s000015005,MWz10
s000015006,MWz10
s000015007,MWz10
s000006859,MWz10
s000006859,MWz10
s000015008,MxA10
s000015008,MxA10
s000006859,MxA10
s000000492,MxB10
s000004658,MxB10
s000000290,MxB10
s000015009,MxB10
s000015010,MxB10
s000007654,MxB10
s000004064,MxS12
s000005354,MxS12
s000015011,MYa20
s000015012,MYa20
s000015013,MYa20
s000015014,MYa20
s000015015,MYa20
s000006877,MyH10
s000010859,MyH10
s000007456,MyH10
s000006859,MyH10
s000007842,MyH10
s000015016,MyH10
s000010645,MyH10
s000014189,MyH10
s000002337,MyR10
s000005301,MyR10
s000015017,MyR10
s000015018,MyS10
s000006859,MyS10
s000006859,MyS10
s000000127,MZ1
s000003660,MZ1
s000015019,MZ1
s000015020,MZ1
s000001399,MZ1
s000015021,MZ15
s000006847,MZa5
s000002442,MZa5
s000002457,MZa5
s000001210,MZa5
s000003536,MZa5
s000001167,MZa5
s000004218,MZa5
s000000021,MZa5
s000001767,MZa5
s000004022,MZa5
s000000898,MZa5
s000002755,MZa5
s000005601,MZa10
s000015022,MZa10
s000006485,MZa10
s000006507,MZa10
s000011099,MZa10
s000006408,MZa10
s000003553,MZa10
s000005251,MZa10
s000001704,MZa10
s000005876,MZa10
s000007852,MZa10
s000015023,MzN4
s000006859,MzN4
s000006859,MzN4
s000015023,MzN10
s000015023,MzN10
s000015024,MzN10
s000015025,MzN10
s000006859,MzN10
s000006859,MzN10
s000015023,MzN15
s000015026,MzN15
s000015027,MzN15
s000015028,NAb10
s000005483,NAC10
s000000791,NAC10
s000005998,NAC10
s000004572,NaM3
s000003222,NaM3
s000015029,NaM3
s000007837,NaM3
s000007572,NaM3
s000015030,NaM3
s000002305,NaM3
s000006859,NBa10
s000006859,NBa10
s000006859,NBa10
s000006859,NBa10
s000001655,NBr10
s000013490,NBr17
s000015031,NBr17
s000015032,NBr17
s000015033,NBr17
s000015034,NcC10
s000001555,NcG10
s000008957,NcG10
s000005629,NcG10
s000001460,NCh10
s000015035,NCh10
s000015036,NCh10
s000015037,NCh10
s000004293,NCh10
s000007869,NCh10
s000006774,NCh10
s000002577,NCh10
s000002271,NcM10
s000002955,NcM10
s000000070,NcM10
s000006225,NcM10
s000015038,NcM10
s000004897,NcM10
s000006860,NcM10
s000006860,NcM10
s000000565,NCo11
s000001970,NCo11
s000004882,NCs10
s000006789,NCs10
s000006260,NCs10
s000005423,NCs10
s000005164,NeJ10
s000010501,NeJ10
s000015039,NeJ10
s000015040,NeJ10
s000003507,NeJ12
s000006505,NeJ12
s000011917,NeJ12
s000015041,NeJ12
s000015042,NeJ12
s000015043,NeJ12
s000005164,NeJ12
s000002887,NeJ14
s000015044,NeJ14
s000000877,NeJ14
s000006859,NeJ14
s000006859,NeJ14
s000006859,NeJ14
s000008693,NeJ14
s000004752,NeJ15
s000001557,NeJ16
s000004882,NeJ16
s000000267,NeJ16
s000003347,NeJ16
s000015045,NeJ16
s000015046,NeJ16
s000005683,NeJ16
s000004338,NeJ16
s000006096,NeJ16
s000015047,NeJ20
s000015048,NeJ20
s000015049,NeJ20
s000012115,NeJ20
s000005164,NeJ22
s000008118,NeJ22
s000015050,NeJ22
s000008006,NeJ22
s000012134,NeJ22
s000015051,NeJ22
s000013598,NeJ22
s000015052,NeJ28
s000005164,NeJ28
s000015053,NeJ28
s000008306,NeJ28
s000015054,NeJ28
s000015055,NeJ28
s000007453,NeJ29
s000004347,NeJ29
s000005164,NeJ29
s000008692,NeJ29
s000015056,NeJ29
s000006859,NeJ29
s000015057,NeJ29
s000006859,NeJ29
s000003746,NF3
s000007074,NF3
s000001982,NF3
s000014095,NF3
s000011427,NF3
s000003746,NF4
s000002127,NF4
s000000570,NF4
s000011427,NF4
s000015058,NF4
s000007074,NF4
s000000970,NF4
s000015059,NF4
s000011429,NF4
s000000050,NF4
s000015060,NF4
s000003746,NF6
s000002935,NF6
s000015061,NF6
s000001036,NF6
s000007078,NF6
s000003746,NF7
s000000113,NF7
s000006653,NF7
s000005250,NF7
s000015062,NF7
s000002926,NF7
s000006222,NF9
s000003746,NF10
s000001281,NF10
s000005513,NF10
s000001258,NF10
s000000970,NF10
s000015063,NF10
s000003746,NF12
s000005567,NF12
s000000243,NF12
s000015064,NF12
s000015063,NF12
s000006222,NF13
s000005395,NF13
s000007071,NF13
s000006840,NF13
s000002084,NF13
s000015065,NF13
s000009706,NF13
s000000591,NF13
s000015066,NF13
s000006401,NF13
s000007344,NF13
s000002556,NF13
s000014019,NF13
s000002779,NF13
s000006222,NF14
s000001297,NF16
s000006587,NF16
s000001542,NF16
s000005801,NF16
s000004358,NF16
s000015067,NF16
s000000488,NF16
s000004810,NF21
s000001786,NF21
s000001230,NF21
s000004810,NF25
s000001786,NF25
s000006817,NF25
s000006679,NF27
s000000890,NF27
s000005696,NF27
s000015068,NF29
s000005756,NF29
s000015069,NF29
s000015070,NF29
s000015071,NF29
s000005748,NF30
s000015072,NFi10
s000002225,NGp10
s000005790,NGp10
s000003754,NGr10
s000015073,NGr10
s000015074,NGr10
s000015075,NGr10
s000003486,NGr10
s000015076,NGr10
s000001800,NGr10
s000003196,NGr20
s000003304,NGr20
s000000480,NGr20
s000010322,NGr20
s000013524,NGr20
s000000434,NGr20
s000015077,NHa10
s000007554,NHa10
s000015078,NHa10
s000015079,NHa10
s000002685,NHy10
s000004282,NHy10
s000012218,NHy10
s000015080,NHy10
s000009737,NHy15
s000005430,NHy15
s000000070,NHy15
s000002685,NHy15
s000006859,NHy15
s000015081,NHy17
s000002179,NHy17
s000015082,NHy17
s000015083,NHy17
s000015084,NHy17
s000014261,NHy17
s000015085,NHy17
s000015086,NHy17
s000015087,NHy17
s000015088,NHy17
s000015089,NHy17
s000005042,NiC10
s000002483,NiC10
s000004678,NiC10
s000005964,NiC10
s000003688,NiC30
s000004979,NiC30
s000006179,NiC30
s000004021,NiC30
s000006728,NiC30
s000015090,NiC30
s000002072,NiG10
s000005693,NiG10
s000005804,NiG10
s000005738,NiG10
s000003041,NiG10
s000002371,NiG20
s000003244,NiG20
s000001388,NiG20
s000006505,NiM5
s000004089,NiM5
s000005912,NiM5
s000015091,NiM5
s000007231,NiM5
s000015092,NiM5
s000008248,NiM5
s000005670,NiM12
s000004585,NiM12
s000004317,NiM12
s000003246,NiM12
s000000100,NiM12
s000003379,NiM12
s000001658,NiM12
s000006085,NiM12
s000004571,NiM12
s000005318,NiM13
s000006682,NiM13
s000010272,NiM13
s000003678,NiM13
s000001364,NiM13
s000003862,NiM13
s000000535,NiM13
s000015093,NiM20
s000003190,NiM20
s000006859,NiM20
s000003045,NiM20
s000015094,NiM20
s000007856,NiM20
s000015095,NiM20
s000015096,NiM20
s000015097,NiM20
s000015098,NiM30
s000005670,NiM30
s000004571,NiM30
s000004905,NiM30
s000015099,NiM30
s000003246,NiM30
s000005580,NiM30
s000013916,NiM30
s000003379,NiM30
s000003005,NiM30
s000007720,NiM30
s000004981,NiM30
s000001015,NiM30
s000006505,NiM30
s000001658,NiM30
s000013423,NiM30
s000006859,NiM30
s000013421,NiM30
s000013426,NiM30
s000008443,NiP10
s000008443,NiP10
s000008443,NiP10
s000002271,NiP17
s000002087,NiR1
s000009232,NiR1
s000004788,NiR1
s000009233,NiR1
s000000048,NiR2
s000015100,NiR2
s000015101,NiR2
s000006859,NiR2
s000001096,NiR3
s000006049,NiR3
s000003994,NiR3
s000006690,NiR3
s000003902,NiR3
s000004984,NiR3
s000011689,NiR3
s000000669,NiR4
s000002743,NiR4
s000001115,NiR4
s000001000,NiR4
s000006235,NiR4
s000003081,NiR4
s000005448,NiR20
s000005448,NiR30
s000005448,NiR31
s000005187,NiR40
s000001655,NiR40
s000005448,NiR42
s000004685,NiR42
s000002580,NIs10
s000006856,NIs10
s000003355,NIs10
s000006134,NIs10
s000002469,NIs10
s000006030,NIs10
s000005035,NIs10
s000004150,NJ5
s000005354,NJ5
s000000165,NJ5
s000006581,NJ5
s000006235,NJ5
s000003880,NJ5
s000000599,NJ5
s000005213,NJ6
s000004986,NJ7
s000005914,NJ7
s000015102,NJ7
s000002395,NJ7
s000004639,NJ7
s000005264,NJ7
s000006719,NJ7
s000005555,NJ7
s000004008,NJ7
s000007229,NJ7
s000006639,NJ7
s000015103,NJ7
s000002221,NJ7
s000006859,NJ7
s000004150,NJ8
s000001735,NJ8
s000000822,NJ8
s000006610,NJ8
s000003397,NJ8
s000006232,NJ11
s000004949,NJ11
s000002143,NJ11
s000009839,NJ11
s000015104,NJ11
s000001320,NJ11
s000015105,NJ11
s000015106,NJ11
s000002305,NJ11
s000015107,NJ11
s000005592,NJ11
s000015108,NJ11
s000015109,NJ12
s000015110,NJ12
s000012835,NJ12
s000015111,NJ12
s000015112,NJ12
s000007243,NJ12
s000015113,NJ12
s000000866,NJ13
s000002890,NJ13
s000000427,NJ13
s000000031,NJ13
s000005882,NJ14
s000005914,NJ14
s000000680,NJ14
s000006501,NJ15
s000002067,NJ15
s000006014,NJ15
s000005240,NJ16
s000002683,NJ16
s000006096,NJ16
s000002939,NJ16
s000002038,NJ20
s000000321,NJ20
s000006208,NJ20
s000001075,NJ25
s000000872,NJ25
s000001726,NJ25
s000000662,NJ25
s000002191,NJ25
s000007041,NJ25
s000003870,NJ25
s000002284,NJ25
s000015114,NJ25
s000001592,NJ30
s000004867,NJ30
s000004257,NJ30
s000003537,NJ30
s000006859,NJ30
s000006859,NJ30
s000005385,NJ34
s000006859,NJ34
s000015115,NJ34
s000006524,NJ42
s000005994,NJi10
s000007475,NJi10
s000015116,NJi10
s000002955,NJi10
s000010644,NJi10
s000007040,NJi10
s000005167,NJu3
s000003887,NJu3
s000002695,NJu9
s000007540,NJu9
s000015117,NJu9
s000015118,NJu9
s000015119,NJu9
s000005167,NJu10
s000001481,NJu10
s000002116,NJu10
s000003539,NJu10
s000003035,NJu10
s000015120,NJu10
s000014622,NJu12
s000002393,NJu12
s000006148,NJu12
s000001886,NJu12
s000006859,NJu12
s000006859,NJu12
s000006859,NJu12
s000006859,NJu12
s000006859,NJu12
s000006859,NJu12
s000015121,NJu20
s000015122,NkM10
s000011973,NkM10
s000015123,NkM10
s000008006,NkM10
s000008012,NkM10
s000005216,NkM10
s000006859,NKo15
s000006859,NKo25
s000006859,NKo25
s000011568,NKp10
s000015124,NKp12
s000006859,NKp22
s000006859,NKp22
s000015125,NKp30
s000006859,NKp40
s000006859,NKp40
s000006859,NKp40
s000006859,NKp40
s000006859,NKp40
s000008903,NKz10
s000015126,NKz10
s000015127,NKz10
s000000192,NKz10
s000015128,NLB10
s000015129,NLB10
s000015130,NLB10
s000015131,NLB10
s000015132,NLB11
s000015130,NLB11
s000015133,NLB11
s000005978,NLB11
s000013439,NLB11
s000008188,NLB11
s000015131,NLB11
s000006848,NLB12
s000002139,NLB12
s000006859,NLB12
s000008409,NLB12
s000008313,NLB12
s000015130,NLB12
s000015134,NLl93
s000006036,NLl93
s000015135,NLl93
s000007639,NLl93
s000015136,NLl93
s000000953,NLl94
s000015137,NLl94
s000007638,NLl94
s000005607,NLl94
s000006605,NLl94
s000015138,NLl94
s000015139,NLl94
s000011535,NLl94
s000015140,NLl94
s000004100,NLl95
s000014356,NLl95
s000006859,NLl95
s000003235,NLl96
s000001419,NLl96
s000015141,NLl96
s000015142,NLl96
s000015143,NLl96
s000004150,NLl97
s000002790,NLl97
s000015144,NLl97
s000015145,NLl97
s000015146,NLl97
s000003235,NLl98
s000007631,NLl98
s000015147,NLl98
s000015148,NLl98
s000004377,NLl99
s000000406,NLl99
s000015149,NLl100
s000001750,NLl100
s000006011,NLl100
s000004150,NLl101
s000003746,NLl101
s000011883,NLl101
s000015150,NLl102
s000010390,NLl102
s000004835,NLl102
s000002885,NLl103
s000005627,NLl103
s000002098,NLl103
s000004021,NLl104
s000001976,NLl104
s000015151,NLl104
s000015152,NLl104
s000015140,NLl104
s000015153,NLl104
s000010390,NLl105
s000004989,NLl105
s000006968,NLl105
s000015154,NLl105
s000004197,NLl106
s000000717,NLl106
s000003635,NLl106
s000013553,NLl106
s000015155,NLl106
s000015156,NLl106
s000001975,NLl107
s000007272,NLl107
s000015157,NLl107
s000003043,NLl107
s000007089,NLl107
s000001029,NLl107
s000015158,NLl107
s000006816,NLl108
s000015159,NLl108
s000015160,NLl108
s000008336,NLl108
s000015161,NLl108
s000000876,NLl108
s000005093,NLl108
s000015162,NLl108
s000015163,NLl108
s000015164,NLl108
s000004807,NLl109
s000011176,NLl109
s000006485,NLl109
s000000570,NLl110
s000005053,NLl110
s000011822,NLl110
s000000196,NLl110
s000004724,NLl111
s000015165,NLl111
s000009902,NLl112
s000002469,NLl112
s000015166,NLl112
s000015167,NLl112
s000003804,NLl113
s000000195,NLl113
s000002491,NLl113
s000000855,NLl114
s000000855,NLl114
s000000855,NLl114
s000006650,NLl114
s000007654,NLl114
s000005237,NLl115
s000005755,NLl115
s000015168,NLl115
s000015169,NLl115
s000015170,NlM10
s000015171,NlM10
s000015172,NlM10
s000015173,NlM10
s000015174,NMe10
s000015175,NMe10
s000005271,NMe10
s000005078,NMe10
s000015176,NMe10
s000015177,NMe10
s000003984,NML1
s000003985,NML1
s000003983,NML1
s000003986,NML1
s000003987,NML1
s000006220,NML1
s000003984,NML2
s000003985,NML2
s000003983,NML2
s000003987,NML2
s000002441,NML2
s000006220,NML2
s000003470,NML2
s000004879,NML2
s000002744,NML4
s000001989,NML4
s000002392,NML4
s000001252,NML4
s000002884,NML4
s000004689,NML4
s000004634,NML4
s000001861,NML4
s000005434,NML4
s000005360,NML4
s000001938,NML4
s000005862,NML4
s000005789,NML4
s000001989,NML5
s000015178,NML5
s000002905,NML5
s000015179,NML5
s000015180,NML5
s000015181,NML5
s000002392,NML7
s000000481,NML7
s000006832,NML7
s000000820,NML7
s000004429,NML7
s000004789,NML7
s000003448,NML7
s000000481,NML10
s000006832,NML10
s000000228,NML10
s000000820,NML10
s000004429,NML10
s000006131,NML10
s000005852,NML20
s000001314,NML20
s000005373,NML20
s000002280,NML20
s000005080,NML20
s000004161,NML20
s000015182,NML20
s000003214,NML21
s000004045,NML21
s000006393,NML21
s000001155,NML21
s000000182,NML21
s000000008,NML21
s000005886,NML21
s000000293,NML21
s000003381,NML21
s000015183,NML21
s000001344,NML24
s000002865,NML24
s000003464,NML24
s000005844,NML24
s000001937,NML24
s000015184,NML24
s000007132,NML24
s000002865,NML26
s000005453,NML26
s000000196,NML26
s000009821,NML26
s000006545,NML26
s000014022,NML26
s000015185,NML26
s000015186,NML26
s000015187,NML26
s000002865,NML31
s000002041,NML31
s000005144,NML31
s000005047,NML31
s000009316,NML31
s000003938,NML31
s000000970,NML31
s000015188,NML31
s000004420,NML31
s000001044,NML31
s000004012,NMv1
s000003892,NMv1
s000003242,NMv1
s000015189,NMv1
s000015190,NMv1
s000015191,NMv1
s000006859,NMv8
s000006859,NMv8
s000009729,NMa10
s000009721,NMa10
s000009722,NMa10
s000015192,NMa10
s000009730,NMa10
s000015193,NMa10
s000015194,NnM10
s000015195,NNo1
s000015196,NNo1
s000015197,NNo1
s000003706,NNo1
s000003706,NNo1
s000015198,NNo2
s000002666,NNo2
s000005956,NNo3
s000009533,NNo3
s000005943,NNo3
s000006636,NNo3
s000015199,NNo3
s000013630,NNo3
s000015200,NNo3
s000015201,NNo4
s000004019,NNo5
s000000583,NNo5
s000005803,NNo5
s000000652,NNo7
s000015202,NNo7
s000015203,NNo7
s000015204,NNo7
s000015205,NNo8
s000012975,NNo8
s000015206,NNo11
s000001237,NNo11
s000000444,NNo11
s000015207,NNo13
s000004719,NNo13
s000002650,NNo13
s000007238,NNo16
s000015208,NNo16
s000004891,NoB3
s000006581,NoB3
s000005135,NoB3
s000002201,NoB3
s000004715,NoB3
s000015209,NoB3
s000001013,NoB10
s000005449,NoB10
s000003407,NoB10
s000006486,NoB10
s000004302,NoB10
s000003210,NoE1
s000010645,NoE1
s000014089,NoE1
s000000014,NoE1
s000002009,NoE1
s000004529,NoE1
s000006859,NoE1
s000015210,NoE1
s000014872,NoE1
s000015211,NoE1
s000015212,NoE1
s000015213,NoE1
s000011138,NoE1
s000015214,NoE1
s000015215,NoE1
s000015216,NoE1
s000015217,NoE1
s000015218,NoE1
s000011646,NoE1
s000002580,NoE3
s000015219,NoE3
s000005470,NoE3
s000008380,NoE3
s000008210,NoE3
s000009493,NoE3
s000005214,NoE3
s000015220,NoE3
s000006859,NoE3
s000005470,NoE5
s000005331,NoE5
s000002896,NoE5
s000002961,NoE5
s000002580,NoE8
s000005470,NoE8
s000008875,NoE8
s000015221,NoE8
s000006859,NoE8
s000008129,NoE8
s000006859,NoE8
s000006859,NoE8
s000006859,NoE8
s000006859,NoE8
s000006859,NoE8
s000006859,NoE8
s000000329,NoL20
s000004792,NoL20
s000015222,NoL26
s000004737,NoL26
s000002821,NoL26
s000004898,NoL26
s000004269,NoL26
s000015223,NoL26
s000015224,NoL26
s000003007,NoL26
s000004705,NoM10
s000006859,NOs2
s000006859,NOs3
s000006859,Nos12
s000006859,Nos12
s000015225,NOs30
s000015226,NOs30
s000015225,NOs35
s000015227,NOs35
s000015228,NOs35
s000003125,NoT3
s000004977,NoT3
s000005434,NoT3
s000015229,NoT3
s000015230,NoT3
s000003876,NoT3
s000003483,NoT3
s000003844,NoT5
s000005911,NoT5
s000002214,NoT5
s000001463,NoT5
s000007255,NoT5
s000015231,NoT5
s000004774,NoT5
s000000286,NoT5
s000000565,NoT10
s000001123,NoT10
s000003376,NoT10
s000001242,NoT10
s000006550,NoT10
s000004943,NoT10
s000004377,NoT10
s000003125,NoT12
s000004697,NoT12
s000004377,NoT12
s000006806,NoT12
s000004090,NoT15
s000001741,NoT15
s000000532,NoT15
s000004377,NoT15
s000005959,NoT15
s000005561,NoT15
s000008837,NOx20
s000003214,NPa3
s000003095,NPa3
s000015232,NPa3
s000004807,NPa3
s000015233,NPa3
s000003507,NPa3
s000000218,NPa3
s000004220,NPa3
s000004831,NPa3
s000004500,NPa3
s000006859,NPk10
s000006859,NPk10
s000006859,NPS25
s000002390,NR1
s000004668,NR1
s000001453,NR1
s000015234,NR2
s000001680,NR2
s000002387,NR2
s000006669,NR2
s000002041,NR4
s000005473,NR4
s000005611,NR4
s000003627,NR4
s000001967,NR4
s000009845,NR4
s000014440,NR4
s000002905,NR4
s000015235,NR4
s000000613,NR5
s000002387,NR5
s000015236,NR5
s000003757,NR5
s000005206,NR5
s000005805,NR5
s000015237,NR5
s000005473,NR7
s000000443,NR7
s000003793,NR7
s000000625,NR7
s000004298,NR8
s000002706,NR8
s000003276,NR8
s000001326,NR10
s000004062,NR10
s000002691,NR10
s000000648,NR10
s000000625,NR10
s000000970,NR10
s000000690,NR10
s000009849,NR11
s000006765,NR11
s000004273,NR11
s000009035,NR11
s000000032,NR11
s000000284,NR11
s000002871,NR11
s000001662,NR11
s000001059,NR14
s000001152,NR14
s000006121,NR14
s000003013,NR14
s000002963,NR19
s000005473,NR19
s000015238,NR19
s000006191,NR19
s000002667,NR19
s000006235,NR19
s000002479,NR19
s000003666,NR19
s000002180,NR19
s000001436,NR19
s000002776,NR20
s000004587,NR20
s000002193,NR20
s000005359,NR20
s000015239,NR20
s000007319,NR20
s000003781,NR20
s000003013,NR20
s000000152,NR20
s000005632,NR20
s000011689,NR20
s000015240,NR20
s000000414,NR20
s000003018,NR20
s000001487,NRe6
s000015241,NRe6
s000015242,NRe6
s000015243,NRe6
s000011900,NRe6
s000005470,NRe10
s000000310,NRe10
s000015244,NRe10
s000000420,NRe10
s000014823,NRe10
s000011073,NRe10
s000005176,NSg10
s000015245,NSg10
s000015246,NSg10
s000005063,NSg10
s000006709,NSg10
s000011100,NSg10
s000001741,NSi10
s000006282,NSm10
s000000400,NSm10
s000015247,NSm10
s000005198,NSm10
s000015248,NSv10
s000015249,NSv10
s000015250,NSv10
s000001254,NT20
s000015251,NT20
s000012749,NT20
s000015252,NT20
s000005346,NT20
s000001244,NT30
s000015253,NT30
s000012749,NT30
s000015252,NT30
s000004789,NT30
s000001162,NT31
s000001162,NT31
s000001165,NT31
s000001757,NT31
s000004429,NT31
s000000338,NT31
s000006222,NT31
s000006164,NT31
s000002973,NT31
s000001083,NT32
s000001765,NT32
s000002884,NT32
s000002341,NT32
s000015254,NT32
s000015255,NT32
s000010123,NT32
s000006607,NT32
s000006222,NT32
s000014036,NT32
s000001732,NT32
s000015256,NT32
s000001344,NT36
s000011951,NT36
s000000829,NT36
s000000092,NT36
s000001861,NT36
s000004194,NT36
s000015257,NT36
s000004239,NT36
s000003741,NT40
s000004967,NT40
s000001989,NT40
s000006387,NT40
s000006116,NT40
s000004217,NT40
s000010321,NT40
s000001950,NT40
s000006573,NT40
s000015258,NT40
s000001759,NT40
s000004634,NT44
s000000829,NT44
s000000092,NT44
s000006446,NT44
s000000367,NT44
s000005326,NT44
s000008503,NT44
s000007630,NT44
s000015259,NT44
s000004194,NT44
s000006107,NT44
s000015260,NT44
s000000617,NT44
s000005434,NT44
s000006573,NT44
s000005887,NT44
s000004836,NT44
s000009162,NT44
s000015261,NT44
s000015262,NT44
s000006094,NT44
s000000917,NT45
s000001815,NT45
s000004194,NT45
s000002123,NT45
s000004819,NT45
s000003955,NT50
s000004836,NT50
s000006261,NT50
s000004822,NT50
s000015263,NT50
s000002123,NT50
s000003260,NT55
s000005360,NT55
s000000711,NT55
s000003148,NT55
s000011586,NT55
s000015264,NT55
s000002290,NT55
s000004164,NT55
s000002565,NT55
s000015263,NT55
s000006249,NT60
s000005399,NT60
s000002949,NT60
s000005242,NT60
s000015265,NT60
s000008440,NT60
s000006539,NT60
s000004607,NT60
s000000230,NT70
s000005013,NT70
s000004467,NT70
s000003850,NT70
s000005257,NT70
s000004375,NT70
s000002962,NT70
s000015266,NT75
s000008856,NT92
s000001343,NT92
s000004648,NT94
s000005042,NT94
s000006161,NT94
s000004467,NT94
s000010124,NT94
s000015267,NT94
s000002209,NT94
s000004589,NT94
s000002392,NT105
s000001695,NT105
s000006307,NT105
s000011600,NT105
s000006734,NT105
s000003964,NT110
s000003640,NT110
s000003600,NT110
s000004617,NT110
s000000205,NT110
s000001119,NT110
s000007074,NT110
s000006859,NT110
s000005241,NT120
s000002011,NT120
s000004180,NT120
s000001255,NT120
s000004607,NT120
s000008253,NT120
s000004193,NT120
s000002629,NT120
s000005453,NT121
s000004166,NT121
s000006806,NT121
s000001119,NT121
s000005038,NT127
s000000569,NT127
s000015268,NT127
s000006739,NT127
s000005956,NT127
s000003507,NT127
s000015269,NT127
s000004143,NT127
s000005038,NT128
s000005956,NT128
s000010941,NT128
s000006859,NT128
s000006859,NT128
s000004867,NuJ1
s000001325,NuJ1
s000015019,NuJ1
s000000008,NuJ1
s000002180,NuJ1
s000001786,NuJ1
s000001865,NuJ1
s000008442,NuJ1
s000005372,NuJ2
s000002716,NuJ2
s000005104,NuJ2
s000006201,NuJ2
s000015270,NuJ2
s000002192,NuJ2
s000003608,NuJ2
s000003413,NuJ2
s000015271,NuJ2
s000004544,NuJ2
s000005448,NuJ2
s000002384,NuJ3
s000004617,NuJ3
s000001153,NuJ3
s000001369,NuJ3
s000015272,NuJ3
s000001119,NuJ3
s000004607,NuJ3
s000004867,NuJ4
s000003135,NuJ4
s000003913,NuJ4
s000015273,NuJ4
s000002592,NuJ4
s000001152,NuJ4
s000006806,NuJ4
s000003699,NuJ4
s000004895,NuJ4
s000015274,NuJ4
s000015275,NuJ4
s000015276,NuJ4
s000004653,NuJ4
s000001428,NuJ4
s000002280,NuJ4
s000015277,NuJ4
s000015275,NuJ4
s000015276,NuJ4
s000006212,NuJ4
s000015278,NuJ4
s000015279,NuJ4
s000006859,NuJ4
s000002314,NuJ4
s000015280,NuJ4
s000015281,NuJ4
s000015282,NuJ4
s000006775,NuJ6
s000001152,NuJ6
s000006550,NuJ6
s000014989,NuJ6
s000002037,NuJ7
s000000959,NuJ7
s000004075,NuJ7
s000013028,NuJ7
s000001407,NuJ7
s000004492,NuJ7
s000015283,NuJ7
s000015284,NyA10
s000015285,NyA10
s000015286,nYo15
s000015287,nYo15
s000015288,nYo15
s000015289,nYo15
s000015290,nYo15
s000015291,nYo15
s000015292,OKa10
s000015293,OKa10
s000015294,OKa10
s000015295,OKa10
s000008158,OlA10
s000003562,OlA10
s000015296,OlA10
s000015297,OlA14
s000003562,OlA14
s000015298,OlA14
s000006859,OlA14
s000006859,OlA14
s000015299,OlA16
s000002969,OlA16
s000000418,OlA16
s000002037,OlH1
s000002983,OlH1
s000006740,OlH1
s000000877,OlS3
s000005692,OlS9
s000001681,OlS12
s000005692,OlS12
s000008869,OlS12
s000005693,OlS12
s000015300,OlS12
s000006833,OlS12
s000010507,OlS12
s000002833,OlS12
s000015301,OlS12
s000004233,OlS12
s000015302,OlS12
s000006370,OlS12
s000001357,OlS15
s000008707,OlS15
s000001396,OlS15
s000006859,OlS15
s000015303,OlS15
s000010707,OlS15
s000003320,OlS17
s000003834,OlS17
s000006859,OlS17
s000005470,OlS17
s000015304,OlS17
s000002923,OlS17
s000001296,OlS18
s000012687,OlS18
s000003143,OlS18
s000000285,OlS18
s000006859,OlS18
s000004685,OlS18
s000006859,OlS18
s000011261,OlS18
s000008669,OlS18
s000014542,OlS18
s000005858,OlS18
s000004903,OlS18
s000003612,OlS18
s000004021,OlS18
s000003143,OlS20
s000015305,OlS20
s000015306,OlS20
s000001074,OlS20
s000004567,OlS20
s000006793,OlS20
s000003143,OlS22
s000006100,OlS22
s000003160,OlS22
s000002868,OlS23
s000007523,OlS23
s000014669,OlS23
s000002617,OlS23
s000015307,OlS23
s000006860,OlS23
s000009550,OlS23
s000005851,OlS23
s000015308,OlS23
s000002887,OlS23
s000007952,OlS23
s000008349,OlS23
s000003954,OlS23
s000006484,OlS23
s000006773,OlS23
s000000641,OlS23
s000005912,OlS23
s000008433,OlS23
s000015309,OlS23
s000007987,OlS23
s000015310,OlS23
s000006860,OlS23
s000006860,OlS23
s000015311,OlS23
s000005167,OlS23
s000009196,OlS23
s000015312,OlS23
s000006534,OlS23
s000004882,OlS25
s000008314,OlS25
s000004603,OlS25
s000000641,OlS25
s000007884,OlS25
s000009267,OlS25
s000008544,OlS25
s000006859,OlS27
s000000149,OP8
s000006566,OP8
s000006201,OP8
s000000132,OP8
s000005047,OP8
s000000026,OP8
s000002024,OP8
s000015313,OP8
s000000327,OP10
s000001887,OP10
s000001153,OP10
s000000408,OP10
s000005047,OP10
s000007074,OP10
s000000254,OP10
s000005233,OP12
s000001449,OP13
s000006655,OP13
s000002425,OP13
s000005513,OP13
s000015314,OP13
s000005233,OP13
s000001326,OP14
s000000149,OP14
s000002037,OP14
s000005513,OP15
s000000980,OP15
s000001318,OP15
s000002425,OP15
s000010690,OP15
s000006054,OP15
s000000149,OP18
s000006859,OP18
s000006201,OP18
s000006859,OP18
s000004197,OP18
s000003880,OP18
s000005763,OP20
s000004298,OP20
s000003955,OP20
s000004707,OP20
s000000113,OP20
s000002136,OP20
s000006212,OP20
s000002426,OP20
s000004298,OP23
s000004313,OP23
s000005232,OP23
s000012802,OP23
s000015315,OP23
s000001423,OP24
s000015316,OP24
s000000445,OP24
s000015317,OP24
s000000291,OP24
s000015318,OP24
s000002314,OP24
s000008275,OP24
s000004905,OP24
s000015319,OP24
s000015320,OP24
s000015321,OP24
s000005772,OP26
s000004809,OP26
s000004625,OP26
s000004096,OP26
s000015322,OP26
s000015323,OP26
s000015324,OP26
s000004181,OP26
s000005998,OP26
s000015325,OP26
s000015326,OP26
s000005624,OP28
s000005968,OP30
s000004653,OP30
s000005597,OP30
s000005221,OP30
s000015327,OP30
s000000182,OP30
s000006577,OP30
s000002393,OP30
s000000182,OP30
s000015328,OP30
s000015272,OP30
s000015329,OP30
s000015328,OP30
s000005080,OP30
s000001215,OP30
s000015330,OP30
s000001824,OP30
s000015331,OP30
s000004559,OP31
s000005272,OP31
s000011346,OP31
s000004273,OP31
s000001152,OP31
s000002457,OP31
s000005145,OP31
s000000270,OP31
s000004724,OP31
s000004187,OP32
s000004187,OP33
s000006552,OP34
s000012735,OP40
s000002906,OP40
s000015332,OP40
s000006181,OP40
s000001156,OP40
s000000910,OP44
s000003777,OP44
s000006859,OP44
s000001156,OP44
s000004187,OP44
s000004719,OP44
s000003520,OP44
s000002906,OP44
s000003634,OP44
s000002035,OP44
s000002180,OP44
s000002485,OP44
s000005171,OP44
s000006696,OP50
s000000240,OP50
s000003039,OP50
s000004390,OP50
s000002272,OP50
s000006218,OP50
s000015333,OP50
s000015334,OP50
s000003005,OP50
s000007194,OPa1
s000000697,OPa1
s000003038,OPa1
s000007443,OPa1
s000010605,OPa1
s000015335,OPa1
s000015336,OPa1
s000015337,OPa1
s000010737,OPa2
s000007460,OPa2
s000004347,OPa2
s000012218,OPa2
s000001712,OPa2
s000003399,OPa2
s000006763,OPa2
s000006859,OPa2
s000006859,OPa2
s000015338,OSo10
s000015339,OSo10
s000015340,OSo10
s000006587,OW1
s000001207,OW1
s000001297,OW1
s000005801,OW1
s000001192,OW1
s000005969,OW1
s000006515,OW1
s000005522,OW1
s000004358,OW1
s000005663,OW1
s000001298,OW1
s000000087,OW1
s000015341,OW1
s000001293,OW2
s000001297,OW2
s000004358,OW2
s000002858,OW2
s000000408,OW2
s000001192,OW2
s000000488,OW2
s000005522,OW2
s000007704,OW2
s000006587,OW2
s000006859,OW3
s000015342,OW3
s000015343,OW3
s000015344,OW3
s000015345,OW3
s000015346,OW3
s000006587,OW3
s000015347,OW3
s000005354,OW4
s000006587,OW4
s000006828,OW4
s000015348,OW4
s000003723,OW4
s000003235,OW4
s000007623,OW4
s000008867,OW4
s000006587,OW5
s000002707,OW5
s000005801,OW5
s000000119,OW5
s000008336,OW5
s000005522,OW5
s000005568,OW5
s000006587,OW6
s000007273,OW6
s000015349,OW6
s000004090,OW6
s000000368,OW6
s000001258,OW6
s000006587,OW7
s000015350,OW7
s000001210,OW7
s000015351,OW7
s000001146,OW7
s000015352,OW7
s000006587,OW8
s000002776,OW9
s000006587,OW9
s000003600,OW9
s000006094,OW9
s000000884,OW9
s000001612,OW9
s000004062,OW9
s000006560,OW9
s000001297,OW9
s000006806,OW9
s000001192,OW9
s000002174,OW9
s000004891,OW10
s000004365,OW10
s000005574,OW10
s000006094,OW10
s000013261,OW10
s000003977,OW10
s000011814,OW10
s000012046,OW10
s000005358,OW10
s000003730,OW10
s000006587,OW10
s000006587,OW11
s000014123,OW11
s000002272,OW11
s000011489,OW11
s000004365,OW11
s000015353,OW11
s000006565,OW11
s000006430,OW11
s000014586,OW11
s000015354,OW11
s000004365,OW13
s000005064,OzS10
s000006317,OzS10
s000004612,PAal
s000004719,PAal
s000002491,PAal
s000004704,PAal
s000006475,PAal
s000007470,PaB10
s000004921,PaB10
s000006856,PaB10
s000000182,PaB10
s000003779,PaB10
s000000870,PaB10
s000002966,PaB10
s000005945,PaB10
s000005127,PaC10
s000000038,PaC20
s000009012,PaC20
s000003674,PaC20
s000000259,PaC20
s000006273,PaC24
s000015355,PaC24
s000015356,PAd1
s000015357,PAd1
s000005487,PAd2
s000014968,PAd3
s000014968,PAd4
s000005487,PAd13
s000005009,PAd13
s000015358,PAd13
s000015359,PAd13
s000015360,PAd13
s000015361,PAd13
s000015362,PAd13
s000015363,PAd13
s000015364,PAd13
s000015365,PAd13
s000005487,PAd14
s000015366,PAd17
s000015367,PAd17
s000001224,PAd17
s000005731,PaF10
s000002470,PaF10
s000015368,PaF10
s000001172,PaF10
s000008475,PaH50
s000006816,PaH50
s000015369,PaH50
s000010723,PaH50
s000002940,PaH50
s000015370,PaH50
s000015371,PaH50
s000015372,PaH50
s000003459,PaH50
s000015373,PaH50
s000015374,PaH50
s000015375,PaH50
s000015376,PaH51
s000004409,PaH51
s000006859,PaH51
s000006111,PaH52
s000007635,PaH52
s000010697,PaH53
s000000742,PaH53
s000002515,PaH53
s000002479,PaH54
s000003938,PaH54
s000006672,PaH54
s000010124,PaH54
s000015377,PaH54
s000015378,PaH54
s000015379,PaH54
s000015380,PaH54
s000015381,PaH54
s000004886,PaH55
s000005607,PaH55
s000003746,PaH55
s000012385,PaH55
s000015382,PaH55
s000015383,PaH60
s000004468,PaH60
s000001226,PaH60
s000001643,PaH60
s000005058,PaH60
s000013803,PaH61
s000015384,PaH61
s000015385,PaH61
s000005274,PaH61
s000015386,PaH61
s000007649,PaH106
s000006145,PaH106
s000015387,PaH106
s000015388,PaH107
s000007654,PaH107
s000000742,PaH107
s000001343,PaH108
s000003689,PaH108
s000015389,PaH108
s000001683,PaH108
s000003318,PaH109
s000006982,PaH109
s000004021,PaH109
s000015390,PaH110
s000004399,PaH110
s000001469,PaH111
s000007693,PaH111
s000000065,PaH111
s000015391,PaH111
s000015392,PaH113
s000004977,PaH113
s000004415,PaH113
s000011114,PaH113
s000015393,PaH113
s000003235,PaH114
s000006605,PaH114
s000015394,PaH114
s000015395,PaH114
s000015396,PaH114
s000015397,PaH114
s000006605,PaH114
s000006968,PaH114
s000007638,PaH115
s000006066,PaH115
s000006806,PaH116
s000005934,PaH116
s000004835,PaH116
s000015150,PaH116
s000015398,PaH116
s000015399,PaH116
s000005989,PaH117
s000001186,PaH117
s000015400,PaH117
s000011371,PaH117
s000008339,PaH117
s000004484,PaH117
s000015401,PaH117
s000002221,PaH118
s000004075,PaH118
s000001239,PaH118
s000004972,PaH118
s000000501,PaH119
s000015390,PaH119
s000004490,PaH120
s000006240,PaH120
s000015402,PaH121
s000015403,PaH121
s000015404,PaH121
s000004021,PaH122
s000015405,PaH122
s000015406,PaH122
s000015407,PaH122
s000015408,PaH122
s000015409,PaH122
s000015410,PaH122
s000015411,PaH122
s000001235,PaH123
s000015412,PaH123
s000015413,PaH123
s000015414,PaH123
s000000131,PaH123
s000001750,PaH124
s000003938,PaH124
s000006859,PaH124
s000001873,PaH125
s000007628,PaH125
s000000195,PaH126
s000006667,PaH126
s000000225,PaH126
s000015415,PaH127
s000015416,PaH127
s000015417,PaH127
s000005989,PaH128
s000015418,PaH128
s000006860,PaH128
s000001061,PaH215
s000000452,PaH215
s000004860,PaH215
s000000036,PaH215
s000001481,PaJ10
s000006859,PaJ10
s000005611,PaJ10
s000005852,PaJ10
s000004116,PaJ10
s000002956,PaJ10
s000015419,PaJ10
s000003033,PaJ60
s000004031,PAl1
s000006859,PAl1
s000015420,PAl1
s000015421,PAl1
s000015422,PAl4
s000005641,PAl4
s000000105,PAl4
s000004031,PAl6
s000015423,PAl6
s000000323,PAl6
s000015424,PAl6
s000015425,PAl6
s000015426,PAl6
s000004031,PAl8
s000004031,PAl10
s000002489,PAl10
s000015427,PAl10
s000003905,PAl10
s000001566,PAl10
s000000360,PAl10
s000000323,PAl10
s000000323,PAl12
s000000012,PAl12
s000013857,PAl12
s000015428,PAl12
s000015429,PAl12
s000006859,PAl12
s000006859,PAl12
s000007675,PAl14
s000000012,PAl14
s000014359,PAl14
s000015430,PAl14
s000015431,PAl14
s000006859,PAl14
s000015432,PAl16
s000000012,PAl16
s000001311,PAl16
s000006859,PAl16
s000006859,PAl16
s000001566,PAl16
s000015433,PAl16
s000015434,PAl18
s000015435,PAl18
s000015436,PAl18
s000015437,PAl18
s000015438,PAl18
s000015439,PAl20
s000015440,PAl20
s000015441,PAl20
s000015442,PAl20
s000006893,PAl21
s000015443,PAl21
s000015444,PAl21
s000015445,PAl21
s000008203,PAl21
s000000156,PaM10
s000004380,PaM10
s000002076,PaM10
s000004450,PaM10
s000004661,PaM10
s000015446,PaM10
s000013908,PaM10
s000005078,PAn10
s000006859,PAn10
s000006859,PaP2
s000003867,PaP10
s000015447,PaP10
s000010236,PaP10
s000015448,PaP15
s000015449,PaP15
s000015450,PaP15
s000010236,PaP19
s000003892,PaP19
s000005884,PaP20
s000000883,PaP25
s000006859,PaP25
s000012705,PAR10
s000001296,PAR10
s000003862,PAR10
s000014089,PAR10
s000015451,PAR10
s000003133,PAR10
s000003466,PAR10
s000005173,PAR14
s000004986,PAR14
s000004937,PAR14
s000000269,PAR14
s000008849,PAR14
s000012444,PAR14
s000003339,PAR14
s000015452,PaS10
s000006859,PaS10
s000006859,PaS10
s000006859,PaS10
s000006859,PaS10
s000003234,PAu10
s000015453,PAu10
s000001396,PAu10
s000015454,PaW14
s000006859,PaW14
s000001913,PB1
s000000836,PB1
s000005361,PB1
s000006049,PB10
s000004282,PB10
s000000051,PB10
s000015455,PB12
s000005376,PB12
s000010379,PB12
s000007991,PB12
s000015456,PBa1
s000003686,PBa1
s000015457,PBa1
s000015458,PBa1
s000000969,PBa3
s000005882,PBa3
s000002461,PBa3
s000006782,PBa3
s000001272,PBa3
s000000969,PBa4
s000004126,PBa4
s000002558,PBa4
s000000972,PBa4
s000000914,PBa4
s000001272,PBa4
s000005882,PBa4
s000005593,PBa4
s000006885,PBa6
s000006782,PBa6
s000000462,PBa6
s000001627,PBa8
s000003217,PBa8
s000002966,PBa8
s000003638,PBa8
s000005748,PBa8
s000005395,PBa8
s000006026,PBa8
s000009043,PBa9
s000006782,PBa9
s000005666,PBa9
s000000463,PBa9
s000005683,PBa9
s000015459,PBa9
s000003138,PBa12
s000015460,PBa12
s000015461,PBa12
s000015461,PBa12
s000006859,PBa12
s000008713,PBe10
s000005794,PBe10
s000015462,PBe10
s000005939,PBe10
s000009427,PBe10
s000001606,PBe10
s000005764,PBi10
s000015463,PBi10
s000015464,PBi10
s000001357,PBm1
s000001552,PBm1
s000007836,PBm1
s000004013,PBm1
s000004955,PBm1
s000000193,PBm1
s000014848,PBm1
s000005063,PBm1
s000015465,PBm1
s000015466,PBm1
s000014259,PBm1
s000009283,PBm1
s000015467,PBm1
s000015468,PBm2
s000003503,PBm2
s000004669,PBm2
s000003389,PBm2
s000008311,PBm2
s000008180,PBm2
s000015469,PBo2
s000015347,PBo2
s000003196,PBo2
s000015470,PBo2
s000000358,PBo2
s000015471,PBo2
s000004572,PBo2
s000004245,PBo2
s000000654,PBo3
s000000726,PBo3
s000005702,PBo3
s000003099,PBo3
s000003558,PBo3
s000008011,PBo3
s000015472,PBo3
s000002162,PBo3
s000006194,PBo3
s000000738,PBo3
s000000653,PBo3
s000006022,PBo5
s000004705,PBo5
s000003943,PBo5
s000004878,PBo5
s000003177,PBo5
s000004705,PBo6
s000004706,PBo6
s000003177,PBo6
s000002799,PBo6
s000005079,PBo6
s000004705,PBo9
s000003466,PBo9
s000004706,PBo9
s000003235,PBo9
s000005956,PBo9
s000005303,PBo9
s000015473,PBo9
s000009659,PBo9
s000002234,PBo11
s000002755,PBo11
s000005303,PBo11
s000006017,PBo11
s000009320,PBo11
s000014325,PBo11
s000002587,PBo11
s000015474,PBo11
s000014325,PBo11
s000001075,PBo15
s000005994,PBo15
s000011862,PBo15
s000000877,PBo20
s000000825,PBo20
s000001827,PBo20
s000002737,PBo20
s000002517,PBo20
s000005197,PBo20
s000004937,PBo22
s000003188,PBz10
s000003198,PBz10
s000003361,PBz10
s000001123,PBz10
s000007758,PCa10
s000015475,PCa10
s000015476,PCa10
s000015477,PCa10
s000015478,PCa10
s000015479,PCa10
s000015480,PCa10
s000015481,PCa10
s000015482,PCa10
s000015483,PCa10
s000012134,PCh10
s000000420,PCh10
s000014751,PCh10
s000001363,PCh15
s000015484,PCh15
s000006005,PCh15
s000005423,PCh15
s000005895,PCh15
s000005187,PCo11
s000000240,PCo11
s000005842,PCo11
s000003714,PCo11
s000015485,PCo11
s000000252,PCo11
s000000277,PCo11
s000001024,PCo11
s000007223,PCo11
s000012761,PCo11
s000009043,PCo12
s000004981,PCo12
s000006493,PCo12
s000001751,PCo12
s000009181,PCo12
s000015486,PCo12
s000006025,PCo12
s000015487,PCo12
s000003541,PCo12
s000002839,PCo17
s000008948,PCo17
s000002391,PCr8
s000002085,PCr8
s000005670,PCr8
s000006683,PCr8
s000006850,PCr8
s000015488,PCx25
s000015489,PCx25
s000006859,PCx25
s000008285,PCx28
s000015490,PCx28
s000015491,PCx28
s000015489,PCx29
s000015491,PCx29
s000015488,PCx29
s000000515,PCz15
s000000515,PCz25
s000004690,PCz25
s000005972,PCz25
s000015492,PCz25
s000015493,PCz25
s000000052,PCz25
s000000270,PCz25
s000015494,PCz25
s000004016,PCz25
s000003536,PCz25
s000000810,PCz25
s000000515,PCz30
s000015495,PCz30
s000004005,PCz30
s000015496,PCz30
s000015497,PCz30
s000000270,PCz30
s000000887,PCz30
s000006789,PDe10
s000002139,PDe10
s000001047,PDe10
s000007184,PDe10
s000008676,PDe10
s000000459,PdB3
s000000925,PdB3
s000006402,PdB3
s000001407,PdB3
s000015498,PdB3
s000005365,PdB3
s000000459,PdB6
s000015499,PdB6
s000000398,PdB10
s000000808,PdB10
s000003912,PdB30
s000001476,PDc10
s000000009,PDc10
s000008143,PDc10
s000006859,PDc10
s000001827,PDu3
s000001391,PDu3
s000003576,PDu3
s000010409,PDu3
s000005001,PDu3
s000015500,PDu3
s000004966,PDu3
s000001797,PDu10
s000015501,PDu10
s000015502,PDu10
s000015503,PDu10
s000015504,PDu10
s000015505,PDu10
s000015506,PeB1
s000003866,PeB4
s000005590,PeB6
s000006784,PeB6
s000006565,PeB6
s000015507,PeB6
s000015508,PeB6
s000001390,PeB6
s000015509,PeB6
s000003823,PeB6
s000015510,PeB10
s000015511,PeB10
s000015512,PeB10
s000015513,PeB10
s000002627,PeC10
s000004981,PeC10
s000001425,PeC10
s000004774,PeG3
s000002657,PeG3
s000004193,PeG3
s000004116,PeG3
s000004371,PeG3
s000000241,PeG3
s000008454,PeG3
s000004837,PeG3
s000002846,PeG3
s000002342,PeG3
s000000842,PeG5
s000004752,PeG5
s000009397,PeG5
s000002272,PeG5
s000002959,PeG5
s000011099,PeG5
s000004933,PeG5
s000006006,PeG5
s000007547,PeG6
s000003713,PeG6
s000004390,PeG6
s000006094,PeG6
s000004425,PeG6
s000006859,PeJ10
s000006761,PeJ20
s000004119,PeJ20
s000002850,PeJ20
s000007060,PeJ20
s000008270,PeJ20
s000007460,PeJ20
s000006689,PeK10
s000006860,PeL10
s000006860,PeL10
s000006860,PeL10
s000006860,PeL10
s000015514,PeL10
s000006860,PeL10
s000006860,PeL10
s000005693,PeM1
s000006179,PeM1
s000015515,PeM1
s000006308,PeM10
s000002892,PeM10
s000004509,PeM10
s000015516,PeM10
s000015517,PeM20
s000015518,PeM20
s000002714,PeM20
s000006859,PeM20
s000006859,PeM20
s000006859,PeM20
s000004966,PeS3
s000002417,PeS3
s000015519,PeS3
s000001556,PeS3
s000001183,PeS3
s000007550,PeS3
s000001692,PeS3
s000005193,PeS5
s000005000,PeS5
s000000797,PeS5
s000004199,PeS5
s000015520,PeS5
s000006843,PeS10
s000000609,PeS10
s000000535,PeS10
s000000881,PeS10
s000002843,PeS10
s000015521,PEt10
s000015522,PEt10
s000015523,PEt10
s000002830,PFa1
s000011938,PFa1
s000004168,PFa1
s000015524,PFa1
s000015525,PFa10
s000014554,PFa10
s000015526,PFa10
s000015527,PFa10
s000015528,PFa10
s000002135,PFa10
s000015529,PFa10
s000000505,PFC10
s000009843,PFC10
s000011194,PFo10
s000006939,PFo15
s000010129,PFo15
s000006939,PFo20
s000015530,PFo20
s000010129,PFo20
s000007512,PFo20
s000007514,PFo20
s000015531,PFo20
s000015532,PFo20
s000006939,PFo25
s000000974,PFr10
s000001432,PFr10
s000009610,PFr10
s000008193,PFr12
s000005079,PFr12
s000015533,PFr12
s000004472,PFr12
s000001606,PFr15
s000005978,PFr15
s000001619,PFr15
s000011404,PFr15
s000011210,PFr15
s000015534,PFr15
s000008695,PFr15
s000015535,PFr17
s000006848,PFr17
s000006392,PGD11
s000006859,PGD11
s000007458,PGg11
s000015536,PGg11
s000008356,PGr5
s000006055,PGr5
s000015537,PGr5
s000015538,PGr5
s000015539,PGr5
s000015540,PGr5
s000010548,PGr7
s000001500,PGr7
s000015541,PGr7
s000001559,PGr10
s000007009,PGr10
s000006713,PGr10
s000015542,PGr10
s000001903,PGr10
s000009159,PGr10
s000015543,PGr10
s000015544,PGr10
s000015545,PGr10
s000015546,PGr10
s000015547,PGr10
s000004979,PGr12
s000007442,PGr12
s000005268,PGr12
s000008307,PGr12
s000015548,PGr12
s000004282,PGr15
s000002181,PGr15
s000015549,PGr15
s000000615,PGr15
s000005418,PGr15
s000002272,PGr16
s000015550,PGr16
s000000585,PGr16
s000015551,PGr16
s000000452,PGr16
s000010599,PGr16
s000006859,PGr16
s000015552,PGr16
s000003150,PGr16
s000006859,PGr16
s000006859,PGr16
s000008135,PGr17
s000007453,PGr17
s000006004,PGr17
s000015553,PGr17
s000006793,PGr20
s000015554,PGr20
s000007885,PGr20
s000006859,PGr20
s000015555,PGr20
s000006859,PGr20
s000006859,PGr20
s000009644,PGr22
s000015556,PGr22
s000006793,PGr22
s000015557,PGr22
s000010440,PGr22
s000005167,PGy10
s000006132,PGy10
s000000880,PGy10
s000004035,PGy10
s000015558,PGy10
s000004005,PGy16
s000001117,PGy16
s000005388,PGy16
s000001683,PGy16
s000015559,PGy16
s000004012,PiG40
s000007907,PiG50
s000015560,PiG50
s000015561,PiG50
s000001827,PlA100
s000006148,PlA100
s000009097,PlA100
s000006781,PlA100
s000015562,PlA100
s000015563,PlA100
s000015564,PlA100
s000002861,PlA101
s000003044,PlA101
s000015563,PlA101
s000015565,PlA101
s000015566,PlA101
s000015567,PlA101
s000015568,PlA101
s000015569,PlA101
s000015570,PlA101
s000015571,PlA101
s000000808,PlA120
s000015572,PlA120
s000003402,PlL1
s000015573,PlL1
s000005634,PHa10
s000004282,PHa10
s000000870,PHa10
s000006691,PHa10
s000002111,PHa10
s000006228,PHa10
s000002691,PHa15
s000003344,PHa15
s000004231,PHa15
s000005669,PHa15
s000006696,PHa15
s000002253,PHa15
s000001154,PHa25
s000001808,PhD2
s000006809,PhD2
s000004283,PhD2
s000000570,PhD2
s000005123,PhD2
s000001252,PhD5
s000002016,PhD5
s000006379,PhD5
s000006636,PhD5
s000004815,PhD5
s000006294,PhD5
s000005038,PhD9
s000003502,PhD9
s000006581,PhD9
s000004892,PhD9
s000003013,PhD9
s000003703,PhD9
s000000741,PhD25
s000005470,PhD25
s000013869,PhD25
s000005041,PhD25
s000015574,PhG10
s000003562,PhG10
s000015575,PhH10
s000008903,PhH10
s000001760,PhH10
s000002445,PhH10
s000012975,PhH10
s000010645,PhH10
s000003287,PhH13
s000006165,PhH13
s000015552,PhH13
s000004882,PhJ10
s000004685,PhJ10
s000006789,PhJ10
s000002617,PhJ10
s000015576,PhJ13
s000006196,PhJ13
s000000389,PhJ13
s000005329,PhJ13
s000006222,PhK4
s000006222,PhK7
s000015577,PhK11
s000013905,PhK11
s000000760,PhK11
s000000800,PhK11
s000004857,PhK28
s000003304,PhK28
s000004116,PhK33
s000003318,PhK33
s000002393,PhK33
s000005626,PhK39
s000003964,PhK42
s000001059,PhK42
s000002936,PhK46
s000003392,PhK46
s000001903,PhK46
s000015240,PhK46
s000000299,PhK50
s000002648,PhK50
s000001873,PhK50
s000014038,PhK50
s000004703,PhL100
s000015578,PhL100
s000015579,PhL100
s000003311,PhN10
s000004525,PhN10
s000009765,PhN10
s000015580,PhN10
s000015581,PhN10
s000015582,PhN10
s000015583,PhN10
s000002052,PhN14
s000008270,PhN14
s000002627,PhN14
s000002087,PhN14
s000000180,PhN14
s000009495,PhN14
s000003133,PhN14
s000003034,PhN14
s000008304,PhN14
s000015584,PhN14
s000015585,PhN14
s000013833,PhN14
s000006005,PhN17
s000000313,PhN17
s000000497,PhN17
s000006859,PhN17
s000003471,PhN17
s000015586,PhN17
s000003320,PhN20
s000014449,PhN20
s000015587,PhN20
s000006524,PhN22
s000012143,PhN22
s000004794,PHo10
s000006859,PHo10
s000014688,PHo10
s000002334,PhS10
s000000301,PhS10
s000000398,PhS10
s000013572,PhS10
s000003555,PHt1
s000005287,PHt1
s000005542,PHt1
s000001971,PHt1
s000005932,PHt1
s000015588,PHt1
s000015589,PHt1
s000009041,PHt1
s000003570,PHt1
s000004035,PHt1
s000014266,PHt1
s000015590,PHt1
s000015591,PHt1
s000001809,PHt1
s000015592,PHt1
s000003787,PHt1
s000015593,PHt1
s000015594,PHt1
s000015595,PHt1
s000002581,PHt1
s000015596,PHt1
s000015597,PHt1
s000015598,PHt1
s000015599,PHt1
s000015600,PHt1
s000015601,PHt1
s000015602,PHt1
s000015603,PHt1
s000006783,PHt1
s000015604,PHt1
s000000194,PHt1
s000001433,PHt8
s000001453,PHt8
s000002906,PHt8
s000003859,PHt8
s000001434,PHt8
s000001364,PHt8
s000004996,PHt8
s000002048,PHt8
s000006404,PHt8
s000004354,PHt11
s000006820,PHt11
s000004239,PHt11
s000001618,PHt11
s000002272,PHt11
s000014586,PHt11
s000002627,PHt13
s000005558,PHt13
s000010306,PHt13
s000000748,PHt15
s000003982,PHt15
s000002315,PHt20
s000000973,PHt20
s000002086,PHt20
s000004690,PHt20
s000006569,PHt20
s000002525,PHt20
s000015605,PHt20
s000015606,PHw10
s000007837,PHw10
s000000249,PHw10
s000009766,PHw10
s000015607,PHw10
s000015608,PHw10
s000002376,PHy6
s000000744,PHy6
s000006332,PHy6
s000006534,PHy6
s000005768,PHy6
s000002833,PHy6
s000005542,PHy6
s000000567,PHy6
s000002052,PHy7
s000010278,PHy7
s000004981,PHy7
s000004077,PHy7
s000004013,PHy7
s000005486,PHy7
s000001221,PHy9
s000000680,PHy9
s000005746,PHy9
s000003934,PHy9
s000005942,PHy9
s000005557,PHy12
s000001728,PHy12
s000004282,PHy12
s000002807,PHy15
s000001360,PHy15
s000000404,PHy15
s000007836,PHy15
s000008349,PHy15
s000005191,PHy15
s000002030,PHy15
s000008050,PHy15
s000015609,PHy15
s000001221,PHy20
s000002605,PHy20
s000005470,PHy20
s000004731,PHy20
s000002511,PHy25
s000000180,PHy25
s000005746,PHy25
s000006859,PHy25
s000005303,PHy28
s000015610,PHy28
s000001681,PHy29
s000002833,PHy29
s000003397,PHy29
s000002316,PHy29
s000015611,PHy29
s000005201,PHy29
s000015612,PHy29
s000012511,PHy31
s000012511,PHy35
s000005754,PHy35
s000013132,PHy35
s000015613,PHy35
s000015614,PHy35
s000013837,PHy39
s000004257,PHy39
s000001137,PHz10
s000015615,PJ7
s000015616,PJ7
s000015617,PJ7
s000015618,PJ7
s000015619,PJ7
s000010440,PJH10
s000007762,PJH10
s000007882,PJH10
s000006859,PJH10
s000006859,PJH10
s000005331,PJH14
s000011900,PJH14
s000001606,PJH14
s000012218,PJH14
s000011745,PJH14
s000015620,PJH14
s000004639,PK3
s000000654,PK3
s000002370,PK3
s000015621,PK3
s000000996,PK5
s000002334,PK5
s000006049,PK5
s000004585,PK5
s000004064,PK5
s000008790,PK5
s000006453,PK6
s000002148,PK6
s000000093,PK6
s000003907,PK6
s000002315,PK7
s000005701,PK7
s000000996,PK7
s000002617,PK7
s000005078,PK7
s000006496,PK7
s000002771,PK7
s000002109,PK7
s000002742,PK7
s000004847,PK7
s000005892,PK7
s000015622,PK7
s000005188,PK7
s000002334,PK7
s000015623,PK7
s000006719,PK7
s000015624,PK7
s000001436,PK7
s000003321,PK7
s000004305,PK7
s000015625,PK7
s000015626,PK7
s000000301,PK7
s000015627,PK7
s000015628,PK7
s000001499,PK15
s000004687,PK15
s000007454,PK15
s000015629,PK15
s000006496,PK20
s000001548,PK20
s000006196,PK20
s000002396,PK20
s000007352,PK20
s000015630,PK20
s000005830,PK22
s000001221,PK22
s000015631,PK22
s000009283,PK22
s000007678,PK22
s000003234,PK22
s000000844,PK22
s000006859,PK22
s000006859,PK22
s000003876,PK22
s000012211,PK22
s000015632,PK22
s000015633,PK22
s000002203,PlB2
s000004371,PlB2
s000001927,PlB2
s000009181,PlB2
s000004655,PlB2
s000001433,PlB2
s000001244,PlB2
s000006859,PlB2
s000006859,PlB2
s000006859,PlB2
s000006859,PlB2
s000003572,PlB2
s000002203,PlB12
s000002370,PlB12
s000001123,PlB12
s000015634,PlB12
s000000225,PlB12
s000001724,PlB12
s000003132,PlB12
s000004843,PlB12
s000001436,PlB12
s000002466,PlB20
s000002891,PlB20
s000001212,PlB20
s000008677,PlB32
s000000321,PlB32
s000000741,PlB32
s000000416,PLd10
s000007087,PLd10
s000006212,PLd10
s000000585,PLe10
s000000630,PLe10
s000015635,PLe10
s000015636,PLe10
s000005365,PLe12
s000008150,PLe12
s000008423,PLe16
s000015637,PLe16
s000013045,PLe16
s000015638,PLe16
s000006859,PLe16
s000014918,PLe21
s000000259,PLe21
s000015639,PLf10
s000000615,PLf10
s000010548,PLf10
s000000510,PLi10
s000015640,PLi10
s000015641,PLi10
s000015642,PLi10
s000003402,PlL1
s000006384,PlL1
s000003681,PlL2
s000002531,PlL2
s000003512,PlL2
s000001992,PlL2
s000000234,PlL2
s000005891,PlL2
s000003960,PlL2
s000000926,PlL2
s000006859,PlL2
s000000234,PlL2
s000006384,PlL3
s000004923,PlL3
s000000334,PlL3
s000002334,PlM10
s000003746,PLo10
s000003549,PLS10
s000001893,PLS10
s000006514,PLS10
s000015643,PLS10
s000006859,PlT1
s000015644,PlT8
s000004012,PlT10
s000015645,PlT20
s000015645,PlT40
s000005549,PlT50
s000005861,PlT50
s000015646,PlT50
s000015647,PlT50
s000001421,PlT50
s000006859,PlT50
s000006859,PlT50
s000006859,PlT50
s000006859,PlT50
s000006859,PlT50
s000015648,PlT60
s000008096,PlT60
s000008096,PlT60
s000015649,PlT60
s000015650,PlT60
s000015651,PlT60
s000015649,PlT60
s000015651,PlT60
s000008096,PlT60
s000015652,PlT60
s000015653,PlT60
s000015654,PLu10
s000015655,PLu10
s000015656,PlW10
s000004786,PlW10
s000005939,PlW10
s000015657,PlW10
s000012508,PlW10
s000004578,PLy10
s000001385,PLy10
s000005944,PLy10
s000015658,PLy10
s000000543,PLy15
s000000266,PLy15
s000003015,PLy15
s000013381,PLy15
s000006765,PM1
s000001365,PM1
s000002376,PM1
s000000910,PM1
s000001784,PM1
s000004048,PM1
s000006049,PM2
s000004365,PM2
s000000838,PM2
s000004048,PM2
s000010215,PM2
s000005626,PM3
s000015659,PM3
s000003409,PM3
s000006740,PM3
s000015660,PM3
s000003997,PM3
s000004048,PM3
s000000953,PM4
s000008011,PM4
s000000796,PM4
s000002521,PM4
s000001853,PM4
s000000509,PM4
s000004421,PM4
s000002245,PM4
s000005247,PM4
s000003722,PM4
s000002016,PM4
s000004047,PM4
s000003942,PM4
s000004048,PM4
s000006859,PM4
s000004048,PM5
s000001129,PM6
s000000398,PM6
s000004048,PM6
s000004469,PM6
s000003773,PM6
s000011627,PM6
s000002365,PM6
s000001812,PM6
s000004048,PM7
s000001003,PM8
s000005531,PM8
s000005423,PM8
s000005294,PM8
s000003163,PM8
s000007103,PM8
s000004048,PM8
s000005318,PM8
s000006689,PM9
s000000106,PM9
s000001579,PM9
s000005237,PM9
s000004048,PM9
s000004603,PM10
s000001709,PM10
s000004221,PM10
s000010476,PM10
s000015661,PM10
s000007040,PM10
s000004048,PM10
s000001709,PM11
s000003163,PM11
s000000691,PM11
s000005238,PM11
s000006738,PM11
s000004048,PM11
s000005754,PM12
s000002982,PM12
s000004687,PM12
s000015662,PM12
s000003326,PM12
s000008347,PM12
s000015663,PM12
s000004048,PM12
s000004221,PM15
s000000098,PM15
s000012830,PM15
s000006859,PM15
s000015664,PM15
s000001075,PM20
s000015665,PM20
s000004705,PM20
s000015666,PM20
s000006859,PM20
s000001075,PM21
s000011407,PM21
s000004705,PM21
s000000959,PMa5
s000004639,PMa5
s000001703,PMa5
s000008579,PMa5
s000004106,PMa5
s000002387,PMa5
s000001436,PMa5
s000004752,PMe10
s000006847,PMe10
s000000152,PMe10
s000003762,PMe10
s000000788,PMe10
s000000799,PMe10
s000005597,PMe15
s000006348,PMe15
s000001680,PMe15
s000002562,PMe20
s000002562,PMe20
s000002991,PMe20
s000006332,PMe20
s000003598,PMe20
s000003264,PMe30
s000003266,PMe30
s000006629,PMe30
s000000452,PMe30
s000015667,PMe32
s000015668,PMe32
s000006859,PMe32
s000000238,PMe32
s000015669,PMe32
s000006859,PMe32
s000001302,PMe32
s000014546,PMe32
s000006859,PMe32
s000004687,PMe36
s000004685,PMe36
s000013081,PMe36
s000015670,PMe36
s000005557,PMe36
s000015671,PMo1
s000015672,PMo12
s000015673,PMo12
s000006859,PMo12
s000006859,PMo12
s000015672,PMo13
s000015674,PMo13
s000015672,PMo15
s000004233,PMo15
s000006859,PMo15
s000006859,PMo15
s000006859,PMo15
s000006859,PMo15
s000015675,PMo17
s000015676,PMo17
s000009137,PMo17
s000006859,PMo17
s000009158,PMo22
s000015677,PMo22
s000006915,PMo22
s000015678,PMo22
s000015672,PMo22
s000004988,PMo22
s000001249,PMo24
s000004341,PMo24
s000006142,PMo24
s000002429,PMo24
s000006685,PMo24
s000004261,PMo24
s000015679,PMo27
s000015680,PMo27
s000008148,PmR1
s000015681,PmR1
s000009044,PmR1
s000015682,PmR1
s000015683,PmR1
s000002943,PMw10
s000005585,PMG10
s000002969,PMz10
s000015684,PMz10
s000015685,PMz10
s000015686,PMz10
s000006859,PMz10
s000006859,PMz10
s000006775,PNe1.
s000004560,PNe1
s000004559,PNe2
s000015687,PNe2
s000003043,PNe2
s000004559,PNe3
s000000492,PNe3
s000000348,PNe3
s000006775,PNe3
s000006775,PNe4
s000002580,PnM8
s000001557,PnM10
s000006689,PnM10
s000003210,PnM10
s000015688,PnM10
s000002710,PnM10
s000015689,PnM10
s000004158,PnM10
s000007656,PnM10
s000007245,PnM10
s000015688,PnM11
s000015690,PnM11
s000014717,PnM11
s000009405,PnM11
s000001472,PnM12
s000013582,PnM12
s000002580,PnM12
s000003865,PnM12
s000015691,PnM12
s000015692,PnM12
s000015693,PnM12
s000015694,PnM12
s000001592,PnM14
s000015695,PnM14
s000013078,PnM14
s000010707,PnM14
s000006524,PnM18
s000002896,PnM18
s000007457,POC10
s000000697,POC10
s000003878,POC10
s000005271,POC10
s000005271,POC20
s000002993,POC20
s000015696,POC20
s000009267,POC25
s000007417,POC25
s000000301,POC25
s000006859,POC25
s000015697,POC25
s000015698,POC25
s000006314,POC25
s000006020,POC26
s000009423,POC26
s000015699,POC26
s000015700,POC26
s000015701,POC26
s000002181,POC26
s000015702,POC26
s000015703,POC27
s000006154,POC29
s000007837,POC29
s000015704,POC29
s000015705,POC29
s000015706,POC29
s000015707,POC29
s000006860,POC29
s000003156,POC29
s000006860,POC29
s000012585,POC29
s000015708,POC29
s000006860,POC29
s000015709,PPm10
s000015710,PPm10
s000015711,PPm15
s000015712,PPm15
s000015713,PPm15
s000015714,PPm15
s000015715,PPr20
s000000957,PPr20
s000015716,PPr20
s000006859,PPz10
s000004341,PRb1
s000004103,PRb1
s000002983,PRb1
s000002490,PRb1
s000005050,Pri2
s000015717,Pri2
s000015718,Pri2
s000015719,Pri2
s000015720,Pri2
s000015721,Pri2
s000015722,Pri2
s000008178,PRJ10
s000015723,PRJ10
s000015724,PRJ10
s000000679,PRJ10
s000004588,PRJ10
s000004799,PRJ10
s000000243,PRo55
s000014610,PRo55
s000013553,PRo55
s000002973,PRo55
s000006222,PRo80
s000006222,PRo83
s000006222,PRo86
s000006222,PRo90
s000006222,PRo93
s000006222,PRo96
s000015725,PRP10
s000003029,PRP10
s000015726,PRP10
s000008693,PRs10
s000011395,PRs10
s000015727,PRs10
s000015728,PRs10
s000003714,PRs10
s000006885,PRs10
s000015729,PRs10
s000015730,PrWl
s000005492,PrWl
s000000784,PrWl
s000001852,PrWl
s000003770,PrWl
s000006192,PrWl
s000006638,PrWl
s000006859,PRz10
s000015731,PRz10
s000015732,PRz10
s000015733,PRz10
s000015734,PRz10
s000015735,PRz10
s000015736,PRz10
s000015737,PRz15
s000003310,PRz15
s000004527,PRz15
s000015738,PRz22
s000015739,PRz22
s000015740,PRz22
s000007703,PRz22
s000014287,PRz22
s000001650,PS1
s000006094,PS1
s000000160,PS1
s000002779,PS1
s000002921,PS1
s000003151,PS1
s000001545,PS1
s000002549,PS1
s000014614,PS1
s000002903,PS1
s000001215,PS1
s000015741,PS1
s000006520,PS1
s000015742,PS1
s000014117,PS1
s000005012,PS2
s000001707,PS2
s000006282,PS2
s000015743,PS2
s000006461,PS2
s000001545,PS2
s000004082,PS3
s000003449,PS3
s000006520,PS3
s000001545,PS3
s000002548,PS3
s000001215,PS3
s000002698,PS3
s000004797,PS3
s000005346,PS3
s000002921,PS3
s000015744,PS3
s000000603,PS3
s000008499,PS3
s000005896,PS4
s000002037,PS4
s000001153,PS4
s000004789,PS4
s000001545,PS4
s000000602,PS4
s000001255,PS4
s000015745,PS4
s000007316,PS4
s000002441,PS4
s000001165,PS5
s000004082,PS5
s000006337,PS5
s000000235,PS5
s000015746,PS5
s000006520,PS5
s000004206,PS5
s000001215,PS5
s000001545,PS5
s000004620,PS5
s000002441,PS5
s000007633,PS5
s000001214,PS5
s000004797,PS5
s000015747,PS5
s000015748,PS5
s000002989,PS7
s000000684,PS7
s000001545,PS7
s000003806,PS7
s000002548,PS7
s000006094,PS7
s000001650,PS7
s000015747,PS7
s000006859,PS7
s000006538,PS7
s000000684,PS8
s000001545,PS8
s000005112,PS8
s000011151,PS8
s000004840,PS8
s000006461,PS8
s000015747,PS8
s000015749,PS8
s000008448,PS8
s000001215,PS8
s000004206,PS8
s000003278,PS9
s000003691,PS13
s000002637,PS20
s000001449,PS20
s000003403,PS20
s000003545,PS20
s000006337,PS20
s000002449,PS20
s000005886,PS20
s000003278,PS20
s000015743,PS20
s000015750,PS20
s000004206,PS20
s000002384,PS21
s000005395,PS21
s000000709,PS21
s000002760,PS21
s000006337,PS21
s000005525,PS21
s000002848,PS21
s000002548,PS21
s000002903,PS21
s000002565,PS21
s000000804,PS22
s000000957,PS22
s000015751,PS22
s000015752,PS22
s000015753,PS22
s000006859,PS22
s000005064,PSc1
s000003234,PSc1
s000003397,PSc1
s000005817,PSc1
s000000444,PSc1
s000005597,PSc10
s000002927,PSc10
s000000680,PSc10
s000005532,PSc10
s000015754,PSc10
s000002258,PSc12
s000002991,PSc12
s000001823,PSc12
s000006360,PSc12
s000012471,PSc20
s000004089,PSc20
s000004751,PSc20
s000002710,PSc20
s000001519,PSc20
s000007487,PSc20
s000005271,PSc30
s000012218,PSc30
s000006462,PSc30
s000004282,PSc30
s000007456,PSc32
s000005531,PSc32
s000015554,PSc35
s000007527,PSc39
s000002036,PSc39
s000006462,PSc39
s000011477,PSc39
s000001466,PSc39
s000001154,PSc41
s000004603,PSc41
s000005858,PSc41
s000001396,PSc41
s000002976,PSc41
s000004578,PSe10
s000006496,PSe10
s000005039,PSe10
s000015755,PSe10
s000006579,PSe10
s000015756,PSe10
s000015757,PSe10
s000006859,PSe10
s000006859,PSe10
s000001629,PSl10
s000015758,PSl10
s000005020,PSl10
s000001088,PSp10
s000015759,PSp10
s000005853,PSp10
s000007990,PSp10
s000015760,PSp12
s000014458,PSp12
s000003764,PSp12
s000015761,PSp12
s000015762,PSp14
s000003558,PSp14
s000010617,PSp14
s000015763,PSp14
s000001172,PSp14
s000006227,PSp14
s000001786,PSp14
s000002319,PSv8
s000015764,PSv8
s000006767,PSv8
s000001127,PSv8
s000002982,PSv12
s000011900,PSv12
s000015765,PSv12
s000008707,PSv12
s000010859,PSv13
s000015766,PSv13
s000006541,PSv13
s000014368,PSv13
s000010226,PSy10
s000006645,PSy10
s000003576,PSy10
s000000568,PSy10
s000001827,PSy10
s000013078,PTA10
s000005240,PTA10
s000004347,PTA10
s000010495,PTA10
s000012133,PTA10
s000013956,PTA10
s000003858,PTA10
s000005318,PTA12
s000004347,PTA12
s000003858,PTA12
s000012690,PTA12
s000001357,PTA12
s000013956,PTA12
s000000920,PtC10
s000001434,PtC10
s000008412,PtC10
s000015767,PtC10
s000015768,PtC10
s000015769,PtC10
s000005633,PtC10
s000006032,PtC10
s000015770,PtC10
s000015771,PtC10
s000005092,PtF5
s000003744,PtF5
s000006410,PtF5
s000004802,PtF5
s000014631,PtF5
s000015772,PtF5
s000002180,PtF5
s000005200,PtF10
s000003392,PtF10
s000000907,PtF10
s000015773,PtF10
s000006859,PTi10
s000015774,PTi10
s000015775,PTi10
s000004774,PtM10
s000002710,PtM10
s000002322,PtM10
s000007302,PtM10
s000008019,PtM10
s000004578,PtP10
s000015776,PtP10
s000006818,PtP10
s000001332,PtP10
s000006866,PTV10
s000004681,PTV10
s000006859,PTV10
s000013731,PTV10
s000015777,PTV10
s000015778,PTV10
s000015779,PTV10
s000006859,PTV10
s000006859,PTV10
s000005341,PTw1
s000006122,PTw1
s000002038,PTw1
s000000284,PTw1
s000005038,PTw9
s000004187,PTw9
s000000599,PTw9
s000006859,PTw9
s000003166,PTw9
s000002342,PTw9
s000003137,PTw9
s000003344,PtZ10
s000015780,PtZ10
s000015781,PtZ10
s000005884,PUs5
s000005473,PUs5
s000006330,PUs5
s000004059,PUs5
s000001680,PUs5
s000005377,PUs5
s000015782,PUs5
s000003643,PUs5
s000004059,PUs5
s000003744,PUs6
s000004587,PUs6
s000004559,PUs6
s000006330,PUs6
s000001456,PUs6
s000008423,PUs6
s000004938,PUs6
s000001407,PUs6
s000004807,PUs6
s000015783,PUs6
s000006859,PVg10
s000010388,PVh9
s000002671,PVh9
s000015784,PVh9
s000015785,PVh12
s000015786,PVh12
s000002671,PVh12
s000007571,PVh16
s000000094,PVh16
s000007720,PVh16
s000005585,PVh17
s000006005,PVh17
s000015759,PVh17
s000001681,PVh18
s000006005,PVh18
s000001774,PVh18
s000015787,PVh18
s000015788,PVh18
s000015789,PVh19
s000003834,PVh19
s000015790,PvL1
s000015791,PvL1
s000015792,PW1
s000015792,PW1
s000006572,PW4
s000005917,PW4
s000001588,PW4
s000005047,PWa10
s000000970,PWa10
s000001391,PWa10
s000003576,PWa10
s000000201,PWa10
s000001520,PWe2
s000005341,PWe2
s000001450,PWe2
s000004653,PWe2
s000013169,PWe4
s000011687,PWe6
s000006056,PWe10
s000005702,PWe10
s000006317,PeW15
s000006587,PeW15
s000002237,PeW15
s000002862,PeW15
s000015793,PeW15
s000006454,PeW15
s000006432,PWi2
s000006432,PWi3
s000015794,PWr2
s000004168,PWr2
s000015795,PWr2
s000015796,PWr2
s000005334,PWr3
s000002478,PWr3
s000004413,PWr3
s000001030,PWr4
s000015797,PWr4
s000015798,PWr4
s000015799,PWr4
s000003584,PWr5
s000002271,PWr5
s000007882,PWr5
s000015800,PWr5
s000015801,PWr5
s000003292,PWr5
s000002271,PWr6
s000006564,PWr6
s000002957,PWr6
s000003292,PWr6
s000004469,PWr6
s000015802,PWr6
s000001969,PWr6
s000005845,PWr6
s000002052,PWr8
s000012946,PWr8
s000005843,PWr8
s000008667,PWr8
s000015803,PWr8
s000015804,PWr8
s000002319,PWr8
s000002052,PWr10
s000004282,PWr10
s000004937,PWr10
s000006859,PWr10
s000006689,PWr12
s000012851,PWr12
s000015805,PWr12
s000007151,PWr12
s000015806,PWr12
s000007720,PWr12
s000003693,PWr12
s000000679,PWr12
s000001568,PWr14
s000008196,PWr14
s000011403,PWr14
s000015807,PWr14
s000015808,PWr14
s000015809,PWr14
s000015810,PWr14
s000015811,PWr14
s000015812,PWr14
s000005761,PWr14
s000000726,PWr16
s000007024,PWr16
s000008066,PWr16
s000007024,PWr16
s000009359,PWr16
s000002947,PWr16
s000000974,PWr21
s000008814,PWr21
s000002617,PWr21
s000015813,PWr21
s000006859,PWr21
s000015814,PWr21
s000015815,PWr21
s000013968,PWr21
s000007440,PWz10
s000015816,PWz10
s000015817,PWz10
s000012934,PWz10
s000015818,PWz10
s000015819,PWz10
s000015820,PWz10
s000015821,PWz10
s000015822,PWz10
s000012584,PWz10
s000015823,PWz10
s000007441,PWz10
s000015824,PWz10
s000015825,PWz10
s000008874,PWz10
s000015826,PY1
s000015827,PY1
s000002699,PY1
s000015828,PY1
s000015829,PY1
s000004331,PY1
s000004150,PY4
s000006383,PY4
s000000563,PY4
s000004635,PY4
s000000773,PY4
s000001948,PY4
s000002357,PY4
s000003598,PY6
s000005626,PY6
s000005510,PY6
s000005173,PY6
s000004298,PY7
s000003146,PY7
s000000680,PY7
s000003224,PY7
s000005363,PY7
s000005528,PY7
s000015830,PY7
s000008579,PY7
s000003231,PY7
s000004603,PY10
s000000563,PY10
s000005674,PY10
s000002371,PY10
s000006478,PY10
s000001097,PY11
s000001659,PY11
s000005078,PY11
s000005939,PY11
s000000365,PY11
s000001659,PY11
s000002538,PY11
s000006022,PY13
s000005534,PY13
s000004825,PY13
s000004949,PY13
s000005171,PY13
s000002978,PY15
s000006564,PY15
s000004981,PY15
s000006773,PY15
s000003957,PY19
s000000170,PY19
s000003128,PY19
s000000164,PY19
s000002001,PY20
s000001302,PY20
s000002086,PY20
s000006473,PY20
s000000238,PY20
s000002375,PY20
s000002631,PY20
s000001075,PY25
s000004521,PY25
s000005078,PY25
s000003870,PY25
s000004321,PY25
s000011745,PY25
s000006859,PY25
s000004347,PY32
s000015831,PY32
s000001900,PY32
s000015832,PY32
s000015803,PY32
s000006859,PY32
s000011993,PY34
s000006859,PY34
s000004347,PY34
s000002334,PY34
s000011477,PY34
s000015833,PY34
s000015834,PY34
s000006859,PY34
s000006689,PY34
s000006859,PY34
s000005765,PY34
s000005633,PY37
s000015835,PY37
s000015836,PY37
s000008568,PY37
s000015837,PY37
s000015838,PY37
s000006859,PY37
s000015839,PY37
s000015840,PY38
s000015841,PYu10
s000015842,PYu10
s000003996,QMa10
s000005786,QMa10
s000002294,QMa10
s000002943,QMa10
s000001189,QMa12
s000006214,QMa12
s000010779,QMa12
s000000831,QMa12
s000015843,QMa12
s000015844,QMa12
s000015845,QMa12
s000001189,QMa14
s000003234,QTa1
s000005418,QTa1
s000000844,QTa1
s000009353,QTa1
s000006202,QTa1
s000006859,QTa1
s000007930,QTa1
s000015846,QTa1
s000006260,QTa3
s000003034,QTa3
s000006196,QTa3
s000003234,QTa3
s000006462,QTa3
s000006699,QTa3
s000005418,QTa3
s000006100,QTa3
s000000208,QTa3
s000004980,QTa3
s000005994,QTa3
s000002452,Qta6
s000002062,Qta6
s000003034,Qta6
s000015847,Qta6
s000002036,Qta6
s000006500,RA2
s000005674,RA2
s000000321,RA2
s000002680,RA2
s000002850,RA2
s000002868,RA2
s000004264,RA2
s000003866,RA2
s000004690,RA3
s000005173,RA3
s000004705,RA3
s000000612,RA3
s000000866,RA3
s000000877,RA3
s000002086,RA3
s000002376,RA3
s000002511,RA3
s000002868,RA3
s000003412,RA3
s000005560,RA3
s000008945,RA3
s000002790,RA3
s000005029,RA3
s000000695,RA3
s000002868,RA4
s000000165,RA4
s000004187,RA4
s000003538,RA4
s000003339,RA5
s000002086,RA5
s000002272,RA5
s000002915,RA5
s000001062,RA5
s000000500,RA5
s000005693,RA5
s000004264,RA5
s000003045,RA5
s000015848,RA5
s000002668,RA5
s000008826,RA5
s000002825,RA5
s000000331,RA5
s000015849,RA5
s000014906,RA5
s000006859,RA5
s000006859,RA5
s000001681,RA8
s000015850,RA8
s000008037,RA8
s000015851,RA8
s000002128,RA8
s000003364,RA10
s000013736,RA10
s000006524,RA10
s000006149,RA10
s000015852,RA10
s000015853,RA10
s000015854,RA10
s000008007,RA10
s000012456,RA10
s000001693,RA15
s000000014,RA15
s000001050,RA15
s000015855,RA15
s000002868,RA15
s000004257,RA15
s000003254,RA15
s000003364,RA15
s000006859,RA15
s000005253,RA15
s000003484,RA15
s000002868,RA17
s000006729,RA17
s000004669,RA19
s000000812,RA19
s000015856,RA19
s000015857,RA19
s000006859,RA19
s000015858,RA19
s000000763,RA22
s000015859,RA22
s000006859,RA22
s000015860,RA22
s000006859,RA22
s000006859,RA22
s000001311,RA22
s000005531,RAA10
s000008902,RAA10
s000015861,RAA10
s000015862,RAA10
s000000393,RAB10
s000000393,RAB11
s000000393,RAB12
s000000393,RAB13
s000000393,RAB14
s000005240,RAC10
s000006610,RAC10
s000006579,RAC10
s000000802,RAC10
s000005786,RAC10
s000015863,RAC10
s000002422,RAC20
s000002666,RAC20
s000000472,RAC20
s000004239,RAC20
s000000273,RAC20
s000005653,RAC20
s000015864,RAC20
s000002978,RaH10
s000003444,RaH10
s000003389,RaH10
s000007702,RaH10
s000004833,RaH10
s000000184,RaH10
s000002627,RaH15
s000001763,RaH15
s000003837,RaH15
s000003537,RaH15
s000000812,RaH15
s000002032,RaI50
s000015865,RaI50
s000010341,RaI50
s000003463,RaI50
s000015866,RaI50
s000006260,RaK3
s000004658,RaK3
s000004564,RaK5
s000001047,RaK5
s000000182,RaK5
s000000261,RaK5
s000000599,RaK5
s000015867,RaK5
s000000870,RaK5
s000015868,RaK5
s000015869,RaK5
s000001213,RaK5
s000015870,RaK5
s000015871,RaK5
s000005714,RaK7
s000000237,RaK7
s000004124,RaK7
s000001433,RaK7
s000008869,RaK8
s000005094,RaK8
s000002179,RaK8
s000012228,RaK9
s000001385,RaK9
s000006065,RaK9
s000006859,RaK9
s000001643,RaK9
s000008413,RaK10
s000006859,RaK10
s000006859,RaK10
s000005176,RaK12
s000015872,RaK12
s000000990,RaK12
s000006859,RaK12
s000002272,RaK12
s000001249,RaK12
s000008209,RaK15
s000015873,RaK15
s000015874,RaK15
s000006016,RaK15
s000012917,RaK15
s000015875,RaK15
s000005455,RaK15
s000015876,RaK15
s000015877,RAl20
s000007273,RAl20
s000001806,RAl20
s000015878,RAl20
s000003493,RAl20
s000015879,RAl20
s000001763,RAl50
s000000866,RAl50
s000000406,RAl50
s000015880,RAl50
s000003375,RAl50
s000005763,RAl55
s000002067,RAl55
s000003139,RAl55
s000000727,RAl55
s000015881,RAl55
s000015882,RAl55
s000001448,RAl55
s000003753,RAl55
s000006049,RAl56
s000002376,RAl56
s000005786,RAl56
s000003244,RAl56
s000001763,RAl56
s000004922,RAl56
s000000246,RAl56
s000000667,RAl56
s000000819,RAl56
s000000186,RAl56
s000000244,RAl56
s000005580,RAl56
s000003244,RAl62
s000001278,RAl62
s000004469,RAl62
s000001764,RAl62
s000003219,RAl62
s000005502,RAl62
s000006723,RAl62
s000002565,RAl62
s000000246,RAl62
s000000422,RAl68
s000001096,RAl68
s000000246,RAl68
s000001764,RAl68
s000005580,RAl68
s000006820,RAl69
s000000246,RAl69
s000009967,RAl69
s000015883,RAl69
s000002631,RAl69
s000002376,RAl70
s000015884,RAl70
s000002691,RAl70
s000005479,RAl70
s000002269,RAl70
s000000186,RAl70
s000001764,RAl71
s000002027,RAl71
s000000971,RAl71
s000005580,RAl71
s000005222,RAl71
s000005786,RAl71
s000002376,RAl72
s000005626,RAl72
s000006584,RAl72
s000015885,RAl72
s000015886,RAl72
s000005436,RAl72
s000000186,RAl73
s000000406,RAl73
s000000391,RAl73
s000000420,RAl73
s000000567,RAl73
s000000584,RAl73
s000000971,RAl73
s000001050,RAl73
s000001096,RAl73
s000001660,RAl73
s000001764,RAl73
s000002269,RAl73
s000002315,RAl73
s000002334,RAl73
s000002376,RAl73
s000002614,RAl73
s000004469,RAl73
s000003139,RAl73
s000011064,RAl73
s000005914,RAl73
s000006227,RAl73
s000014491,RAl73
s000006584,RAl73
s000006806,RAl73
s000004559,RAl74
s000002445,RAl74
s000004064,RAl74
s000005222,RAl74
s000003466,RAl74
s000001055,RAl74
s000003234,RAl74
s000003192,RAl74
s000005505,RAl74
s000001764,RAl75
s000005858,RAl75
s000005437,RAl75
s000000825,RAl76
s000004076,RAl76
s000015887,RAl76
s000006689,RAl80
s000001764,RAl80
s000001562,RAl85
s000000567,RAl85
s000001075,RAl85
s000000624,RAl85
s000000401,RAl85
s000002715,RAl85
s000004845,RAl85
s000004302,RAl87
s000006788,RAl87
s000003652,RAl87
s000002451,RAl87
s000000674,RAl87
s000001774,RAl87
s000015839,RAl88
s000005418,RAl90
s000005253,RAl90
s000001005,RAl90
s000015888,RAl90
s000015889,RAl90
s000015890,RAl90
s000015891,RAl90
s000015892,RAl90
s000007039,RAl93
s000015249,RAl93
s000002179,RAl93
s000005549,RAl93
s000005989,RAl93
s000002396,RAl93
s000006496,RAl93
s000015893,RAl93
s000003761,RAl93
s000010430,RAl93
s000001075,RAl93
s000003612,RAl93
s000004603,RAl93
s000002982,RAl93
s000005240,RAl93
s000006699,RAl93
s000015894,RAl93
s000005531,RAl93
s000005331,RAl93
s000011403,RAl93
s000006859,RAl93
s000004196,RAl93
s000002827,RAl93
s000015895,RAl93
s000012968,RAl93
s000015896,RAl93
s000015897,RAl93
s000002396,RAl93
s000007039,RAl93
s000002179,RAl93
s000002743,RAl93
s000001487,RAl95
s000003821,RAl95
s000015898,RAl95
s000003601,RAl95
s000006859,RAl95
s000015899,RAl95
s000004347,RAl95
s000006227,RAl95
s000010239,RAl95
s000011913,RAl95
s000007039,RAl95
s000003761,RAl95
s000000180,RAl95
s000003612,RAl95
s000005778,RAl95
s000005405,RAl95
s000015900,RAl98
s000004012,RAl98
s000008006,RAl98
s000000280,RAl98
s000007039,RAl98
s000005331,RAl98
s000001144,RAl104
s000004347,RAl104
s000009325,RAl104
s000004515,RAl104
s000000420,RAl104
s000003761,RAl104
s000004669,RAl104
s000006314,RAl104
s000012267,RAl104
s000015128,RAl104
s000004305,RAl104
s000015901,RAl104
s000002181,RAl106
s000006165,RAl106
s000005819,RAl106
s000008119,RAl106
s000006860,RAl106
s000006860,RAl106
s000006860,RAl106
s000006860,RAl106
s000006860,RAl106
s000006860,RAl106
s000006860,RAl106
s000006860,RAl106
s000006860,RAl106
s000006860,RAl106
s000006860,RAl106
s000006860,RAl106
s000011077,RaM10
s000004011,RaR10
s000015902,RaR10
s000004012,RaR10
s000015903,RaR12
s000000313,RaR12
s000015904,RaR12
s000000313,RaR12
s000002419,RaR12
s000015905,RaR12
s000006859,RaR13
s000001555,RaR13
s000007999,RaR13
s000008946,RaR13
s000013347,RAs10
s000005650,RAs10
s000003042,RAs10
s000006859,RAs10
s000006629,RAs10
s000003944,RaT1
s000006228,RaT1
s000003096,RaT1
s000015906,RaT1
s000013617,RaT1
s000015907,RaT1
s000015908,RaT1
s000006142,RaT1
s000000876,RaT1
s000004587,RaT9
s000003095,RaT9
s000001298,RaT9
s000003121,RaT9
s000004364,RaT9
s000005070,RaT9
s000003570,RaT9
s000005868,RaT9
s000000340,RaT16
s000000612,RaT16
s000001507,RaT16
s000003169,RaT16
s000001556,RaT16
s000004163,RaT16
s000001298,RaT16
s000000612,RaT21
s000004854,RaT21
s000003169,RaT21
s000000612,RaT22
s000007414,RaT26
s000015909,RaT26
s000003121,RaT26
s000000750,RaT26
s000001507,RaT26
s000003462,RaT26
s000009048,RaT26
s000002344,RaT26
s000000433,RaT26
s000001315,RaT30
s000004860,RaT30
s000001507,RaT30
s000003169,RaT30
s000001366,RaT30
s000002120,RaT30
s000015910,RaT30
s000003112,RaT36
s000003112,RaT38
s000000482,RaT42
s000005842,RaT42
s000001819,RaT42
s000001827,RaT42
s000005191,RaT42
s000001827,RaT46
s000005842,RaT46
s000005047,RaT46
s000004740,RaT46
s000001809,RaT46
s000008863,RaT46
s000015911,RAu10
s000015912,RAu10
s000006383,RAu40
s000004059,RAu40
s000001892,RaW2
s000015913,RaW2
s000001805,RaW2
s000000446,RaW2
s000006756,RaW2
s000015914,RaW2
s000002971,RaW2
s000005835,RaW2
s000010507,RaW2
s000011384,RaW20
s000004127,RaW20
s000006062,RaW24
s000003473,RaW44
s000004690,RaW44
s000000379,RaW44
s000005104,RaW47
s000000441,RaW47
s000003263,RaW47
s000001254,RaW47
s000006785,RaW47
s000000551,RaW47
s000000613,RaW59
s000000874,RaW59
s000003807,RaW59
s000002247,RaW59
s000004115,RaW59
s000015915,RaW59
s000005298,RaW59
s000015916,RaW59
s000003807,RaW59
s000015917,RaW59
s000005546,RaW59
s000008508,RaW59
s000004165,RaW59
s000002563,RaW59
s000001830,RaW59
s000007739,RaW59
s000011152,RaW59
s000008513,RaW59
s000015918,RaW59
s000015919,RaW59
s000012087,RaW59
s000006595,RaW59
s000015920,RaW59
s000015921,RaW59
s000005104,RaW61
s000000613,RaW61
s000002528,RaW61
s000003793,RaW61
s000005707,RaW61
s000006213,RaW61
s000004772,RaW61
s000004717,RaW61
s000003197,RaW61
s000003677,RaW61
s000002973,RaW61
s000009128,RaW61
s000013248,RaW61
s000001211,RaW61
s000015922,RaW61
s000000613,RaW62
s000003793,RaW62
s000003627,RaW62
s000001384,RaW62
s000015923,RaW62
s000002949,RaW62
s000006255,RaW62
s000002032,RaW63
s000001531,RaW63
s000003276,RaW63
s000008519,RaW63
s000011140,RaW63
s000005092,RaW63
s000002427,RaW63
s000003699,RaW63
s000015924,RaW63
s000003677,RaW63
s000002572,RaW63
s000006230,RaW63
s000015925,RaW63
s000000874,RaW64
s000001531,RaW64
s000002707,RaW64
s000002528,RaW64
s000006213,RaW64
s000000984,RaW64
s000004661,RaW64
s000005198,RaW64
s000001612,RaW65
s000005354,RaW65
s000005104,RaW65
s000002032,RaW66
s000002528,RaW66
s000005167,RaW66
s000001174,RaW66
s000004005,RaW66
s000003276,RaW66
s000015926,RaW66
s000000394,RaW66
s000007074,RaW66
s000008518,RaW66
s000015927,RaW66
s000002032,RaW67
s000003793,RaW72
s000000071,RaW72
s000003327,RaW72
s000006407,RaW72
s000000480,RaW72
s000002528,RaW72
s000004374,RaW73
s000003887,RaW73
s000004781,RaW73
s000001526,RaW73
s000014565,RaW73
s000000874,RaW74
s000001252,RaW77
s000015928,RaW77
s000015929,RaW78
s000001449,RaW78
s000000470,RaW78
s000010303,RaW78
s000006148,RaW78
s000005466,RaW78
s000004429,RaW78
s000015930,RaW78
s000001808,RaW78
s000000997,RaW78
s000003458,RaW78
s000002936,RaW80
s000004756,RaW81
s000002716,RaW82
s000005150,RaW82
s000002136,RaW82
s000003887,RaW82
s000004005,RaW82
s000004697,RaW82
s000015931,RaW82
s000002966,RaW82
s000002098,RaW82
s000000906,RaW82
s000002171,RaW85
s000001513,RaW85
s000004986,RaW85
s000015932,RaW85
s000003377,RaW85
s000005168,RaW85
s000006148,RaW85
s000003327,RaW85
s000000389,RBa12
s000008136,RBa12
s000004965,RBa12
s000006119,RBB10
s000015933,RBB10
s000004298,RbC1
s000003783,RbC1
s000001808,RbC1
s000004578,RbC1
s000001618,RbC1
s000003572,RbC10
s000005548,RbC10
s000003253,RbC10
s000000919,RbC10
s000000299,RbC20
s000015934,RbC20
s000004515,RbC28
s000001448,RbC28
s000003558,RbC28
s000002911,RbC28
s000015935,RbD3
s000015936,RbD3
s000015937,RbD3
s000001909,RbD3
s000015938,RbD3
s000015939,RbD3
s000008901,RbD3
s000015940,RbD3
s000000758,RbD3
s000015941,RbD3
s000015942,RbD3
s000015943,RbD3
s000015944,RbD3
s000015945,RbD3
s000002731,RbD10
s000000179,RbD10
s000006039,RbD10
s000000120,RbD10
s000006418,RbD10
s000015946,RBe1
s000000953,RBe2
s000006227,RBe2
s000005364,RBe2
s000003857,RBe2
s000015947,RBe2
s000001719,RBe2
s000001232,RBe2
s000002827,RBe3
s000006020,RBe3
s000002746,RBe3
s000000076,RBe3
s000001719,RBe3
s000005557,RBe5
s000006020,RBe5
s000006096,RBe5
s000015948,RBe5
s000015949,RBe5
s000008265,RBe5
s000003882,RBe6
s000002319,RBe6
s000001354,RBe6
s000002617,RBe6
s000003862,RBe6
s000001979,RBe6
s000015950,RBe12
s000003311,RBe12
s000002827,RBe12
s000003254,RBe12
s000010697,RBe12
s000004559,RBe15
s000006699,RBe15
s000006096,RBe15
s000002460,RBe15
s000010391,RBe15
s000004559,RBe19
s000002511,RBe19
s000005531,RBe19
s000007842,RBe19
s000008195,RBe19
s000015951,RBe19
s000001047,RBe19
s000002203,RBe19
s000012908,RBe19
s000015952,RBe19
s000010840,RBe19
s000015953,RbG10
s000011325,RbG10
s000001640,RbG10
s000012511,RbH10
s000000208,RbH10
s000001363,RbH10
s000008664,RbH10
s000000013,RbH10
s000015954,RBi10
s000000417,RBi10
s000000106,RBi10
s000000219,RBi10
s000015955,RBi10
s000015956,RBl10
s000005822,RBl10
s000015957,RBl10
s000001900,RbM1
s000007547,RbM1
s000005634,RbM1
s000000918,RbM1
s000006741,RbM1
s000003468,RbM1
s000000710,RbM1
s000001156,RbM1
s000004587,RbM1
s000005819,RbM1
s000006467,RbM1
s000000866,RbM10
s000003997,RbM10
s000002609,RbM10
s000000620,RbM10
s000005450,RBn10
s000004128,RBn10
s000005214,RbR1
s000002482,RbR1
s000005688,RbR1
s000004117,RbR1
s000000473,RbR1
s000003846,RbR1
s000001360,RbR1
s000006664,RbR1
s000000444,RbR1
s000002775,RbR1
s000005660,RbR1
s000002275,RbR1
s000004937,RbR2
s000007717,RbR3
s000004833,RbR3
s000005530,RbR3
s000002482,RbR3
s000005683,RbR3
s000015958,RbR3
s000005537,RbR3
s000006789,RbR3
s000001900,RbR3
s000001249,RbR3
s000005820,RbR3
s000001360,RbR3
s000003184,RbR3
s000015959,RbR3
s000015960,RbR3
s000001360,RbR10
s000005470,RbR10
s000003347,RbR10
s000002009,RbR10
s000015961,RbR10
s000000866,RbR12
s000000401,RbR12
s000005942,RbR12
s000001913,RbR12
s000000280,RbR12
s000001357,RbR14
s000004572,RbR14
s000004338,RbR14
s000006859,RbR14
s000006859,RbR14
s000015962,RbR14
s000015963,RbR14
s000001681,RbR17
s000000475,RbR17
s000015964,RbR17
s000015965,RbR17
s000015966,RbR17
s000005693,RbR17
s000015967,RbR17
s000010645,RbR17
s000015968,RbR17
s000015969,RbR17
s000001709,RbR17
s000006859,RbR17
s000003870,RbR17
s000006859,RbR18
s000008821,RbR18
s000000310,RbR18
s000015893,RbR18
s000006699,RbR22
s000004921,RbR22
s000006859,RbR22
s000006859,RbR22
s000006201,RBS15
s000005023,RBS15
s000002192,RBS15
s000007057,RBS15
s000006543,RBS15
s000003699,RBS15
s000002548,RBS15
s000002854,RBS15
s000000240,RBt6
s000007848,RBt6
s000006279,RBt6
s000005760,RBt6
s000004226,RBt6
s000002789,RBt6
s000005634,RBt17
s000002683,RBt17
s000001669,RBt17
s000000734,RBt17
s000002754,RBt17
s000015970,RBt17
s000015971,RBt17
s000002627,Rbt20
s000000567,RBt20
s000003471,RBt20
s000015730,RBt20
s000001406,RBu10
s000001406,RBu10
s000001406,RBu10
s000006334,RBu10
s000003376,RBu10
s000001820,RBu10
s000000744,RBu15
s000002365,RBu15
s000001011,RBu15
s000004019,RBu20
s000002167,RBu20
s000005441,RBu20
s000005746,RBu20
s000002799,RBu20
s000015972,RbW10
s000015973,RBx10
s000015974,RBx10
s000015975,RBx10
s000015976,RC9
s000015977,RC9
s000001268,RC10
s000003917,RC10
s000002094,RC10
s000004691,RC10
s000015978,RC12
s000006859,RC12
s000001646,RC13
s000004812,RC13
s000003468,RC13
s000008595,RC13
s000003913,RC16
s000003449,RC16
s000003239,RC16
s000000469,RC16
s000002706,RC16
s000004840,RC16
s000006520,RC16
s000005012,RC18
s000001449,RC18
s000004634,RC18
s000004929,RC18
s000003278,RC18
s000007128,RC18
s000009167,RC18
s000007074,RC18
s000002014,RC19
s000002984,RC19
s000002705,RC19
s000000132,RC19
s000001755,RC19
s000006832,RC19
s000000254,RC19
s000002692,RC19
s000005808,RC19
s000015979,RC19
s000015980,RC19
s000001083,RC20
s000005764,RC21
s000004924,RC21
s000001268,RC21
s000015981,RC21
s000004303,RC21
s000006006,RC21
s000004924,RC22
s000006859,RC22
s000002392,RcB1
s000001966,RcB1
s000002664,RcB1
s000005162,RcB1
s000015982,RcB1
s000004370,RcB1
s000000113,RcB1
s000005382,RcB1
s000000613,RcB3
s000002965,RcB3
s000000375,RcB3
s000000443,RcB3
s000005969,RcB3
s000005957,RcB3
s000002169,RcB3
s000007843,RcB3
s000001095,RcB3
s000000284,RcB3
s000013779,RcB3
s000011957,RcB3
s000003115,RcB5
s000015983,RcB5
s000006113,RcB5
s000004354,RcB5
s000015984,RcB5
s000005183,RcB5
s000009599,RcB5
s000004950,RcB5
s000004409,RcB8
s000004986,RcB8
s000002051,RcB8
s000002098,RcB8
s000001919,RcB8
s000002695,RcB8
s000006113,RcB13
s000003023,RcB13
s000004559,RcB13
s000000984,RcB13
s000000132,RcB13
s000015985,RcB13
s000002221,RcB13
s000003466,RcB14
s000005763,RcB14
s000003276,RcB14
s000003139,RcB14
s000003047,RcB14
s000000151,RcB14
s000003276,RcB14
s000004776,RcB14
s000004116,RcB14
s000003011,RcB14
s000003938,RcB14
s000015986,RcB14
s000004774,RcB15
s000004559,RcB15
s000006235,RcB15
s000004752,RcB16
s000003996,RcB16
s000006478,RcB16
s000003781,RcB16
s000002680,RcB16
s000003540,RcB16
s000003167,RcB16
s000006094,RcB16
s000003018,RcB16
s000003466,RcB17
s000003982,RcB17
s000005473,RcB17
s000004786,RcB17
s000000454,RcB17
s000000925,RcB17
s000006026,RcB17
s000000580,RcB18
s000006719,RcB18
s000002067,RcB18
s000002511,RcB25
s000000500,RcB25
s000001154,RcB25
s000006420,RcB25
s000000331,RcB25
s000003099,RcB25
s000003222,RcB30
s000006581,RcB30
s000000236,RcB30
s000003318,RcB30
s000002258,RcB30
s000015987,RcB30
s000000497,RcB30
s000009321,RcB30
s000000841,RcB30
s000001221,RcB40
s000005408,RcB40
s000001228,RcB40
s000002469,RcB40
s000005748,RcB40
s000003412,RcB40
s000004578,RcB40
s000005548,RcB40
s000005874,RcB40
s000001002,RcB40
s000004331,RcB40
s000006569,RcB40
s000005989,RcB40
s000015988,RcB40
s000015989,RcB40
s000015990,RcB40
s000015991,RcB40
s000015992,RcB40
s000015993,RcB40
s000003601,RcB40
s000015994,RcB40
s000001025,RcF10
s000007103,RcF12
s000015995,RcF20
s000015995,RcF20
s000015995,RcF20
s000005200,RcF26
s000015996,RcF26
s000015997,RcF26
s000004310,RcF26
s000015998,RcF26
s000007848,RcF30
s000005909,RcF30
s000015999,RcF30
s000016000,RcF30
s000016001,RcF30
s000016002,RcF30
s000016003,RcF34
s000016004,RcF34
s000005970,RCh10
s000016005,RCh10
s000016006,RCh10
s000016007,RCh10
s000010450,RCh10
s000016008,RCj10
s000005977,RCj10
s000000220,RCj11
s000002253,RCj11
s000005977,RCj11
s000016008,RCj11
s000003637,RCj11
s000006636,RCj20
s000001618,RCj20
s000001297,RCj20
s000003013,RCj20
s000000371,RCj20
s000001513,RCj20
s000000220,RCj20
s000016008,RCj20
s000005977,RCj20
s000002170,RCl4
s000004281,RCl4
s000016009,RCl4
s000002069,RCl5
s000005008,RCl5
s000001538,RCll0
s000002151,RCl13
s000016010,RCl13
s000000459,RCl13
s000006587,RCl13
s000013370,RCm10
s000016011,RCm10
s000003638,RCm10
s000000569,RCm10
s000006423,RCm10
s000000290,RCm10
s000004603,RCm15
s000003102,RCm15
s000004026,RCm15
s000006414,RCm15
s000016012,RCm15
s000002703,RCn10
s000002272,RCn10
s000001406,RCn10
s000005931,RCn10
s000016013,RCn30
s000009610,RCn30
s000003560,RCn30
s000006452,RCn30
s000016014,RCn30
s000001221,RCn36
s000005882,RCn39
s000015132,RCn39
s000006726,RCo3
s000016015,RCo3
s000002201,RCo3
s000016016,RCo3
s000001227,RCo3
s000001371,RCo3
s000006346,RCo4
s000004572,RCo9
s000016017,RCo11
s000016018,RCo11
s000015372,RCo11
s000006586,RCo11
s000004532,RCo11
s000016019,RCo14
s000013777,RCo14
s000016020,RCo14
s000016021,RCo14
s000016022,RCo14
s000003458,RCo14
s000016023,RCo14
s000001155,RCo15
s000007691,RCo15
s000016024,RCo15
s000016025,RCo15
s000006745,RCo15
s000016026,RCo15
s000006019,RCo15
s000013777,RCo23
s000001816,RCo23
s000016021,RCo23
s000016027,RCo23
s000012130,RCo23
s000004245,RCo24
s000006859,RCo24
s000016028,RCo24
s000016029,RCo24
s000004532,RCo24
s000001239,RCo24
s000005047,RCo26
s000016030,RCo26
s000001414,RCo26
s000015283,RCo26
s000016031,RCo27
s000006586,RCo27
s000004245,RCo27
s000003149,RCo27
s000004572,RCo27
s000016032,RCo27
s000005047,RCo30
s000005909,RCo30
s000003295,RCo30
s000004239,RCo32
s000005047,RCo34
s000016033,RCo34
s000006859,RCo34
s000003746,RCo34
s000004777,RCo34
s000005047,RCo34
s000016023,RCo34
s000005144,RCo34
s000005047,RCo34
s000004777,RCo34
s000016034,RCo34
s000004572,RCo34
s000005047,RCo35
s000004831,RCo35
s000015192,RCo35
s000003373,RCo35
s000005047,RCo36
s000003746,RCo36
s000003196,RCo36
s000001301,RCo36
s000004572,RCo36
s000004572,RCo37
s000003196,RCo37
s000003373,RCo37
s000004245,RCo37
s000002708,RCo37
s000005047,RCo38
s000005047,RCo38
s000004777,RCo38
s000001044,RCo38
s000012343,RCo38
s000001246,RCo38
s000002360,RCo38
s000016028,RCo38
s000012130,RCo38
s000005047,RCo41
s000005047,RCo43
s000016035,RCo43
s000006602,RCo43
s000016036,RCo43
s000003112,RCo43
s000016037,RCo43
s000001576,RCo44
s000002039,RCo44
s000005773,RCo44
s000016038,RCo44
s000003440,RCo44
s000009181,RCo44
s000002039,RCo46
s000002871,RCo46
s000001576,RCo46
s000014297,RCo47
s000006740,RCo47
s000006027,RCo47
s000016039,RCo47
s000001576,RCo47
s000002810,RCo47
s000016040,RCo47
s000006379,RCo47
s000001353,RCo47
s000016041,RCo48
s000016042,RCo48
s000009510,RCo48
s000006673,RCo48
s000006396,RCo48
s000001278,RCo48
s000006859,RCo48
s000016043,RCo48
s000016044,RCo49
s000005779,RCo70
s000006859,RCo70
s000006335,RCS10
s000004512,RCS10
s000006122,RtC10
s000000919,RtC10
s000003273,RtC10
s000016045,RtC10
s000000548,RtC10
s000006859,RtC10
s000004465,RCu10
s000006859,RCu10
s000003373,RCu10
s000006859,RCu10
s000000221,RCu10
s000016046,RCu10
s000007389,RCu10
s000016047,RCu10
s000006259,RCu12
s000016048,RCu12
s000016049,RCu12
s000016050,RCu12
s000016051,RCv10
s000014719,RCv10
s000005350,RCv10
s000006587,RcW10
s000003882,RcW16
s000008195,RcW16
s000004867,RD4
s000005221,RD4
s000006629,RD4
s000006505,RD4
s000005925,RD4
s000004124,RD4
s000000491,RD4
s000005197,RD5
s000003310,RD5
s000006859,RD5
s000002511,RD5
s000000420,RD5
s000000700,RD5
s000004897,RD5
s000006820,RD5
s000001254,RD5
s000002915,RD5
s000002051,RD5
s000006859,RD5
s000006859,RD5
s000016052,RD5
s000000108,RD5
s000005538,RD7
s000005551,RD7
s000004411,RD7
s000005452,RD7
s000005064,RD8
s000002308,RD8
s000005583,RD8
s000002186,RD8
s000016053,RD8
s000000420,RD8
s000000741,RD9
s000002671,RD9
s000004921,RD9
s000004124,RD9
s000006763,RD9
s000016054,RD9
s000016055,RD15
s000016056,RD15
s000004921,RD15
s000004124,RD15
s000016057,RD15
s000016054,RD15
s000002271,RD19
s000002319,RD19
s000000846,RD19
s000008579,RD19
s000016058,RD19
s000016059,RD19
s000000669,RD18
s000003287,RD18
s000004472,RD20
s000002508,RD20
s000003184,RD20
s000002339,RD20
s000002067,RD20
s000004298,RD20
s000003092,RD20
s000002320,RD20
s000001480,RD20
s000004990,RD20
s000000093,RD20
s000002271,RD25
s000002319,RD25
s000003287,RD25
s000002271,RD35
s000002319,RD35
s000004903,RD35
s000005461,RD35
s000011260,RD35
s000002271,RD37
s000002203,RD37
s000002072,RD37
s000001154,RD37
s000002419,RD37
s000008271,RD37
s000016060,RD37
s000005331,RD41
s000002271,RD41
s000005970,RD41
s000016061,RD41
s000000081,RD41
s000016062,RD41
s000002271,RD43
s000002319,RD43
s000004903,RD43
s000005461,RD43
s000008409,RD43
s000016063,RD43
s000006847,RDa1
s000001167,RDa1
s000000029,RDa1
s000006168,RDa1
s000016064,RDa1
s000000797,RDa1
s000006859,RDa3
s000006183,RDa3
s000003474,RDa3
s000005634,RDa5
s000002995,RDa5
s000001335,RDa5
s000003707,RDa5
s000001556,RDa5
s000005205,RDa5
s000002120,RDa5
s000002577,RDa5
s000006768,RDa5
s000003075,RDa5
s000005598,RDa6
s000003869,RDa9
s000016065,RDa9
s000016066,RDa9
s000006026,RDa9
s000000146,RDa10
s000005269,RDa10
s000002747,RDa11
s000002747,RDa12
s000016067,RDa12
s000016068,RDa12
s000002747,RDa14
s000016069,RDa14
s000006740,RDa21
s000003619,RDa21
s000002393,RDa21
s000000731,RDa21
s000001895,RDa21
s000000549,RDa21
s000016070,RDa25
s000014276,RDa25
s000004932,RDa25
s000004543,RDa25
s000002980,RDa25
s000000814,RDa25
s000003714,RDa25
s000005104,RDa25
s000001513,RDa25
s000005356,RDa25
s000004046,RDa25
s000006653,RDa25
s000006837,RDa25
s000006828,RdB10
s000004903,RdD10
s000000571,RdD10
s000002191,RdD10
s000016071,RdD10
s000001527,RDh10
s000016072,RDh10
s000009964,RDh10
s000016073,RDh10
s000000781,RDi10
s000001134,RDi10
s000001148,RDi10
s000000419,RDL3
s000005903,RDL3
s000003614,RDL3
s000002632,RDL3
s000016074,RDL3
s000000693,RDL3
s000005415,RDL3
s000005872,RDL3
s000006859,RDL3
s000016075,RDL3
s000001191,RDL3
s000001328,RDL4
s000000761,RDL4
s000006305,RDL4
s000010233,RDL4
s000000419,RDL5
s000005903,RDL5
s000003614,RDL5
s000002632,RDL5
s000016074,RDL5
s000004124,RDL5
s000000747,RDL5
s000005872,RDL5
s000004293,RDL5
s000016076,RDL5
s000006860,RDL5
s000016077,RDL5
s000004422,RDL6
s000005757,RDL6
s000002281,RDL6
s000003221,RDL6
s000001030,RDL10
s000006579,RDL10
s000005187,RDL10
s000006818,RDL10
s000001997,RDL10
s000003576,RDL10
s000001050,RDL10
s000011033,RDL10
s000001435,RDL10
s000004261,RDL10
s000003342,RDL10
s000001633,RDL10
s000006711,RDL10
s000006500,RDL10
s000001735,RDL10
s000002776,RDL10
s000002627,RDL11
s000002730,RDL11
s000005665,RDL11
s000002868,RDL11
s000002850,RDL11
s000003374,RDL11
s000003342,RDL11
s000016078,RDL11
s000006579,RDL12
s000005187,RDL12
s000001030,RDL12
s000001997,RDL12
s000006818,RDL12
s000003576,RDL12
s000011033,RDL12
s000001050,RDL12
s000006500,RDL12
s000001735,RDL12
s000002776,RDL12
s000016079,RDL13
s000005187,RDL13
s000000398,RDL13
s000000316,RDL13
s000016080,RDL13
s000003075,RDL13
s000000452,RDL13
s000016081,RDL13
s000009049,RDL13
s000016082,RDL13
s000006847,RDL13
s000002825,RDL13
s000006859,RDL13
s000001221,RDL15
s000002755,RDL15
s000006696,RDL15
s000005674,RDL15
s000001827,RDL15
s000002525,RDL15
s000000346,RDL15
s000002850,RDL15
s000002627,RDL15
s000003372,RDL15
s000000497,RDL17
s000003205,RDL17
s000001270,RDL17
s000005580,RDL17
s000016083,RDL17
s000001559,RDL17
s000007571,RDL17
s000001812,RDL17
s000001221,RDL18
s000000024,RDL18
s000006610,RDL18
s000001823,RDL18
s000001827,RDL18
s000000320,RDL18
s000005530,RDL18
s000005237,RDL18
s000004118,RDL18
s000005197,RDL19
s000003310,RDL19
s000002511,RDL19
s000000420,RDL19
s000001254,RDL19
s000001685,RDL19
s000004897,RDL19
s000006820,RDL19
s000005884,RDL19
s000016084,RDL19
s000003954,RDL19
s000000700,RDL20
s000001685,RDL20
s000005197,RDL20
s000003310,RDL20
s000005064,RDL20
s000016085,RDL20
s000005405,RDL20
s000005931,RDL20
s000006383,RDL20
s000004069,RDL20
s000001254,RDL20
s000002371,RDL24
s000004681,RDL24
s000007431,RDL24
s000006550,RDL24
s000002790,RDL24
s000005580,RDL24
s000005289,RDL24
s000001559,RDL24
s000005927,RDL24
s000003538,RDL24
s000000974,RDL24
s000002839,RdM8
s000016086,RdM8
s000002035,RdM8
s000013905,RdM8
s000016087,RdM8
s000004645,RdM10
s000004298,RdM18
s000001449,RdM18
s000004786,RdM18
s000016088,RdM18
s000016089,RdM18
s000006799,RdM20
s000003115,RdM20
s000001119,RdM20
s000002712,RdM20
s000002199,RdM20
s000001808,RdM30
s000005272,RdM30
s000001921,RdM30
s000000297,RdM30
s000016090,RdM30
s000002894,RdM30
s000004349,RdM30
s000001327,RdM30
s000012060,RdM30
s000011407,RdN10
s000016091,RdN10
s000016092,RdN10
s000016093,RdN10
s000016094,RdN10
s000016095,RdN10
s000016096,RdN10
s000004903,RdN10
s000004639,RDo5
s000004525,RDo5
s000002271,RDo10
s000002868,RDo10
s000002086,RDo10
s000001499,RDo10
s000008307,RDo10
s000013833,RDo20
s000002511,RDo20
s000006833,RDo20
s000009449,RDo20
s000001719,RDo20
s000001774,RDo20
s000016097,RDo20
s000003005,RDo20
s000001357,RDo26
s000000768,RDo26
s000005737,RDo26
s000006689,RDo28
s000007039,RDo28
s000013081,RDo28
s000013674,RDo28
s000013582,RDo28
s000005188,RDo28
s000002486,RDo28
s000016098,RDo28
s000016099,RDo28
s000014149,RDo28
s000016100,RDo28
s000016101,RDo28
s000016102,RDo28
s000001396,RDo30
s000016103,RDo30
s000005421,RDo30
s000000310,RDo32
s000000389,RDo32
s000009353,RDo32
s000006207,RDo32
s000006773,RDo32
s000000763,RDo36
s000002564,RDo36
s000016104,RDo36
s000010436,RDo36
s000014793,RDo36
s000016105,RDo36
s000016106,RDo36
s000006859,RDo36
s000006859,RDo36
s000007139,RDo40
s000007139,RDo40
s000001296,RDo40
s000006860,RDo40
s000006860,RDo40
s000006860,RDo40
s000006860,RDo40
s000006860,RDo40
s000009686,RDo40
s000016107,RdR10
s000006129,RdR10
s000016108,RdR10
s000016109,RdR10
s000006101,RdR10
s000016110,RdR10
s000016111,RdR10
s000000874,RdR30
s000000599,RdR30
s000004239,RdR30
s000000879,RdR30
s000008501,RdR30
s000016112,RdR30
s000003483,RdR30
s000001787,RdR30
s000001281,RdR32
s000001431,RdR32
s000009505,RdR32
s000002154,RdR32
s000001830,RdR32
s000006220,RdR32
s000011946,RdR32
s000012066,RdR37
s000006828,RdR37
s000005998,RdR37
s000003308,RdR37
s000003470,RdR37
s000016113,RdR37
s000016114,RdR37
s000006666,RdR40
s000006828,RdR40
s000006619,RdR40
s000002054,RdR40
s000003077,RdR40
s000016115,RdR40
s000005896,RdR40
s000000874,RdR44
s000001124,RdR44
s000016116,RdR44
s000003669,RdR44
s000004717,RdR44
s000005346,RdR44
s000002669,RdR44
s000010136,RdR44
s000001198,RdR46
s000006828,RdR46
s000005808,RdR46
s000000853,RdR46
s000004683,RdR46
s000000254,RdR46
s000004193,RdR46
s000004641,RdR48
s000005852,RdR48
s000000602,RdR48
s000005013,RdR52
s000005968,RdR52
s000000794,RdR52
s000004193,RdR52
s000016117,RdR52
s000003505,RdR52
s000006461,RdR52
s000002192,RdR52
s000001786,RdR52
s000000490,RdR53
s000006121,RdR53
s000004193,RdR53
s000005013,RdR53
s000007407,RdR53
s000016118,RdR53
s000001786,RdR53
s000005012,RdR54
s000000980,RdR54
s000016119,RdR54
s000011751,RdR54
s000016120,RdR54
s000006747,RdR54
s000001014,RdR54
s000001475,RdR54
s000001140,RdR54
s000004429,RdR54
s000002276,RdR54
s000005306,RdR54
s000005013,RdR56
s000004467,RdR56
s000006292,RdR56
s000002202,RdR56
s000006121,RdR56
s000016121,RdR56
s000016117,RdR56
s000002276,RdR56
s000016122,RdR56
s000004082,RdR61
s000003255,RdR61
s000006832,RdR61
s000000617,RdR61
s000001794,RdR63
s000005953,RdR63
s000000793,RdR63
s000000400,RdR63
s000000599,RdR64
s000006832,RdR64
s000000820,RdR64
s000000125,RdR64
s000003475,RdR64
s000006506,RdR64
s000004054,RdR64
s000004754,RdR64
s000005852,RdR66
s000005785,RdR66
s000003077,RdR66
s000016123,RdR66
s000010321,RdR66
s000003080,RdR66
s000001276,RdR66
s000001014,RdR66
s000005105,RdR66
s000001943,RdR66
s000000317,RdR68
s000000470,RdR70
s000006267,RdR70
s000000545,RdR70
s000004355,RdR90
s000002130,RdR90
s000004777,RdR90
s000016124,RdR90
s000006859,RdR90
s000016125,RDu10
s000001876,RDu10
s000001763,RDu15
s000008118,RDu15
s000001934,RDu15
s000006859,RDu15
s000016126,RDu15
s000006452,RDW2
s000004355,RDW2
s000005382,RDW2
s000000636,RDW2
s000002400,RDW2
s000014095,RDW2
s000001744,RDW7
s000005474,RDW7
s000016127,RDW7
s000016128,RDW7
s000002514,RDW7
s000005038,RDW10
s000001808,RDW10
s000016129,RDW10
s000001714,RDW10
s000004777,RDW10
s000000698,RDW10
s000000480,RDW10
s000016130,ReB8
s000016131,ReB8
s000002687,ReB10
s000010119,ReB10
s000016132,ReB10
s000016133,ReB10
s000016134,ReC4
s000006859,ReC4
s000016135,ReC4
s000002657,ReC5
s000005700,ReC5
s000016136,ReC5
s000016137,ReC5
s000005359,ReC5
s000003096,ReC5
s000000868,ReC5
s000007855,ReC5
s000016138,ReC5
s000016139,ReC5
s000006254,ReC5
s000006777,ReC5
s000002272,ReC5
s000005943,ReD10
s000000972,ReD10
s000000428,ReD10
s000004674,ReD10
s000006699,ReH10
s000000435,ReH10
s000006386,ReH10
s000009766,ReH10
s000016140,ReH10
s000016141,ReH10
s000016142,ReH10
s000016143,ReH10
s000000236,ReH10
s000004543,ReH10
s000006174,ReH10
s000005882,ReH16
s000003678,ReH16
s000006299,ReH16
s000006859,ReH16
s000016144,ReH22
s000014322,ReH22
s000016145,ReH22
s000007309,ReH22
s000008181,ReH22
s000006860,ReH22
s000006860,ReH22
s000002038,REM5
s000003125,REM5
s000005319,REM5
s000004470,REM5
s000015885,REM5
s000016146,REM5
s000005665,REM10
s000001154,REM10
s000016147,REM10
s000000599,REn6
s000002760,REn6
s000003308,REn6
s000004967,REn6
s000005012,REn6
s000003227,REn6
s000004650,REn18
s000016148,REn18
s000000079,REn18
s000000613,REn18
s000006716,REn18
s000000778,REn20
s000016149,REn20
s000002044,REn20
s000003308,REn20
s000010362,REn20
s000003699,REn20
s000009982,REn20
s000008508,REn20
s000016150,REn20
s000015922,REn20
s000005012,REn30
s000016151,REn30
s000014562,REn30
s000016152,REn30
s000001452,REn30
s000006799,REn30
s000002037,REn32
s000004650,REn32
s000003669,REn32
s000006799,REn32
s000005707,REn45
s000005167,REn45
s000008509,REn45
s000002397,REn45
s000008440,REn45
s000004717,REn45
s000001101,REn45
s000001103,REn45
s000000481,REn50
s000003807,REn50
s000006230,REn50
s000009932,REn50
s000005066,REn50
s000003037,REn50
s000005946,REn50
s000001612,ReN53
s000016153,ReN53
s000006552,ReN53
s000003669,ReN53
s000000927,ReN53
s000016154,ReN53
s000009167,ReN53
s000002806,ReN53
s000004650,ReN55
s000006515,REn55
s000005473,REn55
s000000113,REn55
s000002530,REn55
s000010288,REn55
s000004650,REn60
s000001707,REn60
s000004180,REn60
s000006337,REn60
s000004620,REn60
s000006227,REp18
s000016155,RFG1
s000016156,RFG1
s000016157,RFG1
s000016155,RFG3
s000016156,RFG3
s000016157,RFG3
s000016155,RFG5
s000016156,RFG5
s000016157,RFG5
s000016155,RFG7
s000016158,RFG7
s000016157,RFG7
s000016159,RFG9
s000016155,RFG9
s000001254,RFG20
s000016155,RFG22
s000003534,RFG22
s000002596,RFG22
s000016155,RFG25
s000016160,RFG25
s000003534,RFG25
s000002596,RFG25
s000016155,RFG27
s000016160,RFG27
s000016161,RFG30
s000004797,RFG30
s000003534,RFG30
s000002596,RFG30
s000016162,RFG35
s000016163,RFG35
s000016164,RFG35
s000016165,RFG35
s000016166,RFG35
s000001911,RFG35
s000015264,RFG40
s000016167,RFG40
s000009167,RFG40
s000016168,RFG41
s000015264,RFG41
s000009167,RFG41
s000006745,RFG41
s000000590,RFG41
s000003559,RfH10
s000006478,RfH10
s000006859,RFi10
s000002400,RFi10
s000006859,RFi10
s000003549,RFl3
s000005434,RFl3
s000016169,RFl3
s000006261,RFl3
s000016170,RFl3
s000003780,RFl20
s000002089,RFl20
s000016171,RFl20
s000005315,RFl20
s000002971,RFl20
s000003110,RFl20
s000016172,RFl20
s000003196,RFl28
s000003780,RFl28
s000007085,RFl30
s000006216,RFl30
s000001821,RFl30
s000016173,RFl30
s000005189,RFl30
s000002553,RFl33
s000002958,RFl33
s000001369,RFl33
s000008503,RFl33
s000003008,RFl33
s000009023,RFl33
s000001252,RFl33
s000000849,RFl33
s000008416,RFl33
s000003946,RFl33
s000005152,RFl33
s000004624,RFl33
s000006523,RFl33
s000004441,RFl33
s000002531,RFl33
s000005315,RFl33
s000006094,RFl40
s000004386,RFl40
s000005354,RFl48
s000000678,RFl48
s000003746,RFl60
s000006575,RFl75
s000003158,RFl75
s000008112,RFl75
s000006858,RFl75
s000005063,RFl100
s000005834,RFl100
s000002723,RFl100
s000016174,RFl100
s000007365,RFl101
s000002592,RFl101
s000016175,RFl101
s000003723,RFl102
s000002404,RFl102
s000016176,RFl102
s000016177,RFl102
s000000984,RFl103
s000008884,RFl103
s000016178,RFl103
s000016179,RFl103
s000016180,RFl103
s000015140,RFl103
s000016181,RFl103
s000016182,RFl103
s000003558,RFl104
s000000942,RFl104
s000004147,RFM10
s000004706,RFM10
s000001860,RFM10
s000016183,RFM10
s000001619,RFM10
s000004147,RFM12
s000005078,RFM12
s000002560,RFM12
s000000497,RFM20
s000005693,RFM20
s000016184,RFM20
s000003146,RFM20
s000000138,RFM20
s000016185,RFM20
s000001831,RFM20
s000001432,RFM20
s000001385,RFr10
s000003219,RFr10
s000016186,RFr10
s000016187,RFr10
s000004891,RFr15
s000004234,RFr15
s000006208,RFr15
s000003711,RFr15
s000007972,RFr15
s000001172,RFr19
s000006163,RFr19
s000000768,RFr25
s000016188,RFr25
s000016189,RFr25
s000000768,RFr30
s000016188,RFr30
s000015759,RFr30
s000016189,RFr30
s000016190,RFr30
s000016191,RFr30
s000016192,RFu10
s000001410,RFu10
s000000152,RFu10
s000011099,RFu10
s000001273,RFu10
s000001290,RFu10
s000001358,RFu10
s000002321,RFu10
s000002457,RFu10
s000004672,RFu10
s000006770,RFu10
s000005047,RFu11
s000001297,RFu11
s000002457,RFu11
s000006142,RFu11
s000007550,RFu11
s000015603,RFu11
s000006770,RFu11
s000005047,RFu12
s000016193,RFu12
s000016194,RFu12
s000003637,RFu12
s000001391,RFu12
s000005205,RFu12
s000006142,RFu12
s000002457,RFu12
s000007550,RFu12
s000005759,RFu12
s000006149,RFu12
s000016195,RFu12
s000001974,RFu12
s000005670,RFu20
s000000648,RFu20
s000003793,RFu20
s000006260,RFu20
s000006859,RgA10
s000006859,RgA10
s000003014,RgA10
s000011209,RgA10
s000003254,RgA10
s000016196,RgA11
s000006694,RgA11
s000006860,RgA11
s000016197,RgC10
s000016198,RgC10
s000016199,RgC10
s000016200,RgC10
s000002516,RgC10
s000016201,RgC15
s000016198,RgC15
s000006859,RgC15
s000005994,RgH10
s000005594,RgH10
s000003254,RgH10
s000000374,RGo10
s000007761,RGo10
s000016202,RGo10
s000008096,RGo10
s000016203,RGo10
s000016204,RGo10
s000014450,RGo10
s000013956,RGo10
s000004564,RGr10
s000003250,RGr10
s000000429,RGr10
s000016205,RGr30
s000016206,RGr30
s000016207,RGr30
s000016208,RGr30
s000016209,RGr30
s000016210,RGr30
s000016211,RGr30
s000016212,RGr30
s000016213,RGr30
s000016214,RGr30
s000016215,RGr30
s000016216,RGr30
s000016217,RGr30
s000016218,RGr30
s000016219,RGr30
s000006859,RGu10
s000006859,RGu10
s000006859,RGu15
s000006859,RGu15
s000004437,RGt15
s000016220,RgW10
s000006744,RHa3
s000004982,RHa3
s000004060,RHa3
s000006507,RHa3
s000001054,RHa3
s000005677,RHa3
s000006084,RHa3
s000005045,RHa4
s000007547,RHa4
s000007547,RHa4
s000007547,RHa4
s000007547,RHa4
s000007547,RHa4
s000007547,RHa4
s000007547,RHa4
s000007547,RHa4
s000016221,RHa4
s000002429,RHa4
s000003883,RHa4
s000003762,RHa4
s000003883,RHa4
s000016222,RHa4
s000005002,RHa5
s000005384,RHa5
s000002408,RHa5
s000001167,RHa5
s000001054,RHa5
s000016223,RHa5
s000001556,RHa5
s000007547,RHa8
s000002429,RHa8
s000001994,RHa8
s000008858,RHa8
s000004807,RHa8
s000003570,RHa8
s000006155,RHa8
s000003872,RHa8
s000002490,RHa9
s000015022,RHa9
s000006402,RHa9
s000002107,RHa9
s000013277,RHa9
s000006266,RHa9
s000002490,RHa10
s000006784,RHa10
s000001469,RHa10
s000004032,RHa10
s000014107,RHa10
s000003228,RHa10
s000002039,RHf10
s000001434,RHf10
s000002790,RHf10
s000000802,RHf10
s000005468,RHf10
s000003925,RHf10
s000016224,RHf10
s000000227,RHf20
s000000973,RHf20
s000016225,RHf20
s000003326,RHf20
s000005851,RHf20
s000003837,RHg10
s000007679,RHg10
s000009071,RHg10
s000008118,RHg10
s000003099,RHg10
s000016226,RHg10
s000006860,RHg10
s000006860,RHg10
s000006860,RHg10
s000004572,RHg10
s000007495,RHk10
s000016227,RHk10
s000000015,RHk10
s000016228,RHk10
s000016229,RHk10
s000002633,RhM10
s000016230,RhM10
s000003292,RhM10
s000015488,RhM10
s000006524,RhM30
s000003678,RhM30
s000000877,RhM34
s000006833,RhM34
s000002850,RhM34
s000016231,RhM34
s000016232,RhM34
s000016233,RhM34
s000016234,RhM34
s000014464,RhM34
s000016235,RhM34
s000016236,RhM34
s000002887,RhM34
s000000310,RhM37
s000004257,RhM37
s000003720,RhM37
s000004119,RhM37
s000006738,RhM37
s000001381,RhM37
s000000680,RhM37
s000002888,RHn10
s000002911,RHo1
s000006730,RHo5
s000003223,RHo5
s000003724,RHo5
s000016237,RHo5
s000000466,RHo5
s000016238,RHo5
s000016239,RHo5
s000016240,RHo5
s000016241,RHo5
s000016242,RHo5
s000001296,RHo5
s000016243,RHo5
s000016244,RHo5
s000016245,RHo5
s000013486,RHo5
s000016246,RHo5
s000016247,RHo5
s000002584,RHo10
s000002580,RHo10
s000000908,RHo10
s000000111,RHo12
s000000728,RHo12
s000005898,RHo12
s000002636,RHo12
s000004688,RHo12
s000001343,RHo12
s000006096,RHo12
s000001559,RHo12
s000002496,RHo12
s000006580,RHo12
s000004604,RHo12
s000002281,RHo12
s000006394,RHo12
s000006502,RHo12
s000002901,RHo12
s000003465,RHo12
s000016248,RHo12
s000000511,RHo12
s000006616,RHo12
s000003223,RHo14
s000006528,RHo14
s000013374,RHo14
s000006613,RHo15
s000003320,RHo15
s000000111,RHo17
s000006096,RHo17
s000003974,RHo20
s000005912,RHo20
s000006859,RHo20
s000006859,RHo20
s000006649,RHo20
s000014795,RHo20
s000007837,RHo20
s000002947,RHo20
s000005318,RHo20
s000008209,RHo20
s000006859,RHo20
s000006859,RHo20
s000006859,RHo20
s000006859,RHo20
s000005456,RHo22
s000002315,RHo22
s000000313,RHo22
s000003601,RHo22
s000006049,RHo22
s000001557,RHo22
s000007302,RHo22
s000001357,RHo24
s000003311,RHo24
s000003223,RHo27
s000006225,RHo27
s000001144,RHo27
s000005079,RHo27
s000001763,RHo27
s000011255,RHo27
s000002580,RHo29
s000007679,RHo29
s000016249,RHo29
s000008003,RHo29
s000006859,RHo29
s000002617,RHo29
s000005089,RHo29
s000005563,RHo29
s000002271,RHo31
s000005461,RHo31
s000006859,RHo31
s000016250,RHo31
s000016251,RHo34
s000016252,RHo34
s000008193,RHo34
s000008412,RHo34
s000003351,RHo34
s000003471,RHo34
s000005214,RHo34
s000002871,RHo34
s000002970,RHo34
s000002901,RHo34
s000000974,RHo35
s000016253,RHo35
s000016254,RHo36
s000007598,RHo36
s000002617,RHo36
s000004981,RHo36
s000002814,RHo36
s000016255,RHo36
s000016256,RHo36
s000016257,RHo36
s000006065,RHr5
s000007113,RHr5
s000002234,RHr5
s000009127,RHr5
s000008695,RHr5
s000008313,RHr5
s000016258,RHr5
s000016259,RHr5
s000016260,RHr5
s000001831,RHr5
s000016261,RHr5
s000003956,RHr10
s000006699,RHr12
s000007732,RHr12
s000011555,RHr12
s000013837,RHr12
s000015895,RHr12
s000003870,RHr12
s000004814,RHr12
s000007733,RHr12
s000016262,RHr12
s000006460,RhS20
s000016263,RHv5
s000016264,RHv5
s000014551,RHv5
s000016265,RHv5
s000006859,RHv5
s000006859,RHv5
s000016264,RHv10
s000016266,RHv10
s000000395,RHv10
s000016267,RHv10
s000016268,RHv10
s000001686,RHv10
s000016263,RHv10
s000016269,RHv10
s000016270,RHv10
s000006859,RHv10
s000006774,RHy10
s000001819,RHy10
s000001104,RHy10
s000004966,RHy10
s000003576,RHy10
s000004752,RiB1
s000003670,RiB1
s000002606,RiB1
s000000620,RiB1
s000003857,RiB1
s000003217,RiB1
s000003040,RiB1
s000004283,RiB1
s000004882,RiB15
s000004103,RiB15
s000000872,RiB15
s000003194,RiB15
s000005734,RiB15
s000001075,RiB21
s000005480,RiB21
s000002887,RiB21
s000005575,RiB21
s000007524,RiB21
s000016271,RiB21
s000006859,RiB21
s000006859,RiB21
s000011182,RiB25
s000002333,RiB25
s000001437,RiB25
s000008366,RiB25
s000006207,RiB25
s000016272,RiB25
s000009045,RiB25
s000016273,RiB25
s000002460,RiB26
s000016274,RiB26
s000016275,RiB26
s000006859,RiB26
s000003837,RiB28
s000012485,RiB28
s000007268,RiB28
s000007268,RiB28
s000012552,RiB28
s000006859,RiB28
s000006859,RiB28
s000006859,RiB28
s000005240,RiB30
s000001778,RiB30
s000000076,RiB30
s000003177,RiB30
s000000922,RiB30
s000003695,RiB30
s000000158,RiC10
s000000342,RiC10
s000000080,RiC10
s000002295,RiD1
s000011389,RiD1
s000003689,RiD1
s000002817,RiD1
s000016276,RiD1
s000007543,RiF4
s000016277,RiF4
s000001697,RiF4
s000006337,RiF4
s000002760,RiF4
s000002351,RiF4
s000002347,RiF4
s000004106,RiF10
s000006726,RiF10
s000016278,RiF10
s000015979,RiF10
s000016279,RiF10
s000001952,RiF10
s000001679,RiF13
s000003996,RiF13
s000003746,RiF13
s000003781,RiF13
s000006660,RiF13
s000016280,RiF13
s000016281,RiF13
s000004239,RiF15
s000002390,RiF15
s000001189,RiF15
s000001925,RiF15
s000000040,RiF15
s000016282,RiF15
s000005189,RiF15
s000002922,RiF15
s000001679,RiF18
s000001388,RiF18
s000000648,RiF18
s000003600,RiF18
s000003378,RiF18
s000006191,RiF18
s000001644,RiF18
s000000251,RiF18
s000016283,RiF18
s000006859,RiF18
s000005989,RiF20
s000001618,RiF20
s000006587,RiF20
s000006379,RiF20
s000003954,RiF20
s000004267,RiF20
s000000138,RiF20
s000016284,RiF20
s000006587,RiF21
s000006587,RiF21
s000001618,RiF21
s000002411,RiF21
s000002411,RiF21
s000016285,RiF21
s000003378,RiF21
s000016286,RiF21
s000005092,RiF22
s000003892,RiF22
s000007103,RiF22
s000000648,RiF22
s000004786,RiF22
s000003276,RiF22
s000006777,RiF22
s000010195,RiF22
s000000152,RiF22
s000003166,RiF22
s000011998,RiF22
s000006579,RiF24
s000000675,RiF24
s000004645,RiF24
s000007311,RiF24
s000005171,RiF24
s000003276,RiF24
s000002637,RiF25
s000001810,RiF25
s000004555,RiF25
s000000240,RiF25
s000000810,RiF25
s000001629,RiF25
s000006860,RiF25
s000000320,RiF28
s000016287,RiF28
s000001297,RiF28
s000003954,RiF28
s000013698,RiF28
s000015228,RiF28
s000006637,RiF28
s000005318,RiF28
s000000151,RiF28
s000000113,RiF28
s000003856,RiF28
s000000037,RiF28
s000006859,RiF28
s000006859,RiF28
s000006859,RiF28
s000006859,RiF28
s000006859,RiF28
s000016288,RiF28
s000016289,RiF28
s000016290,RiF28
s000005597,RiF30
s000004482,RiF30
s000016291,RiF30
s000016292,RiF30
s000002776,RiF33
s000005354,RiF33
s000009589,RiF33
s000004825,RiF33
s000001224,RiF33
s000004905,RiF33
s000001297,RiF33
s000000748,RiF35
s000003632,RiF35
s000001339,RiF35
s000003996,RiF36
s000002253,RiF36
s000004621,RiF36
s000003334,RiF36
s000015634,RiF36
s000003631,RiF39
s000003631,RiF39
s000005187,RiF39
s000006579,RiF39
s000000648,RiF39
s000005597,RiF39
s000002637,RiF39
s000002730,RiF39
s000002776,RiF39
s000000152,RiF39
s000005597,RiF42
s000003219,RiF42
s000005339,RiF47
s000002608,RiF47
s000003156,RiF47
s000001115,RiF47
s000000416,RiF47
s000001418,RiF47
s000005078,RiF48
s000004639,RiF48
s000016293,RiF48
s000005676,RiF48
s000002452,RiF48
s000005585,RiF52
s000001031,RiF52
s000003129,RiF52
s000001685,RiF52
s000016294,RiF52
s000003876,RiF52
s000004577,RiF53
s000000513,RiF53
s000005585,RiF53
s000003431,RiF53
s000016295,RiF53
s000005821,RiF53
s000016296,RiF53
s000005492,RiL10
s000001229,RiL10
s000004818,RiL10
s000001666,RiL10
s000004544,RiL10
s000003031,RiL10
s000001675,RiL10
s000002236,RiL10
s000003837,RiL14
s000002868,RiL14
s000001573,RiL14
s000002976,RiL14
s000000702,RiL14
s000002776,RiL15
s000003235,RiL15
s000003826,RiL15
s000006384,RiO15
s000003221,RiO50
s000005434,RiO50
s000002204,RiO50
s000002701,RiQ6
s000006240,RiQ6
s000016297,RiQ6
s000003239,RiQ6
s000016298,RiQ6
s000001694,RiQ6
s000001341,RiQ6
s000016299,RiQ6
s000002844,RiQ15
s000001682,RiQ15
s000001119,RiQ15
s000016300,RiQ15
s000006683,RiQ15
s000016301,RiQ15
s000002839,RiQ23
s000002755,RiQ23
s000008550,RiQ23
s000001307,RiQ23
s000007754,RiQ23
s000004645,RiQ29
s000001224,RiQ29
s000005956,RiQ29
s000001266,RiQ29
s000003357,RiQ29
s000001235,RiQ29
s000003789,RiQ29
s000005634,RiQ35
s000016302,RiQ35
s000003075,RiQ35
s000013997,RiQ35
s000005842,RiQ35
s000005743,RiQ35
s000011260,RiQ35
s000003265,RiQ35
s000005558,RiQ35
s000006691,RiQ35
s000001385,RiR10
s000004976,RiR10
s000016303,RiR10
s000004882,RiR15
s000005527,RiR15
s000004330,RiR15
s000016304,RiS10
s000007579,RiS10
s000016305,RiS10
s000016306,RiS10
s000013974,RiS10
s000004278,RJe1
s000000999,RJe1
s000016307,RjKd10
s000000294,RJR10
s000000001,RJR10
s000005552,RJR10
s000006162,RJR10
s000002072,RKa10
s000000846,RKa10
s000005345,RKa10
s000002075,RKa10
s000009332,RKa10
s000016308,RkB10
s000016309,RkB10
s000006859,RkB10
s000006859,RkB10
s000003480,RKl10
s000004630,RKl10
s000006389,RKl10
s000006043,RKl10
s000001208,RKl10
s000005078,RkM10
s000005470,RkM10
s000016310,RkM10
s000005939,RkM10
s000016311,RkM10
s000007338,RkM10
s000016312,RkM10
s000016313,RkM10
s000002887,RkM16
s000003466,RKi10
s000001123,RKi10
s000004283,RKi10
s000006776,RKi10
s000016314,RKi10
s000016315,RKi10
s000003747,RKi10
s000016316,RKi10
s000003538,RKi10
s000016317,RKi10
s000006315,RKi10
s000006859,RKi10
s000006859,RKi10
s000007584,RkK10
s000012213,RkK10
s000016318,RkK10
s000009571,RkK10
s000015633,RkK10
s000016319,RkK10
s000016320,RkK15
s000007718,RkK15
s000006859,RkK15
s000006859,RkK15
s000006859,RkK15
s000000970,RLB10
s000006858,RLB10
s000000114,RLB10
s000016321,RLB10
s000016322,RLB10
s000001043,RLB10
s000002546,RLB10
s000008866,RLB10
s000003221,RLB10
s000004494,RLB12
s000009772,RLB12
s000006003,RLB12
s000000162,RLB12
s000009706,RLB12
s000005144,RLB22
s000006094,RLB22
s000003780,RLB22
s000000970,RLB22
s000001044,RLB22
s000003114,RLB22
s000006859,RlE5
s000006859,RlE5
s000000679,RlE5
s000002871,RlE5
s000016323,RlE5
s000012511,RlE10
s000016324,RlE10
s000016325,RlE10
s000008380,RlE20
s000008366,RlE20
s000002334,RlE20
s000002814,RlE20
s000005079,RlE20
s000013426,RlE20
s000012444,RlE20
s000016326,RlE20
s000007247,RlE20
s000003711,RlE20
s000011815,RlE20
s000008677,RlE20
s000016327,RlE20
s000000741,RlE22
s000016328,RlE22
s000000279,RlE22
s000008000,RlE22
s000002271,RlE24
s000015704,RlE24
s000014394,RlE24
s000016329,RlE24
s000008121,RlE24
s000002961,RLG10
s000001592,RLG10
s000003524,RLG10
s000009571,RLG10
s000003279,RLi6
s000003247,RLi6
s000016330,RLi6
s000002745,RLi6
s000016331,RLi6
s000006432,RLi10
s000016332,RLi10
s000004892,RLi10
s000001332,RLi10
s000016333,RLi10
s000016334,RLi10
s000016335,RLi10
s000004649,RLi10
s000014554,RLi20
s000009495,RLi20
s000010432,RLi20
s000008703,RLi20
s000016336,RLi20
s000000280,RLi20
s000009712,RLi20
s000006119,RLi20
s000004578,RLi20
s000014329,RLi25
s000012633,RLi25
s000002203,RLi25
s000016337,RLi25
s000006163,RLi25
s000008313,RLi25
s000016338,RLi25
s000006859,RLl10
s000006859,RLl10
s000010775,RLl13
s000016339,RLl13
s000016340,RLl13
s000016341,RLl13
s000015862,RLl13
s000000044,RLl13
s000016342,RLl13
s000016343,RLl13
s000016344,RLl13
s000007458,RLl13
s000015805,RLl15
s000016345,RLl15
s000006859,RLl15
s000006859,RLl15
s000008481,RLl18
s000016346,RLl18
s000008129,RLl18
s000016347,RLl18
s000016348,RLl18
s000016349,RLl18
s000008875,RLl18
s000015805,RLl21
s000016345,RLl21
s000009469,RlM10
s000002652,RlM10
s000016350,RlM10
s000016351,RLn10
s000016352,RLn10
s000005979,RLo10
s000004979,RLo10
s000001827,RLo10
s000004787,RLo11
s000005819,RLo11
s000002915,RLo11
s000002825,RLo11
s000001827,RLo11
s000004119,RLo24
s000012509,RLo24
s000008002,RLo24
s000007888,RLo24
s000001693,RLo24
s000005819,RLo24
s000002685,RLo24
s000006763,RLo24
s000003889,RLT10
s000005428,RLT10
s000002075,RLT10
s000001763,RLT15
s000003875,RLT15
s000002155,RLT15
s000007842,RLu10
s000016353,RLu10
s000016354,RLu10
s000009544,RLu10
s000016355,RLu10
s000016356,RLu10
s000016357,RLu10
s000006860,RLu10
s000006860,RLu10
s000006860,RLu10
s000006860,RLu10
s000006579,RLu10
s000009805,RlW10
s000001938,RlW10
s000016358,RlW10
s000004944,RlW10
s000004378,RM1
s000004870,RM1
s000006446,RM1
s000004174,RM1
s000001252,RM2
s000005742,RM2
s000003308,RM2
s000003913,RM3
s000002870,RM3
s000002818,RM3
s000000101,RM3
s000004619,RM3
s000001083,RM4
s000003820,RM4
s000005434,RM4
s000005808,RM4
s000000853,RM4
s000003769,RM4
s000004840,RM4
s000002454,RM4
s000002146,RM4
s000001021,RM4
s000002441,RM4
s000016359,RM4
s000016360,RM4
s000011417,RM4
s000005315,RM4
s000001373,RM4
s000009903,RM4
s000004619,RM4
s000001612,RM5
s000000049,RM5
s000000243,RM5
s000005789,RM5
s000000068,RM5
s000016361,RM5
s000002188,RM6
s000005808,RM6
s000002277,RM6
s000003237,RM6
s000004761,RM6
s000016362,RM6
s000005919,RM7
s000003913,RM7
s000000409,RM7
s000005808,RM7
s000002454,RM7
s000002870,RM8
s000002595,RM8
s000001518,RM8
s000000820,RM8
s000000793,RM8
s000003793,RM9
s000003979,RM9
s000000937,RM9
s000001749,RM10
s000005609,RM10
s000003464,RM10
s000000545,RM10
s000005023,RM12
s000001449,RM12
s000005144,RM12
s000005844,RM12
s000000745,RM12
s000003755,RM12
s000005023,RM13
s000002707,RM13
s000001449,RM13
s000005092,RM13
s000004512,RM13
s000000970,RM13
s000001329,RM13
s000004494,RM13
s000000343,RM13
s000006201,RM14
s000002037,RM14
s000001329,RM14
s000000857,RM14
s000005399,RM15
s000016363,RM15
s000002984,RM15
s000004358,RM15
s000004036,RM15
s000004375,RM15
s000016364,RM15
s000002098,RM15
s000000230,RM16
s000001059,RM16
s000003746,RM16
s000004781,RM16
s000006213,RM16
s000004457,RM16
s000004522,RM16
s000016365,RM16
s000000768,RMa10
s000004727,RMa10
s000001559,RMa10
s000006390,RMa10
s000008265,RMa10
s000016366,RMa10
s000004606,RMa10
s000006308,RMc10
s000005943,RMc10
s000006859,RMc10
s000016367,RMc10
s000006859,RMc10
s000000959,RMD10
s000004886,RMD10
s000016368,RMD10
s000016369,RMD10
s000016370,RMD10
s000016371,RMD10
s000016372,RMD10
s000016373,RMD10
s000016374,RMD10
s000005437,RMD10
s000002990,RMD10
s000003939,RMD10
s000004090,RMD10
s000003097,RMD10
s000000882,RMe12
s000009066,RMe12
s000015877,RMe12
s000000568,RMe12
s000000882,RMe12
s000002798,RMe12
s000002086,RMe12
s000004002,RMe12
s000004092,RMe12
s000003596,RMe12
s000002980,RMe12
s000016375,RMg10
s000016376,RMg10
s000016377,RMg10
s000016378,RMg10
s000016379,RMg10
s000016380,RMg10
s000016381,RMg10
s000016382,RMg15
s000016383,RMg15
s000016384,RMg17
s000016385,RMg17
s000004634,RMk10
s000005145,RMk10
s000016386,RMk10
s000007544,RMk10
s000016387,RMk10
s000004967,RMk10
s000001938,RMk10
s000002089,RMk10
s000010136,RMk10
s000009932,RMk10
s000004239,RMl1
s000004468,RMl1
s000000625,RMl1
s000000834,RMl1
s000005857,RMl1
s000006346,RMl1
s000007944,RMl1
s000001472,RMn10
s000009461,RMn10
s000016388,RMn10
s000016389,RMn10
s000011209,RMn10
s000012732,RMn10
s000016390,RMo1
s000016391,RMo1
s000016390,RMo2
s000016390,RMo3
s000000604,RMo3
s000004106,RMo3
s000001707,RMp13
s000005042,RMp13
s000003413,RMp13
s000002256,RMp13
s000016392,RMp13
s000016393,RMp13
s000016394,RMp13
s000006049,RMq5
s000004527,RMq5
s000016395,RMq5
s000000331,RMq5
s000016396,RMq5
s000006859,RMq5
s000002560,RMq8
s000002052,RMq8
s000002009,RMq8
s000008055,RMq8
s000001430,RMq8
s000004041,RMq8
s000000302,RMq8
s000000726,RMq10
s000001144,RMq10
s000001311,RMq10
s000003711,RMq10
s000006127,RMq10
s000001532,RMq10
s000002390,RMr10
s000016397,RMr10
s000016398,RMr10
s000005192,RMr10
s000016399,RMr10
s000012759,RMr10
s000011993,RMt10
s000005331,RMt10
s000016400,RMt10
s000016401,RMt10
s000016402,RMt10
s000006859,RMt10
s000016403,RMt10
s000006859,RMt10
s000004867,RMu6
s000004905,RMu6
s000001763,RMu6
s000016404,RMu6
s000016405,RMu6
s000006859,RMu6
s000002936,RMu7
s000003023,RMu7
s000003228,RMu7
s000005423,RMu7
s000016406,RMu7
s000004843,RMu7
s000000006,RMu7
s000004150,RMu18
s000005221,RMu18
s000004475,RMu18
s000006765,RMu19
s000005173,RMu19
s000002363,RMu19
s000004090,RMu19
s000004981,RMu19
s000001562,RMu25
s000016407,RMu25
s000002712,RMu25
s000006625,RMu25
s000005897,RMu25
s000016408,RMu25
s000000070,RMu37
s000000838,RMu37
s000002258,RMu41
s000005851,RMu41
s000003695,RMu41
s000002737,RMu41
s000001979,RMu46
s000000866,RMu46
s000001659,RMu46
s000006267,RMu46
s000004508,RMu46
s000005051,RMu46
s000006534,RMu50
s000002608,RMu50
s000011470,RMu50
s000016409,RMw3
s000016410,RMw10
s000016411,RMw10
s000016412,RMw10
s000006859,RMw10
s000006859,RMw10
s000016413,RMw10
s000006859,RMw10
s000006859,RMw10
s000003711,RMw13
s000008669,RMw13
s000016414,RMw13
s000010769,RMw13
s000005861,RMw13
s000005390,RMw13
s000016415,RMw13
s000016416,RMw13
s000016417,RMw13
s000016418,RMw13
s000016419,RMw13
s000016420,RMw13
s000001577,RMw13
s000006859,RMw15
s000016421,RMw15
s000000398,RMw15
s000010379,RMY10
s000016422,RMY10
s000016423,RMY10
s000002251,RMY10
s000016424,RMY10
s000004956,RMY10
s000005765,RMY15
s000016425,RMY15
s000006235,RMY15
s000002509,RMY15
s000013834,RMY15
s000016426,RMY15
s000009140,RMY15
s000002350,RMY15
s000016427,RmF10
s000006552,RNB10
s000016428,RNB10
s000016429,RNB10
s000016430,RNB10
s000016431,RNB10
s000016432,RnC10
s000002633,RnC10
s000016433,RnC10
s000006860,RnC10
s000006859,RnC10
s000006859,RnC10
s000006859,RnC10
s000006859,RnC10
s000005092,RNe1
s000002308,RNe1
s000005399,RNe1
s000002620,RNe1
s000016434,RNe1
s000016435,RNe1
s000016436,RNe1
s000016437,RNe1
s000016438,RNe2
s000005341,RNe10
s000000600,RNe10
s000006361,RNe10
s000016439,RNe10
s000005783,RNe10
s000000500,RNe15
s000006018,RNe15
s000004976,RNe15
s000002936,RNe23
s000003440,RNe23
s000000973,RNe23
s000004090,RNe23
s000001576,RNi10
s000016440,RNi10
s000008810,RNi10
s000016441,RNi10
s000016442,RNi10
s000016443,RNi10
s000016444,RnH10
s000004466,RnH13
s000008005,RnH13
s000003357,RnH13
s000002840,RnH13
s000003129,RnH13
s000000530,RnH13
s000002451,RnH13
s000009475,RnH13
s000016445,RNo10
s000016446,RNo10
s000015790,RNo10
s000016447,RNo20
s000016448,RNo20
s000016449,RNo20
s000001252,RoA4
s000003466,RoA4
s000001444,RoA4
s000005395,RoA4
s000003856,RoA4
s000016450,RoA4
s000000648,RoA4
s000000163,RoA4
s000000748,RoA4
s000004166,RoA5
s000016451,RoA5
s000003558,RoA5
s000005914,RoA7
s000004786,RoA7
s000001271,RoA7
s000006740,RoA7
s000005801,RoA7
s000002515,RoA7
s000009828,RoA7
s000003793,RoA7
s000000037,RoA7
s000002391,RoA22
s000000304,RoA22
s000000157,RoA22
s000007321,RoA22
s000004983,RoA22
s000001469,RoA23
s000001326,RoA23
s000000814,RoA23
s000003567,RoA23
s000001469,RoA25
s000001531,RoA25
s000001297,RoA25
s000003239,RoA25
s000000814,RoA25
s000000235,RoA25
s000001576,RoA25
s000016452,RoA25
s000016453,RoA25
s000000037,RoA25
s000003239,RoA25
s000004358,RoA25
s000005968,RoA26
s000000240,RoA26
s000003412,RoA26
s000001994,RoA26
s000001762,RoA26
s000000648,RoA26
s000000331,RoA26
s000002122,RoA26
s000008947,RoA26
s000003279,RoA26
s000003982,RoA28
s000000648,RoA28
s000000777,RoA28
s000001003,RoA28
s000005473,RoA28
s000000748,RoA28
s000006049,RoA28
s000003043,RoA28
s000003279,RoA28
s000003737,RoA28
s000004166,RoA28
s000005542,RoA28
s000006463,RoA28
s000006569,RoA28
s000001994,RoA32
s000004625,RoA32
s000004625,RoA32
s000000648,RoA32
s000000788,RoA32
s000006859,RoA32
s000016454,RoA32
s000010189,RoA32
s000016455,RoA32
s000001279,RoA32
s000003279,RoA32
s000004469,RoA32
s000016456,RoA32
s000016457,RoA32
s000000877,RoA35
s000005341,RoA35
s000002037,RoA35
s000001443,RoA41
s000006719,RoA41
s000001402,RoA41
s000004482,RoA41
s000003466,RoA45
s000001487,RoA45
s000003982,RoA48
s000016458,RoA48
s000000648,RoA48
s000005240,RoA57
s000001555,RoA57
s000003099,RoA57
s000000648,RoA57
s000006728,RoA57
s000000710,RoA57
s000000061,RoA57
s000016459,RoA57
s000000991,RoA57
s000005240,RoA64
s000003538,RoA64
s000000061,RoA64
s000004904,RoA64
s000003466,RoA65
s000001760,RoA65
s000006645,RoA65
s000016460,RoA66
s000006823,RoA66
s000009557,RoA66
s000005079,RoA66
s000006773,RoA66
s000006656,RoA68
s000002052,RoA68
s000001900,RoA70
s000002128,RoA70
s000003478,RoA70
s000006823,RoA70
s000005191,RoA70
s000005228,RoD10
s000005861,RoD10
s000002207,RoD10
s000006026,RoD10
s000002350,RoD10
s000003029,RoE10
s000006521,RoE10
s000016461,RoE10
s000002915,RoE10
s000016462,RoH10
s000003236,RoH30
s000016463,RoH30
s000005666,RoH30
s000008017,RoH30
s000000567,RoH30
s000016464,RoH30
s000016465,RoH30
s000016466,RoH30
s000016467,RoH30
s000016468,RoH30
s000016469,RoF20
s000016470,RoF20
s000005483,RoF30
s000016471,RoF30
s000003071,RoF30
s000016472,RoF30
s000006628,RoF30
s000006534,RoJ1
s000004567,RoJ1
s000003882,RoJ1
s000004530,RoJ1
s000015848,RoJ1
s000005520,RoJ1
s000012706,RoJ1
s000004559,RoJ10
s000008816,RoJ10
s000000435,RoJ10
s000001577,RoJ10
s000011843,RoJ10
s000005581,RoJ10
s000009447,RoJ20
s000011900,RoJ20
s000016473,RoJ20
s000007451,RoJ20
s000003102,RoJ20
s000001344,RoL10
s000002233,RoL10
s000003068,RoL10
s000002626,RoL10
s000004657,RoL10
s000002792,RoL59
s000001620,RoL59
s000004013,RoL59
s000004977,RoL60
s000004475,RoL60
s000005339,RoL60
s000003097,RoL60
s000007547,RoN3
s000001122,RoN3
s000003095,RoN3
s000016474,RoN5
s000002387,RoN5
s000000675,RoN5
s000004495,RoN5
s000016475,RoN5
s000007547,RoN8
s000006485,RoN8
s000007547,RoN9
s000004264,RoN9
s000006820,RoN9
s000005045,RoN9
s000006485,RoN9
s000016476,RoN9
s000005819,RoN16
s000003100,RoN16
s000005928,RoN16
s000002114,RoN16
s000002001,RoN17
s000016477,RoN17
s000007547,RoN17
s000007414,RoN17
s000006843,RoN17
s000016478,RoN17
s000016479,RoN18
s000000066,RoN18
s000000648,RoN18
s000005956,RoN18
s000002511,RoN18
s000003804,RoN18
s000000854,RoN18
s000004090,RoN18
s000016480,RoN18
s000004653,RoN18
s000003972,RoN18
s000004578,RoN18
s000006432,RoN22
s000005560,RoN22
s000005559,RoN22
s000006095,RoN22
s000001221,RoN28
s000006765,RoN28
s000003880,RoN28
s000003235,RoN28
s000003471,RoN28
s000002915,RoN28
s000002037,RoN28
s000000897,RoN28
s000016481,RoN28
s000016482,RoN28
s000004021,RoN30
s000003029,RoN30
s000000420,RoN30
s000003714,RoN30
s000016483,RoN30
s000004021,RoN32
s000001129,RoN32
s000001555,RoP2
s000010410,RoP2
s000002119,RoP2
s000006802,RoP2
s000002164,RoP2
s000004976,RoP3
s000016484,RoP3
s000003823,RoP4
s000004988,RoP4
s000000392,RoP4
s000006104,RoP4
s000004044,RoP4
s000016485,RoP4
s000016486,RoP4
s000001928,RoP4
s000001003,RoP4
s000016487,RoP4
s000002363,RoP5
s000000570,RoP5
s000003256,RoP5
s000000454,RoP5
s000002470,RoP5
s000001875,RoP5
s000001664,RoP5
s000007381,RoP5
s000001012,RoP5
s000001993,RoP6
s000000164,RoP6
s000006859,RoP6
s000004012,RoP7
s000009183,RoP7
s000016488,RoP7
s000004988,RoP7
s000004572,RoP8
s000001735,RoP8
s000002983,RoP8
s000006863,RoP8
s000003736,RoP8
s000002799,RoP8
s000003440,RoP8
s000003085,RoP8
s000004988,RoP8
s000003171,RoP8
s000001857,RoP8
s000006823,RoP8
s000003904,RoP8
s000004988,RoP9
s000000038,RoP9
s000016489,RoP9
s000016490,RoP9
s000006740,RoP9
s000010226,RoP10
s000002005,RoP10
s000003552,RoP10
s000016491,RoP10
s000016492,RoP10
s000002052,RoP15
s000005629,RoP15
s000000806,RoP15
s000003870,RoP15
s000016493,RoP15
s000005961,RoP15
s000016494,RoP15
s000001311,RoP20
s000005629,RoP20
s000008002,RoP20
s000011993,RoP20
s000000324,RoP20
s000011260,RoP22
s000016495,RoP22
s000003339,RoP22
s000001570,RoP27
s000016496,RoP27
s000002196,RoR1
s000004792,RoR1
s000016497,RoR1
s000005233,RoR1
s000001229,RoR1
s000016498,RoR1
s000003573,RoR1
s000001325,RoR2
s000001713,RoR2
s000003013,RoR2
s000001574,RoR2
s000004062,RoR2
s000005651,RoR2
s000011484,RoR2
s000000842,RoR5
s000003913,RoR5
s000016499,RoR5
s000000600,RoR5
s000003121,RoR5
s000000152,RoR5
s000001391,RoR5
s000000304,RoR5
s000002825,RoR5
s000003822,RoR5
s000016500,RoR6
s000002041,RoR6
s000000445,RoR6
s000006683,RoR6
s000001423,RoR6
s000001189,RoR6
s000005227,RoR6
s000004764,RoR6
s000000675,RoR6
s000005740,RoR6
s000006810,RoR6
s000005876,RoR6
s000003172,RoR6
s000004559,RoR8
s000003537,RoR8
s000004075,RoR8
s000005597,RoR8
s000002308,RoR8
s000002191,RoR8
s000000422,RoR10
s000005624,RoR10
s000002039,RoR10
s000002965,RoR10
s000016501,RoR10
s000015103,RoR10
s000006487,RoR10
s000002511,RoR10
s000001252,RoR25
s000002707,RoR25
s000002716,RoR25
s000002966,RoR25
s000001235,RoR25
s000000882,RoR25
s000006816,RoR25
s000003238,RoR25
s000002595,RoS3
s000004954,RoS3
s000004264,RoS3
s000000270,RoS3
s000004898,RoS3
s000016502,RoS3
s000006144,RoS3
s000016503,RoS3
s000014744,RoS3
s000002959,RoS3
s000003883,RoS3
s000003536,RoS3
s000002595,RoS6
s000005347,RoS6
s000006832,RoS6
s000003706,RoS6
s000003567,RoS6
s000001894,RoS6
s000000033,RoS6
s000003798,RoS11
s000016504,RoS11
s000002554,RoS11
s000000384,RoS11
s000006008,RoS11
s000002987,RoS11
s000006035,RoS13
s000000678,RoS13
s000000945,RoS13
s000004115,RoS13
s000002858,RoS13
s000003080,RoS13
s000009023,RoS13
s000016505,RoS13
s000016506,RoS13
s000016507,RoS13
s000016508,RoS13
s000005012,RoS17
s000002664,RoS17
s000001647,RoS17
s000005836,RoS17
s000000368,RoS17
s000000570,RoS50
s000011667,RoS50
s000001849,RoS50
s000003542,RoS51
s000006683,RoS51
s000005189,RoS52
s000004563,RoS52
s000011592,RoS52
s000011530,RoS52
s000001537,RoS52
s000005113,RoS53
s000000748,RoS53
s000006859,RoS53
s000006859,RoS53
s000006741,RoS54
s000000748,RoS54
s000001320,RoS54
s000016509,RoS54
s000016510,RoS54
s000016511,RoS54
s000002981,RoS55
s000004112,RoS60
s000004810,RoS60
s000006817,RoS60
s000001224,RoS60
s000006522,RoS60
s000003349,RoS60
s000001265,RoS60
s000003589,RoS60
s000005668,RoS65
s000004455,RoS65
s000001221,RoS65
s000004665,RoS65
s000003844,RoS68
s000002515,RoS68
s000003349,RoS68
s000003239,RoS68
s000009532,RoS68
s000001233,RoS68
s000001265,RoS68
s000016512,RoS68
s000002910,RoS70
s000002768,RoS70
s000006212,RoS70
s000003277,RoS70
s000016513,RoS70
s000001154,RoS70
s000016514,RoS70
s000003844,RoS85
s000004697,RoS85
s000006806,RoS85
s000003349,RoS85
s000006805,RoS85
s000016515,RoS85
s000000153,RoS90
s000006228,RoS90
s000016516,RoS90
s000008556,RoS90
s000004761,RoS90
s000006805,RoS90
s000016517,RoS90
s000009518,RoS90
s000000286,RoS90
s000003468,RoS90
s000006261,RoS90
s000001452,RoS90
s000004263,RoS92
s000003125,RoS92
s000005058,RoS92
s000003468,RoS92
s000001545,RoS92
s000000698,RoS92
s000004090,RoS92
s000002368,RoS92
s000006805,RoS92
s000000711,RoS94
s000002187,RoS94
s000001305,RoS94
s000009518,RoS94
s000001501,RoS94
s000006805,RoS94
s000006330,RoS95
s000003125,RoS95
s000004977,RoS95
s000003468,RoS95
s000001501,RoS95
s000006228,RoS98
s000003125,RoS98
s000003585,RoS98
s000002508,RoS98
s000003507,RoS100
s000006228,RoS100
s000004090,RoS100
s000003044,RoS100
s000010583,RoS100
s000003513,RoS110
s000003125,RoS112
s000001242,RoS112
s000004977,RoS112
s000010642,RoS112
s000006108,RoS112
s000006806,RoS112
s000006361,RoS112
s000006859,RoS112
s000006859,RoS112
s000006859,RoS112
s000006859,RoS112
s000002647,RoS120
s000005776,RoS120
s000003928,RoS120
s000003876,RoS120
s000006079,RoT20
s000016518,RoT20
s000003395,RoT20
s000016519,RoT20
s000000340,RoV1
s000003167,RoV1
s000016520,RoV1
s000008947,RoV1
s000005008,RoV1
s000003932,RoV1
s000016521,RoV1
s000000340,RoV2
s000004924,RoV3
s000004365,RoV3
s000006028,RoV3
s000016522,RoV3
s000016523,RoV3
s000016524,RoV3
s000010512,RoV7
s000016525,RoV7
s000003193,RoV7
s000000720,RoV7
s000002038,RoV7
s000005397,RoV7
s000005856,RoV7
s000012988,RoV7
s000016526,RoV7
s000005848,RoV7
s000002038,RoV10
s000003541,RoV10
s000002730,RoV10
s000003911,RoV10
s000004788,RoV10
s000004740,RoV10
s000006221,RoV10
s000001456,RoV10
s000006859,RoV10
s000002936,RoV13
s000001609,RoV13
s000005542,RoV13
s000004090,RoV13
s000006806,RoV13
s000000340,RoV15
s000008426,RoV15
s000005397,RoV15
s000000863,RoW10
s000004196,RoW10
s000004845,RoW10
s000005481,RoW10
s000004285,RoW10
s000001628,RoW10
s000002281,RoW10
s000005012,RPa10
s000016527,RPa10
s000016528,RPa10
s000016529,RPa10
s000006230,RPa10
s000000039,RPa10
s000004082,RPa15
s000001513,RPa15
s000000570,RPa15
s000000400,RPa15
s000005542,RPa25
s000005674,RPa25
s000005956,RPa25
s000003471,RPa25
s000006049,RPe8
s000002334,RPe8
s000013834,RPe8
s000003503,RPe12
s000005701,RPe12
s000000728,RPe12
s000005858,RPe20
s000002333,RPe20
s000003974,RPe22
s000006729,RPe22
s000004521,RPe22
s000007990,RPe22
s000008667,RPe22
s000000957,RPo10
s000006859,RPo10
s000010100,RPr10
s000010702,RPr10
s000007661,RPr10
s000016530,RPr10
s000016531,RPr10
s000007488,RPr10
s000004632,RPr10
s000006023,RPr10
s000007678,RPr10
s000004350,RR1
s000006049,RR1
s000002993,RR1
s000002814,RR1
s000004103,RR1
s000012975,RR1
s000005746,RR1
s000000571,RR2
s000008019,RR2
s000000691,RR2
s000000948,RR2
s000006389,RR2
s000006462,RR2
s000002710,RR2
s000002460,RR2
s000016532,RR2
s000005939,RR2
s000016338,RR3
s000004965,RR3
s000005786,RR3
s000003690,RR3
s000016533,RR3
s000016534,RR3
s000016535,RR3
s000011215,RR3
s000016536,RR3
s000009359,RR3
s000007453,RR4
s000016537,RR4
s000005590,RR4
s000015453,RR4
s000006937,RR4
s000008231,RR4
s000000279,RR4
s000016538,RR4
s000007952,RR4
s000005173,RR5
s000006165,RR5
s000006859,RR5
s000008683,RR5
s000005329,RRa10
s000012900,RrB10
s000016539,RrB10
s000006859,RrB10
s000010462,RrB10
s000012900,RrB16
s000012900,RrB18
s000016540,RrB18
s000012904,RrB18
s000006859,RrB18
s000001357,RRe10
s000004338,RRe10
s000004572,RRe10
s000006050,RRe10
s000000285,RRe10
s000003867,RRo1
s000001891,RRo1
s000007919,RRo1
s000006859,RRo1
s000006859,RRo1
s000016541,RRo5
s000016542,RRo5
s000006289,RRo5
s000009118,RRo5
s000007919,RRo5
s000003867,RRo8
s000010215,RRo8
s000006859,RRo9
s000000510,RRo12
s000006425,RRo12
s000001026,RRo12
s000000510,RRo16
s000005513,RRo16
s000016543,RRo16
s000016544,RRo16
s000016545,RRo16
s000016546,RRo16
s000016547,RRo16
s000016548,RRo16
s000000510,RRo18
s000016549,RRo18
s000016550,RRo18
s000003403,RRo18
s000016551,RRo18
s000016552,RRo20
s000004201,RRo20
s000010188,RRo20
s000016553,RRo20
s000016554,RRo20
s000002384,RrS5
s000000931,RrS5
s000000880,RrS5
s000000061,RrS5
s000005466,RrS5
s000005453,RrS10
s000001318,RrS10
s000006821,RrS10
s000000690,RrS10
s000006337,RrS10
s000006859,RrS10
s000004572,RRu7
s000005317,RRu7
s000005556,RRu7
s000000342,RRu7
s000016555,RRu7
s000016556,RRu7
s000016557,RRu7
s000002376,RRu10
s000000500,RRu10
s000000866,RRu15
s000000185,RRu15
s000002609,RRu15
s000006073,RRu15
s000003415,RRu15
s000003247,RRu15
s000005363,RRu15
s000005106,RRu20
s000004752,RRu20
s000002771,RRu20
s000002350,RRu20
s000005363,RRu20
s000001927,RRu20
s000005317,RRu20
s000004648,RRw15
s000001314,RRw15
s000002958,RRw15
s000016558,RRw15
s000004717,RRw15
s000004164,RRw15
s000005354,RRw20
s000004648,RRw20
s000001314,RRw20
s000004358,RRw20
s000016559,RRw20
s000000956,RRw20
s000016560,RRw20
s000002513,RRw20
s000005232,RRw32
s000001230,RRw32
s000002700,RRw32
s000016561,RRw32
s000005763,RRw33
s000004027,RRw33
s000016562,RRw33
s000016563,RRw33
s000016564,RRw33
s000009844,RRw33
s000006401,RRw33
s000011512,RRw33
s000003976,RRw35
s000005015,RRw35
s000004241,RRw35
s000005241,RRw35
s000004950,RRw35
s000001415,RRw35
s000005161,RRw35
s000000874,RRw37
s000007085,RRw37
s000004950,RRw37
s000016565,RRw37
s000001715,RRw37
s000000151,RRw37
s000016566,RRz1
s000016567,RRz1
s000016568,RRz1
s000016569,RRz1
s000000323,RRz3
s000000844,RRz3
s000016570,RRz3
s000016571,RRz3
s000006100,RRz3
s000015646,RRz3
s000008369,RRz3
s000016572,RRz4
s000001142,RRz4
s000009071,RRz4
s000003234,RRz4
s000016573,RRz5
s000007773,RRz5
s000007761,RRz5
s000003537,RRz6
s000012633,RRz6
s000016574,RRz6
s000008196,RRz6
s000003060,RRz6
s000007773,RRz6
s000009263,RRz6
s000016575,RRz6
s000016576,RRz6
s000016577,RRz6
s000016578,RRz6
s000000971,RS1
s000003234,RS1
s000002001,RS1
s000002086,RS1
s000005111,RS1
s000005084,RS1
s000006564,RS2
s000005786,RS2
s000002977,RS2
s000000996,RS2
s000016579,RS2
s000002052,RS3
s000002671,RS3
s000015895,RS3
s000001008,RS3
s000006833,RS3
s000011077,RS3
s000016580,RS3
s000008869,RS3
s000006859,RS3
s000016581,RS3
s000001381,RS8
s000016582,RS8
s000001357,RS8
s000016583,RS8
s000006859,RS8
s000006564,RS9
s000002742,RS9
s000016584,RS9
s000016585,RS9
s000016586,RS9
s000012628,RS9
s000016587,RS9
s000016588,RS9
s000016589,RS9
s000008172,RS9
s000005376,RS11
s000000497,RS11
s000016590,RS11
s000016591,RS11
s000004727,RS11
s000016530,RS11
s000005429,RS11
s000001681,RS14
s000007980,RS14
s000000920,RS14
s000016592,RS14
s000016593,RS14
s000001472,RS15
s000005531,RS15
s000003234,RS15
s000016594,RS15
s000016595,RS15
s000016596,RS15
s000006859,RS15
s000004965,RS15
s000016597,RS15
s000001568,RS20
s000006564,RS20
s000000227,RS20
s000004309,RS20
s000005238,RS20
s000007595,RS20
s000013869,RS20
s000009301,RS20
s000000726,RS26
s000009429,RS26
s000011269,RS26
s000005538,RS26
s000008328,RS26
s000016598,RS26
s000016599,RS26
s000016600,RS26
s000002261,RS26
s000016601,RS26
s000008269,RS26
s000010895,RS26
s000016602,RS26
s000016603,RS26
s000016604,RS26
s000016605,RS26
s000016606,RS26
s000011815,RS26
s000016605,RS26
s000016607,RS26
s000016608,RS26
s000016609,RS26
s000004338,RS28
s000007060,RS28
s000000321,RS28
s000016254,RS30
s000002627,RS30
s000009267,RS30
s000006859,RS30
s000016610,RS30
s000016611,RS32
s000016612,RS32
s000004556,RSa5
s000003047,RSa5
s000016613,RSa5
s000003680,RSa5
s000000116,RSa5
s000009587,RSa5
s000016614,RSa5
s000016615,RSa5
s000005127,RSa5
s000005240,RSal0
s000004231,RSal0
s000006501,RSal0
s000001152,RSal0
s000005756,RSal0
s000002562,RSal0
s000001934,RSa20
s000002470,RSa20
s000000953,RSa20
s000001189,RSa20
s000001433,RSa20
s000002799,RSa20
s000004809,RSa20
s000006806,RSa20
s000005838,RSB5
s000004841,RSB5
s000016616,RSB5
s000016617,RSB5
s000007869,RSB5
s000016618,RSc10
s000016006,RSc10
s000016619,RSc10
s000016620,RSc10
s000016620,RSc10
s000007532,RSc10
s000016621,RSd10
s000000669,RSd10
s000016622,RsG10
s000000044,RsG10
s000013490,RsG10
s000000045,RsG10
s000007524,RsG10
s000014089,RsG10
s000016623,RsG10
s000014795,RsG10
s000005430,RsG10
s000001296,RSh5
s000005531,RSh5
s000007039,RSh5
s000006720,RSh5
s000008482,RSh5
s000016624,RSh5
s000004559,RSh10
s000007990,RSh10
s000008482,RSh10
s000002590,RSh10
s000016625,RSh10
s000016626,RSh10
s000016627,RSh10
s000016628,RSh10
s000011073,RSh10
s000016629,RSh10
s000005830,RSh15
s000008193,RSh15
s000007024,RSh15
s000012418,RSh15
s000016630,RSh15
s000016631,RSh15
s000016632,RSh15
s000016633,RSh15
s000016634,RSh15
s000016635,RSh15
s000016636,RSh15
s000016637,RSh15
s000016638,RSh15
s000016639,RSh15
s000003143,RSh18
s000008482,RSh18
s000001296,RSh20
s000005461,RSh20
s000003102,RSh20
s000003927,RSh20
s000016640,RSh20
s000001044,RSi17
s000007686,RSi17
s000016641,RSi17
s000004783,RSi17
s000000162,RSi17
s000004322,RSi18
s000004322,RSi18
s000016642,RSi18
s000005483,RSi18
s000000368,RSi18
s000016643,RSi18
s000016644,RSi18
s000004506,RSi18
s000002806,RSi18
s000004695,RSi18
s000006229,RSi20
s000000407,RSi20
s000005112,RSi20
s000009332,RSi20
s000011246,RSi20
s000006226,RSi20
s000004112,RSi25
s000000714,RSi25
s000000375,RSi25
s000005816,RSi25
s000016645,RSi25
s000006687,RSi25
s000003468,RSi25
s000000101,RSi25
s000002025,RSi25
s000005816,RSi25
s000005104,RSi29
s000002193,RSi30
s000003466,RSi30
s000004645,RSi30
s000001533,RSi30
s000004106,RSi30
s000001229,RSi30
s000003634,RSi30
s000004054,RSi30
s000009934,RSi30
s000001270,RSi30
s000003466,RSi40
s000016646,RSi40
s000006859,RSi40
s000004112,RSi41
s000003466,RSi45
s000001321,RSi45
s000009048,RSi45
s000010834,RSi45
s000006148,RSi45
s000002388,RSi45
s000004295,RSl10
s000003508,RSl10
s000000970,RSl10
s000004297,RSl10
s000006662,RSl10
s000001348,RSl10
s000004043,RSl10
s000001385,RSp8
s000003099,RSp8
s000000608,RSp8
s000004603,RSp10
s000002511,RSp10
s000008302,RSp10
s000006273,RSp10
s000006689,RSp13
s000005456,RSp13
s000002271,RSp16
s000001693,RSp16
s000002258,RSp20
s000004302,RSp20
s000006227,RSp20
s000000070,RSp20
s000002982,RSp20
s000003974,RSp20
s000006859,RSp20
s000006859,RSp20
s000006859,RSp20
s000006859,RSp20
s000006859,RSp20
s000016647,RSp20
s000001191,RSp20
s000004119,RSp20
s000006859,RSp20
s000016648,RSp20
s000016649,RSp20
s000016650,RSp20
s000000763,RSp24
s000007305,RSp24
s000007535,RSp24
s000005062,RSp24
s000016651,RSp24
s000016652,RSp24
s000006859,RSp24
s000006859,RSp24
s000014266,RSp24
s000004035,RSp24
s000016653,RSp24
s000001554,RSp24
s000003503,RSr10
s000005492,RSr10
s000001382,RSr10
s000004392,RSr10
s000001172,RSr10
s000002067,RSt100
s000016654,RSt101
s000016655,RSt101
s000000628,RSt101
s000003904,RSt102
s000015369,RSt102
s000001879,RSt102
s000001186,RSt103
s000004096,RSt103
s000001003,RSt104
s000004850,RSt104
s000007628,RSt105
s000003747,RSt105
s000016656,RSt105
s000007635,RSt105
s000016657,RSt105
s000016658,RSt105
s000002629,RSt106
s000005080,RSt106
s000006966,RSt106
s000001414,RSt107
s000016654,RSt107
s000016659,RSt107
s000000056,RSt107
s000009525,RSt107
s000016660,RSt107
s000016661,RSt107
s000016662,RSt107
s000005040,RSt107
s000002667,RSt108
s000007362,RSt108
s000004508,RSt108
s000016663,RSt108
s000000006,RSt109
s000016664,RSt109
s000016665,RSt109
s000002222,RSt109
s000016666,RSt109
s000016661,RSt109
s000006150,RSt110
s000005957,RSt110
s000007626,RSt111
s000016667,RSt111
s000004109,RSt111
s000005305,RSt112
s000006644,RSt112
s000000166,RSt112
s000006102,RSt112
s000016668,RSt112
s000013553,RSt112
s000006128,RSt112
s000016669,RSt113
s000004109,RSt113
s000016670,RSt113
s000002860,RSt114
s000006775,RSt114
s000016671,RSt114
s000016672,RSt114
s000011382,RSt114
s000016673,RSt114
s000016674,RSt114
s000016661,RSt114
s000016675,RSt114
s000001849,RSt115
s000006672,RSt115
s000002667,RSt116
s000016676,RSt116
s000003493,RSt116
s000016677,RSt116
s000005948,RSt116
s000016678,RSt116
s000002629,RSt117
s000006096,RSt117
s000001195,RSt118
s000001419,RSt118
s000003938,RSt118
s000016679,RSt118
s000000880,RSt201
s000005171,RSt319
s000004197,RSt319
s000003493,RSt319
s000016680,RSt319
s000006235,RSt320
s000001195,RSt320
s000016681,RSt320
s000004600,RSt320
s000016682,RSt320
s000013781,RSt320
s000009987,RSt320
s000002060,RSt321
s000016683,RSt321
s000015369,RSt321
s000006859,RSt321
s000006859,RSt321
s000004973,RSt322
s000016664,RSt322
s000016684,RSt322
s000001490,RSt323
s000006683,RSt323
s000006859,RSt323
s000006859,RSt323
s000006859,RSt323
s000006859,RSt323
s000006687,RSt324
s000000548,RSt324
s000006148,RSt324
s000006859,RSt324
s000006859,RSt324
s000006859,RSt324
s000005500,RSt325
s000002629,RSt325
s000001120,RSt325
s000016661,RSt325
s000016685,RSt325
s000006096,RSt326
s000005670,RSt326
s000009097,RSt326
s000010993,RSt326
s000002785,RSt327
s000001751,RSt327
s000004901,RSt327
s000000553,RSt327
s000016686,RSt327
s000016687,RSt327
s000000868,RSt328
s000002910,RSt328
s000002860,RSt329
s000004508,RSt330
s000006550,RSt331
s000005227,RSt332
s000011878,RSt332
s000000447,RSt332
s000016688,RSt332
s000001297,RSt333
s000006096,RSt334
s000004018,RSt334
s000004109,RSt335
s000003558,RSt335
s000015149,RSt335
s000006705,RSt335
s000001353,RSt335
s000003693,RSt336
s000003693,RSt336
s000016689,RSt336
s000005207,RSt336
s000000406,RSt336
s000000406,RSt336
s000004197,RSt337
s000004326,RSt337
s000005274,RSt337
s000007122,RSt337
s000010809,RSt337
s000011878,RSt337
s000016690,RSt337
s000003604,RSt338
s000002958,RSt338
s000004166,RSt339
s000016691,RSt339
s000016692,RSt339
s000004345,RSt339
s000016693,RSt339
s000016694,RSt339
s000016695,RSt339
s000016696,RSt339
s000016697,RSt339
s000016654,RSt340
s000004528,RSt340
s000006229,RSt341
s000007628,RSt341
s000000235,RSt341
s000016698,RSt342
s000016699,RSt342
s000001320,RSt342
s000016700,RSt342
s000004067,RSt342
s000004990,RSt342
s000016701,RSt342
s000016697,RSt342
s000016702,RSt342
s000004390,RSt343
s000002535,RSt344
s000005171,RSt344
s000003044,RSt344
s000002629,RSt344
s000002706,RSt405
s000001994,RSt410
s000002038,RSt410
s000007278,RSt440
s000003215,RSt440
s000001365,RSt440
s000010875,RSt440
s000006859,RSt440
s000016703,RSt441
s000016704,RSt441
s000004724,RSt441
s000016705,RSt442
s000001186,RSt442
s000006487,RSt442
s000000365,RSt445
s000001858,RSt446
s000006795,RSt446
s000003873,RSt446
s000016706,RSt446
s000002729,RT1
s000002315,RT1
s000001653,RT1
s000004348,RT1
s000002729,RT10
s000001653,RT10
s000002315,RT10
s000004348,RT10
s000002271,RT20
s000005456,RT20
s000004921,RT20
s000003163,RT20
s000006484,RT20
s000008311,RT20
s000016707,RT20
s000006859,RT30
s000001357,RT30
s000016708,RT30
s000000093,RTa10
s000010702,RTa10
s000016709,RTa10
s000013582,RTa14
s000001681,RTa15
s000003320,RTa15
s000016710,RtB1
s000016711,RtB1
s000011495,RtB1
s000016712,RtB1
s000016713,RtB2
s000006859,RtB2
s000006859,RtB2
s000000999,RtB3
s000012791,RtB3
s000013277,RtB3
s000016714,RtB3
s000015772,RtB4
s000016715,RtB4
s000004032,RtB4
s000016716,RtB4
s000016717,RtB4
s000016718,RtB5
s000016719,RtB5
s000016720,RtB5
s000016721,RtB5
s000002415,RtB6
s000016722,RtB6
s000015521,RtB6
s000016723,RtB7
s000012999,RtB8
s000016724,RtB8
s000016725,RtB8
s000006859,RtB8
s000016726,RtB9
s000016727,RtB9
s000016728,RtB9
s000016729,RtB9
s000016730,RtB10
s000006859,RtB10
s000016731,RtB11
s000006859,RtB11
s000006859,RtB11
s000016732,RtB12
s000016733,RtB12
s000016734,RtB12
s000016735,RtB12
s000016736,RtB13
s000016737,RtB13
s000016738,RtB13
s000016739,RtB13
s000016740,RtB14
s000016741,RtB14
s000016742,RtB14
s000016743,RtB14
s000005227,RtD10
s000006150,RtD10
s000006285,RtD10
s000003711,RtD11
s000005648,RtD11
s000003816,RtD12
s000016744,RtD12
s000006062,RtD12
s000003576,RtD13
s000006575,RTh3
s000004747,RTh3
s000010680,RTh3
s000002951,RTh3
s000016745,RTh3
s000004450,RTh3
s000001140,RTh3
s000002232,RTh4
s000004329,RTh4
s000006229,RTh4
s000003308,RTh4
s000001636,RTh4
s000004761,RTh4
s000007130,RTh4
s000001743,RTh4
s000016746,RTh4
s000006575,RTh5
s000004747,RTh5
s000005694,RTh5
s000002962,RTh5
s000001496,RTh5
s000006653,RTh5
s000003008,RTh5
s000005929,RTh5
s000016747,RTh6
s000001222,RTh6
s000002123,RTh6
s000003011,RTh6
s000000441,RTh8
s000003871,RTh8
s000012353,RTh8
s000005462,RTh8
s000000884,RTh8
s000000671,RTh8
s000006255,RTh8
s000006575,RTh9
s000004747,RTh9
s000005694,RTh9
s000001667,RTh9
s000002014,RTh9
s000004761,RTh9
s000009097,RTh9
s000006575,RTh10
s000004747,RTh10
s000005694,RTh10
s000003257,RTh10
s000002448,RTh10
s000000545,RTh10
s000006705,RTh10
s000016748,RTh10
s000003891,RTh10
s000002787,RTh10
s000003483,RTh10
s000016166,RTh10
s000004367,RTh10
s000003659,RTh10
s000003451,RTh11
s000004950,RTh11
s000003844,RTh12
s000001326,RTh12
s000006384,RTh12
s000005144,RTh12
s000010939,RTh12
s000000718,RTh12
s000000052,RTh12
s000005020,RTh15
s000003769,RTh15
s000005233,RTh15
s000000228,RTh15
s000006422,RTh15
s000016363,RTh15
s000001459,RTh15
s000005020,RTh20
s000003769,RTh20
s000004380,RTh20
s000000228,RTh20
s000006113,RTh23
s000016749,RTh23
s000005877,RTh23
s000000441,RTh23
s000004280,RTh23
s000009751,RTh23
s000003820,RTh25
s000004601,RTh25
s000006859,RTh25
s000002498,RTh26
s000001338,RTh26
s000006859,RTh26
s000000230,RTh27
s000005785,RTh27
s000001398,RTh27
s000006393,RTh27
s000001530,RTh27
s000005241,RTh27
s000006806,RTh27
s000005321,RTh27
s000012355,RTh27
s000016750,RTh27
s000005663,RTh27
s000002659,RTh27
s000002391,RTh35
s000002391,RTh35
s000003293,RTh35
s000003996,RTh35
s000000879,RTh35
s000002431,RTh35
s000006001,RTh35
s000001683,RTh35
s000016751,RTh35
s000016752,RTh35
s000004952,RTh35
s000006121,RTh37
s000001967,RTh40
s000002193,RTh40
s000006121,RTh40
s000000304,RTh40
s000016753,RTh40
s000000270,RTh40
s000005072,RTh42
s000003510,RTh42
s000000604,RTh42
s000006683,RTh42
s000002498,RTh42
s000005493,RTh42
s000001859,RTh42
s000000879,RTh42
s000016754,RTh42
s000006373,RTh42
s000006383,RTh52
s000003196,RTh52
s000013433,RTh52
s000005842,RTh52
s000009711,RTh52
s000001918,RTh52
s000013434,RTh52
s000004796,RTh52
s000006302,RTh53
s000005072,RTh53
s000005038,RTh58
s000016755,RtL10
s000016756,RtP10
s000016757,RtP10
s000016758,RtP10
s000016759,RtT10
s000001778,RTu1
s000000808,RTu1
s000001777,RTu1
s000000426,RTu1
s000002542,RTu3
s000007349,RTu3
s000013741,RTu3
s000016760,RTu3
s000016761,RtW10
s000000132,RtW10
s000008579,RtW10
s000016762,RtW10
s000016763,RtW10
s000016764,RtY10
s000006491,RtY10
s000004424,RtY10
s000005059,RtY10
s000003003,RtY14
s000008209,RtY14
s000012699,RtY14
s000001131,RtY14
s000002771,RtY14
s000015605,RtY14
s000008166,RtY14
s000010240,RtY14
s000016765,RtY14
s000016766,RtY14
s000001131,RtY15
s000001385,RtY15
s000003364,RtY15
s000004787,RtY15
s000003364,RtY15
s000016767,RtY15
s000016768,RtY15
s000008561,RtY15
s000006297,RTr10
s000016769,RTr10
s000006859,RTr10
s000006859,RTr10
s000006859,RTr10
s000006859,RTr10
s000006859,RTr10
s000015156,RuB10
s000002174,RuB10
s000000347,RuB10
s000005555,RuB10
s000016770,RuB10
s000016771,RuC10
s000011899,RuC10
s000016772,RuC10
s000008064,RuC10
s000016773,RuC13
s000016774,RuC13
s000006859,RuC13
s000001043,RuJ3
s000004923,RuJ3
s000003298,RuJ3
s000016775,RuJ3
s000016776,RuJ3
s000016777,RuJ3
s000012352,RuJ3
s000006310,RuJ8
s000002510,RuJ8
s000002567,RuJ8
s000006101,RuJ8
s000002772,RuJ8
s000002394,RuJ8
s000003755,RuJ8
s000004918,RuJ8
s000016778,RuM30
s000016779,RuM30
s000016780,RuM30
s000016781,RuM30
s000016782,RuM30
s000016783,RuM30
s000016784,RuM37
s000016785,RuM37
s000004055,RuM37
s000016786,RuM37
s000000598,RuM37
s000010366,RuM37
s000016787,RuM40
s000004049,RuM40
s000001513,RuM40
s000016788,RuM40
s000002028,RuM40
s000010366,RuM40
s000000970,RuM40
s000001360,RUn10
s000012508,RUn10
s000003347,RUn10
s000005939,RUn10
s000004786,RUn10
s000005795,RUn10
s000016789,RuT30
s000016790,RuT30
s000016791,RuT36
s000016792,RuT36
s000016793,RuT36
s000006859,RuT36
s000001280,RVD10
s000001337,RVD10
s000004903,RVD10
s000004683,RVL6
s000010345,RVL6
s000006828,RVL8
s000001646,RVL10
s000003473,RVL10
s000000879,RVL10
s000000570,RVL10
s000006461,RVL10
s000002719,RVL10
s000001916,RVL10
s000016794,RVL10
s000000008,RVL14
s000003781,RVL14
s000012755,RVL14
s000005952,RVL14
s000002388,RVL14
s000000156,RVL14
s000003891,RVL14
s000001511,RVL14
s000002592,RVL16
s000005144,RVL16
s000016795,RVL16
s000010763,RVL16
s000000887,RVL16
s000000205,RVL17
s000002392,RVL17
s000001911,RVL17
s000004634,RVL17
s000004164,RVL17
s000003381,RVL17
s000016796,RVL17
s000005726,RVL25
s000003227,RVL25
s000000293,RVL25
s000001840,RVL25
s000000711,RVL25
s000016797,RVL25
s000000065,RVL25
s000003413,RVL25
s000015264,RVL25
s000006573,RVL25
s000002565,RVL25
s000005144,RVL28
s000003196,RVL28
s000003780,RVL28
s000000243,RVL28
s000002987,RVL28
s000016798,RVL28
s000004619,RVL28
s000001743,RVL28
s000002394,RVL28
s000005567,RVL28
s000005144,RVL30
s000003196,RVL30
s000002447,RVL30
s000005047,RVL30
s000002705,RVL32
s000000484,RVL32
s000005513,RVL32
s000000400,RVL32
s000005425,RVL32
s000002365,RVO10
s000011629,RVO10
s000005682,RVO10
s000006663,RVO10
s000003778,RvP6
s000008677,RvP6
s000016799,RvP6
s000016800,RvP6
s000016801,RvP6
s000016802,RvP6
s000016803,RvP6
s000009137,RvP6
s000016804,RvP6
s000001627,RvP6
s000006503,RvP6
s000016805,RvP9
s000016806,RvP9
s000016807,RvP9
s000016808,RvP9
s000016809,RvP13
s000016810,RvP13
s000016811,RvP13
s000016812,RvP13
s000016813,RvP13
s000016814,RvP13
s000003402,RW1
s000006384,RW1
s000001397,RW1
s000016815,RW1
s000016816,RW1
s000006384,RW30
s000006859,RW30
s000006384,RW30
s000000981,RWa10
s000001252,RWa10
s000003781,RWa10
s000016817,RWa10
s000001252,RWa12
s000004183,RWa12
s000016818,RWa12
s000016819,RWa12
s000016820,RWa12
s000002921,RWa12
s000005097,RWa12
s000008058,RWa50
s000002232,RWa50
s000006832,RWa50
s000000820,RWa50
s000016821,RWa50
s000002325,RWa50
s000000945,RWa50
s000005929,RWa50
s000000317,RWa65
s000016822,RWa65
s000004467,RWa65
s000009167,RWa65
s000006255,RWa65
s000001276,RWa65
s000006828,RWa72
s000000049,RWa72
s000016823,RWa72
s000016824,RWa72
s000006222,RWa72
s000007688,RWa72
s000016825,RWa72
s000004837,RWa72
s000006841,RWa72
s000007414,RWa72
s000008058,RWa90
s000004677,RWa90
s000005799,RWa90
s000005092,RWa90
s000006213,RWa90
s000002431,RWa90
s000004046,RWa90
s000003623,RWa90
s000004500,RWa90
s000016826,RWa90
s000016827,RWa90
s000004264,RWB10
s000002429,RWB10
s000001054,RWB10
s000006485,RWB10
s000003430,RWB10
s000016828,RWB10
s000016829,RWB10
s000000270,RWB10
s000004313,RWB25
s000006645,RWB25
s000000321,RWB25
s000008633,RWB25
s000004313,RWB32
s000006645,RWB32
s000000321,RWB32
s000005473,RWB33
s000002025,RWB33
s000009809,RWB33
s000011631,RWB33
s000016830,RWB42
s000016831,RWB42
s000002355,RWB42
s000016832,RWB42
s000007414,RWB45
s000000568,RWB45
s000002344,RWB45
s000004059,RWB45
s000016833,RWB45
s000000848,RWB45
s000004208,RWB45
s000007865,RWB45
s000002458,RWB45
s000003554,RWB45
s000000799,RWB45
s000003233,RWB58
s000001644,RWB58
s000005697,RWB58
s000002321,RWB58
s000003462,RWB58
s000016834,RWB58
s000016835,RWB67
s000009239,RWB67
s000004002,RWB73
s000004001,RWB73
s000006142,RWB73
s000003095,RWB73
s000003161,RWB73
s000016836,RWB73
s000003167,RWB73
s000000305,RWB73
s000005047,RWB77
s000004976,RWB77
s000000970,RWB77
s000006636,RWB77
s000001819,RWB77
s000001388,RWB82
s000004354,RWB82
s000016837,RWB82
s000007883,RWc10
s000007883,RWc10
s000003014,RWc10
s000003882,RWc10
s000001557,RWd10
s000000792,RWd10
s000016838,RWe10
s000016839,RWe10
s000016840,RWe10
s000016841,RWe10
s000016842,RWe10
s000016843,RWe10
s000016844,RWe10
s000016845,RWe10
s000016846,RWe10
s000005096,RWF1
s000016847,RWF1
s000016848,RWF1
s000005586,RWF1
s000001931,RWF2
s000005586,RWF2
s000000289,RWF2
s000016847,RWF2
s000000289,RWF3
s000005586,RWF3
s000016849,RWF3
s000016850,RWF3
s000016851,RWF4
s000016852,RWF4
s000016849,RWF4
s000016853,RWF4
s000015574,RWF6
s000016854,RWF6
s000010835,RWF6
s000001931,RWF6
s000016851,RWF7
s000016855,RWF7
s000016856,RWF8
s000016857,RWF8
s000016858,RWF8
s000005096,RWF8
s000005586,RWF10
s000016857,RWF10
s000016859,RWF10
s000015356,RWF10
s000016860,RWF15
s000016861,RWF15
s000016862,RWF15
s000005586,RWF16
s000016863,RWF16
s000016864,RWF16
s000016865,RWF16
s000016866,RWF16
s000016867,RWF16
s000001931,RWF18
s000016868,RWF18
s000016864,RWF18
s000012280,RWF18
s000005096,RWF20
s000016860,RWF21
s000016859,RWF22
s000016869,RWF22
s000016865,RWF22
s000016870,RWF22
s000012986,RWF22
s000000612,RWF26
s000010548,RWF26
s000016871,RWF26
s000016872,RWF26
s000016873,RWF26
s000005586,RWF27
s000016874,RWF27
s000016875,RWF27
s000009277,RWF27
s000010835,RWF28
s000005586,RWF28
s000016871,RWF28
s000007099,RWF28
s000000289,RWF28
s000005586,RWF29
s000005586,RWF32
s000005586,RWF33
s000002265,RWF33
s000001967,RWF33
s000016876,RWF33
s000015367,RWF35
s000016877,RWF35
s000016878,RWF35
s000016879,RWF35
s000016880,RWF35
s000001470,RWF37
s000004543,RWF37
s000004365,RWF37
s000003881,RWF37
s000001555,RWg10
s000016881,RWg10
s000015355,RWg10
s000006812,RWg10
s000016882,RWg10
s000016883,RWg10
s000016884,RWg10
s000016885,RWg10
s000016886,RWg10
s000016887,RWg10
s000006859,RWg16
s000006859,RWg16
s000002387,RWh8
s000001667,RWh8
s000000235,RWh8
s000000718,RWh8
s000006183,RWh8
s000000616,RWh8
s000016888,RWh8
s000006469,RWh10
s000002202,RWh10
s000002881,RWh10
s000016889,RWh10
s000002716,RWh10
s000009942,RWh10
s000005729,RWh10
s000003115,RWh10
s000000104,RWh10
s000003976,RWh10
s000002410,RWh10
s000005772,RWh10
s000008899,RWh10
s000005742,RWh15
s000002823,RWh15
s000005263,RWh15
s000002904,RWh15
s000001842,RWh15
s000001198,RWh20
s000002849,RWh20
s000005047,RWh20
s000004395,RWh50
s000000991,RWh50
s000005766,RWi1
s000003403,RWi1
s000006965,RWi1
s000004500,RWi1
s000016890,RWi1
s000006374,RWi1
s000016361,RWi1
s000011246,RWi1
s000005816,RWi2
s000005766,RWi2
s000005134,RWi2
s000016891,RWi2
s000000987,RWi2
s000013309,RWi2
s000001428,RWi3
s000003196,RWi3
s000003780,RWi3
s000000242,RWi3
s000006448,RWi3
s000004298,RWi7
s000005473,RWi9
s000006240,RWi9
s000006213,RWi9
s000002054,RWi9
s000000407,RWi9
s000004515,RWi13
s000005227,RWi13
s000016892,RWi13
s000016893,RWi13
s000002706,RWi24
s000000548,RWi24
s000006765,RWi28
s000000543,RWi28
s000006092,RWi28
s000004371,RWi28
s000001028,RWi28
s000016894,RWi28
s000016895,RWi28
s000016896,RWi28
s000004635,RWi28
s000016897,RWi28
s000003112,RWi29
s000000600,RWi29
s000002620,RWi29
s000006092,RWi29
s000016898,RWi29
s000001769,RWi29
s000000153,RWi31
s000004981,RWi31
s000004809,RWi31
s000002692,RWi31
s000006766,RWi31
s000003567,RWi31
s000004590,RWi31
s000000964,RWi31
s000013180,RWi31
s000016899,RWi31
s000016900,RWi31
s000016480,RWi31
s000016901,RWi31
s000016902,RWi31
s000000500,RWi32
s000004150,RWi32
s000000153,RWi33
s000001332,RWi33
s000001315,RWi33
s000004002,RWi33
s000016491,RWi33
s000005190,RWi33
s000002064,RWi33
s000005205,RWi33
s000000048,RWi33
s000016903,RWi33
s000002790,RWi34
s000005597,RWi36
s000000321,RWi36
s000006159,RWi36
s000006826,RWi36
s000004187,RWi36
s000000236,RWi36
s000001760,RWi36
s000003997,RWi37
s000000427,RWi37
s000002868,RWi37
s000002799,RWi37
s000005670,RWi38
s000004585,RWi38
s000003306,RWi38
s000003246,RWi38
s000006085,RWi38
s000004571,RWi38
s000008855,RWl10
s000002699,RWl10
s000002825,RWl10
s000005144,RWN10
s000000793,RWN10
s000000243,RWN10
s000002361,RWN10
s000002824,RWN10
s000002018,RWN10
s000016904,RWN10
s000007086,RWN15
s000016905,RWN15
s000003780,RWN15
s000003377,RWN15
s000004757,RWN15
s000016906,RWN15
s000000243,RWN15
s000005144,RWN20
s000000793,RWN20
s000001428,RWN20
s000006858,RWN20
s000002361,RWN20
s000009700,RWN20
s000005144,RWN24
s000000793,RWN24
s000002819,RWN24
s000002824,RWN24
s000002361,RWN24
s000006003,RWN24
s000000751,RWN24
s000003542,RWN24
s000005144,RWN26
s000000793,RWN26
s000007688,RWN26
s000002824,RWN26
s000002361,RWN26
s000009096,RWN26
s000005144,RWN28
s000000793,RWN28
s000016907,RWN28
s000002361,RWN28
s000005144,RWN30
s000000793,RWN30
s000003891,RWN30
s000002824,RWN30
s000002670,RWN30
s000002361,RWN30
s000000162,RWN30
s000005144,RWN32
s000000793,RWN32
s000004016,RWN32
s000002824,RWN32
s000002361,RWN32
s000005144,RWN34
s000000793,RWN34
s000001428,RWN34
s000000751,RWN34
s000002361,RWN34
s000005144,RWN38
s000000793,RWN38
s000003393,RWN38
s000002361,RWN38
s000005144,RWN44
s000000793,RWN44
s000004429,RWN44
s000002824,RWN44
s000016908,RWN44
s000016909,RWN44
s000002046,RWN44
s000016910,RWN44
s000002361,RWN44
s000005144,RWN46
s000000793,RWN46
s000008865,RWN46
s000002361,RWN46
s000002300,RWs10
s000001115,RWs10
s000000654,RWs10
s000005768,RWs10
s000016911,RWs10
s000000991,RWs10
s000016912,RxI1
s000016913,RxI1
s000006136,RxI1
s000002528,RxI1
s000006001,RxI10
s000004626,RxI20
s000006859,RxI20
s000016914,RxI20
s000006136,RxI30
s000004370,RxI30
s000005919,RyB4
s000000379,RyB8
s000000375,RyB8
s000000376,RyB8
s000001757,RyB9
s000004363,RyB9
s000000853,RyB9
s000009974,RyB9
s000001151,RyB9
s000016915,RyB9
s000006385,RyB9
s000003534,RyB9
s000002596,RyB9
s000002188,RyB10
s000000714,RyB10
s000003955,RyB10
s000004683,RyB10
s000002772,RyB10
s000003531,RyB12
s000003913,RyB12
s000002595,RyB12
s000002935,RyB12
s000000416,RyB12
s000001822,RyB12
s000006198,RyB14
s000000687,RyB14
s000000794,RyB14
s000005395,RyB14
s000016916,RyB14
s000014564,RyB14
s000001749,RyB16
s000001680,RyB16
s000000678,RyB17
s000001612,RyB17
s000003748,RyB17
s000005144,RyB17
s000004391,RyB18
s000006001,RyB18
s000000711,RyB18
s000002773,RyB18
s000014021,RyB18
s000016917,RyB18
s000006222,RyB18
s000016918,RyK10
s000016919,RyK10
s000016920,RyK10
s000016921,RyK12
s000016922,RyK12
s000016923,RyK12
s000016924,RyK12
s000016925,RyK12
s000016926,RyK12
s000016927,RyK12
s000016928,RyK12
s000016929,RyK12
s000005282,RyM10
s000005633,RYo10
s000005653,RYo10
s000002991,RYo10
s000002887,RYo10
s000005201,RYo10
s000003538,RYo10
s000001127,RYo10
s000003236,RYo12
s000004089,RYo12
s000016930,RyS20
s000004101,RyT40
s000013550,RyT55
s000016931,RyT55
s000016932,RyT55
s000003550,RyT55
s000005456,RZe1
s000006501,RZe1
s000006501,RZe1
s000002386,RZe1
s000004151,RZe1
s000002604,RZe1
s000000177,RZe1
s000009536,RZe1
s000016933,RZe1
s000014845,RZe1
s000004117,RZe1
s000001681,RZe3
s000006301,RZe3
s000001592,RZe3
s000000177,RZe3
s000016934,RZe3
s000006251,RZe3
s000002088,RZe5
s000016935,RZe5
s000002318,RZe5
s000006179,RZe5
s000016936,RZe5
s000002887,RZe10
s000003688,RZe10
s000006859,RZe10
s000006301,RZe10
s000016937,RZe10
s000002088,RZe12
s000002088,RZe12
s000016935,RZe12
s000016938,RZe12
s000016938,RZe12
s000005737,RZe12
s000006179,RZe12
s000003688,RZe12
s000002088,RZe14
s000002088,RZe14
s000016935,RZe14
s000005912,RZe14
s000002683,RZe17
s000006699,RZe17
s000006020,RZe17
s000008066,RZe17
s000004989,RZe17
s000004672,RZe17
s000002580,RZe19
s000006859,RZe19
s000006789,RZe19
s000008003,RZe19
s000016939,RZe19
s000001979,RZe19
s000005038,RZe19
s000012687,RZe19
s000012688,RZe19
s000007235,RZe19
s000002072,RZe20
s000003841,RZe20
s000013661,RZe20
s000002975,RZe20
s000005786,RZe20
s000006773,RZe20
s000009196,RZe20
s000003764,RZe20
s000016940,RZe20
s000016941,RZe20
s000004411,RZe20
s000002580,RZe22
s000004921,RZe25
s000002052,RZe25
s000002188,RZL15
s000002528,RZL15
s000002171,RZL15
s000004238,RZL15
s000001326,RZL17
s000002171,RZL17
s000006229,RZL17
s000000230,RZL17
s000016942,RZL17
s000002603,RZL19
s000006249,RZL19
s000000884,RZL19
s000004193,RZL19
s000005399,RZL19
s000011586,RZL19
s000016943,RZL19
s000005020,RZL20
s000005110,RZL20
s000003769,RZL20
s000004375,RZL20
s000004761,RZL20
s000004879,RZL20
s000000618,RZL20
s000014884,RZL20
s000001286,RZL20
s000001545,RZL20
s000000723,RZL20
s000016944,RZL20
s000016945,RZL20
s000000794,RZL20
s000003820,RZL22
s000003120,RZL22
s000006666,RZL22
s000002276,RZL22
s000001428,RZL22
s000006858,RZL22
s000009706,RZL22
s000001794,RZL24
s000003820,RZL24
s000004950,RZL24
s000000937,RZL24
s000001786,RZL24
s000009982,RZL24
s000016946,RZL25
s000001794,RZL25
s000000617,RZL25
s000006858,RZL25
s000006506,RZL25
s000016947,RZL25
s000004287,RZL25
s000004690,RZL26
s000002214,RZL26
s000002498,RZL26
s000000617,RZL26
s000001255,RZL26
s000004689,RZL26
s000004389,RZL26
s000003008,RZL26
s000003629,RZL26
s000000218,RZL26
s000005462,RZL26
s000004747,RZL26
s000001140,RZL26
s000000156,RZL26
s000002958,RZL26
s000005968,RZL28
s000002202,RZL28
s000003451,RZL28
s000006302,RZL28
s000003976,RZL28
s000001254,RZL28
s000002962,RZL28
s000006733,RZL28
s000005687,RZL28
s000002884,RZL28
s000016948,RZL28
s000003257,RZL28
s000000182,RZL28
s000009749,RZL28
s000002835,RZL28
s000000718,RZL28
s000016949,RZL31
s000004950,RZL31
s000003115,RZL31
s000006302,RZL31
s000000469,RZL31
s000000205,RZL31
s000001179,RZL31
s000000113,RZL31
s000000140,RZL31
s000006150,RZL31
s000006806,RZL31
s000016950,RZL31
s000009751,RZL31
s000007085,RZL35
s000002716,RZL35
s000002202,RZL37
s000003115,RZL37
s000005493,RZL37
s000000857,RZL37
s000003221,RZL37
s000006676,RZL39
s000003115,RZL39
s000003791,RZL39
s000005162,RZL39
s000006047,RZL39
s000005785,RZL39
s000008876,RZL39
s000015746,RZL39
s000005013,RZL39
s000002881,RZL39
s000007824,RzB10
s000006859,RzB10
s000006859,S1
s000006859,S1
s000006859,S1
s000003057,S5
s000012655,S5
s000000713,S5
s000016951,S5
s000000322,S6
s000001209,S6
s000009815,S6
s000001612,S9
s000003057,S9
s000016952,S9
s000013060,S9
s000001612,S10
s000004180,S10
s000001252,S10
s000016953,S10
s000016954,S10
s000016955,S10
s000001612,S11
s000004127,S11
s000005742,S12
s000016956,S12
s000001518,S12
s000004941,S12
s000011607,S12
s000016957,S12
s000001612,S13
s000006756,S13
s000000749,S13
s000004683,S13
s000004789,S13
s000016958,S13
s000016959,S13
s000002394,S13
s000016960,S13
s000001612,S14
s000002392,S14
s000003955,S14
s000004340,S14
s000011605,S14
s000016961,S14
s000001612,S15
s000003708,S15
s000003044,S15
s000001705,S15
s000005808,S15
s000008620,S15
s000006164,S15
s000001612,S16
s000004344,S17
s000006229,S17
s000001222,S17
s000002984,S21
s000004458,S21
s000006201,S21
s000004027,S21
s000000759,S21
s000006552,S25
s000003600,S25
s000001230,S25
s000002028,S25
s000005076,S25
s000006212,S25
s000002018,S25
s000005324,S25
s000006739,S25
s000006270,S25
s000007376,S25
s000016962,S25
s000016963,SaD10
s000016964,SaD10
s000016965,SaD10
s000012545,SaF13
s000005715,SaF13
s000005679,SaF13
s000003567,SaF13
s000008153,SaF13
s000012545,SaF19
s000016966,SaF19
s000001613,SaF19
s000003982,SaF20
s000002560,SaF20
s000000972,SaF20
s000016967,SaF20
s000016968,SaF20
s000003576,SaG10
s000002336,SaG10
s000016969,SaG10
s000015018,SAo10
s000004082,SaP2
s000002839,SaP4
s000000648,SaP4
s000005473,SaP4
s000004645,SaP4
s000004639,SaP4
s000003099,SaP4
s000005508,SaP4
s000003975,SaP4
s000003137,SaP4
s000002827,SaP10
s000002253,SaP10
s000004150,SaP11
s000003824,SaP11
s000014132,SaP11
s000003632,SaP11
s000004943,SaP11
s000003099,SaP11
s000003409,SaP13
s000001154,SaP13
s000001771,SaP13
s000003043,SaP13
s000003166,SaP13
s000010732,SaP13
s000006705,SaP13
s000005319,SaP13
s000000866,SaP13
s000001763,SaP15
s000006826,SaP15
s000002790,SaP15
s000002869,SaP15
s000006197,SaP15
s000001154,SaP19
s000005560,SaP19
s000003996,SaP19
s000000505,SaP19
s000006505,SaP19
s000003409,SaP20
s000000648,SaP20
s000003824,SaP20
s000006823,SaP20
s000000054,SaP20
s000002776,SaP25
s000002627,SaP25
s000001154,SaP25
s000000137,SaP25
s000002990,SaP25
s000002671,SaP30
s000002975,SaP30
s000004530,SaP30
s000002871,SaP30
s000005530,SaP30
s000003466,SaP30
s000002075,SaP30
s000003691,SaT4
s000006859,SaT4
s000011705,SaT4
s000003691,SaT5
s000011705,SaT5
s000003691,SaT6
s000011705,SaT6
s000003691,SaT8
s000016970,SaT8
s000003691,SaT9
s000011705,SaT9
s000003691,SaT10
s000011705,SaT10
s000007066,SaT15
s000004946,SaT15
s000004033,SaT15
s000001021,SaT15
s000001245,SaT15
s000010637,SaT15
s000004946,SaT17
s000000779,SaT17
s000000423,SaT17
s000004351,SaT17
s000003691,SaT20
s000003534,SaT23
s000002596,SaT23
s000000617,SaT23
s000009750,SaT23
s000016971,SaT23
s000016101,SBa10
s000007135,SBa10
s000000014,SBa15
s000001382,SBa15
s000016342,SBa15
s000016972,SBa15
s000011810,SBa15
s000009101,SBa15
s000005517,SBa15
s000006793,SBa22
s000005456,SBd10
s000000530,SBd10
s000016973,SBd10
s000008411,SBd10
s000007045,SBd10
s000011110,SBd10
s000007061,SBd10
s000002001,SBg10
s000016974,SBg10
s000016975,SBg10
s000003860,SBg10
s000001460,SBs10
s000001939,SBs10
s000004469,SBs10
s000005178,SCa10
s000016976,SCa10
s000000971,SCa10
s000005914,SCa10
s000016977,SCa10
s000016978,SCa10
s000016979,ScH10
s000011989,ScH10
s000016980,ScH10
s000016981,ScH10
s000008143,ScH10
s000016982,ScH13
s000016983,ScH13
s000006439,ScH13
s000003574,SCl5
s000005171,SCl5
s000002000,SCl5
s000000790,SCl5
s000016984,SCl5
s000016985,SCl5
s000006859,SCl5
s000016986,SCl5
s000016987,SCl10
s000003574,SCl10
s000016988,SCl10
s000016989,SCl10
s000016990,SCl10
s000016991,SCl10
s000016992,SCl10
s000010707,ScM10
s000006049,SCo10
s000002730,SCo10
s000002975,SCo10
s000004981,SCo10
s000004122,SCo10
s000005095,SCo10
s000004466,SCr10
s000016993,SCr10
s000016994,SCr10
s000016995,SCs10
s000011994,SCs10
s000016996,SCs10
s000016997,SCs10
s000016998,SCs10
s000016999,SCs10
s000017000,SCs10
s000017001,SCs10
s000010701,ScW10
s000006274,ScW10
s000004814,ScW10
s000017002,ScW10
s000014494,ScW10
s000002035,ScW10
s000017003,ScW10
s000006859,ScW10
s000003878,ScW10
s000005003,ScW13
s000003160,ScW13
s000006859,ScW13
s000008816,ScW13
s000017004,ScW13
s000006859,ScW13
s000017005,SCz10
s000017006,SCz10
s000017007,SCz10
s000017008,SCz10
s000001712,SdG1
s000008121,SdG1
s000017009,SdG1
s000017010,SdG1
s000014392,SdG1
s000017011,SdG1
s000002562,SDr1
s000005492,SDr1
s000000476,SDr1
s000003097,SDr1
s000005682,SDr1
s000003223,SDr10
s000002207,SDr10
s000004443,SDr10
s000003090,SDr10
s000017012,SDv10
s000017013,SDv10
s000017014,SDv10
s000017015,SDv10
s000017016,SE3
s000017017,SE3
s000017018,SE3
s000017019,SE4
s000017020,SE4
s000017021,SE4
s000017022,SE4
s000017023,SE20
s000017024,SE20
s000017025,SE20
s000017026,SE20
s000017027,SE20
s000017028,SE20
s000017029,SE20
s000017030,SE20
s000017031,SE20
s000017032,SE20
s000017033,SE20
s000017034,SE20
s000017035,SE20
s000017036,SE25
s000017036,SE25
s000017037,SE25
s000017038,SE25
s000017039,SE25
s000017040,SE25
s000017041,SE25
s000017042,SE25
s000017036,SE26
s000004543,SeC10
s000013045,SeG10
s000005200,SeL1
s000000880,SeL3
s000015464,SeL3
s000001778,SeL20
s000010084,SeL26
s000001778,SeL28
s000010084,SeL30
s000001778,SeL35
s000006346,SeL35
s000006478,SeL35
s000001557,SeL40
s000007598,SeL40
s000017043,SeL40
s000006581,SeL40
s000004103,SeL40
s000008821,SeL40
s000017044,SeL40
s000017045,SeL40
s000007475,SeL40
s000006692,SeL40
s000006823,SeL40
s000004903,SeL40
s000002037,SeL45
s000000748,SeL45
s000000925,SeL45
s000005318,SeL45
s000006806,SeL45
s000008658,SeL45
s000006006,SeL45
s000005886,SeL45
s000001820,SeL45
s000006026,SeL45
s000000376,SFr46
s000006810,SFr46
s000001557,SeL55
s000006773,SeL55
s000004103,SeL55
s000006692,SeL55
s000017046,SeL55
s000006823,SeL55
s000007041,SeL55
s000007475,SeL55
s000001562,SeP1
s000004572,SeP2
s000007774,SeP2
s000006859,SeP2
s000006859,SeP2
s000017047,SET1
s000017048,SET1
s000008416,SET1
s000000966,SET1
s000017049,SET1
s000017050,SET1
s000003755,SET1
s000006089,SET8
s000004472,Sfg2
s000017051,Sfg2
s000008481,Sfg2
s000006859,Sfg2
s000006859,Sfg2
s000003396,SFi10
s000017052,SFi10
s000017053,SFi10
s000017054,SfP6
s000017055,SfP6
s000017056,SfP6
s000017057,SfP6
s000017058,SfP6
s000017059,SfP6
s000017060,SfP6
s000017061,SfP6
s000005690,SFr42
s000004329,SFr42
s000001564,SFr42
s000004193,SFr42
s000002772,SFr42
s000017062,SFr43
s000003792,SFr43
s000006832,SFr43
s000004967,SFr43
s000001787,SFr43
s000000551,SFr43
s000001765,SFr43
s000003913,SFr50
s000004641,SFr50
s000003955,SFr50
s000004452,SFr60
s000005110,SFr60
s000001222,SFr60
s000003748,SFr60
s000005119,SFr60
s000007130,SFr60
s000003783,SFr60
s000002926,SFr60
s000006245,SfS10
s000014670,SfS10
s000012399,SfS10
s000000526,SG15
s000009920,SG30
s000013110,SG33
s000017063,SG33
s000000361,SG33
s000017064,SG33
s000005224,SG33
s000009920,SG33
s000009920,SG33
s000009920,SG33
s000009920,SG33
s000017065,SG33
s000000188,SG33
s000017066,SG33
s000009920,SG37
s000009920,SG37
s000009920,SG37
s000017064,SG37
s000017067,SG37
s000000361,SG43
s000009920,SG43
s000017064,SG49
s000009920,SG49
s000005764,SG54
s000006859,SG54
s000017068,SG54
s000017069,SG54
s000009920,SG60
s000001165,SG60
s000006587,SG60
s000004924,SG60
s000003910,SG60
s000000340,SG60
s000017070,SG60
s000017064,SG60
s000017071,SG60
s000006859,SG60
s000002240,SG65
s000004875,SG65
s000017071,SG66
s000005764,SG69
s000005764,SG69
s000006859,SG69
s000006859,SG69
s000006859,SG69
s000017068,SG69
s000017069,SG69
s000004594,SG71
s000004987,SG71
s000007192,SG71
s000017072,SG71
s000006532,SGa10
s000017073,SGa10
s000017074,SGa10
s000017075,SGa10
s000017076,SGa10
s000017077,SGa10
s000017078,SGa10
s000017079,SGa10
s000017080,SGa10
s000005173,SGa10
s000016052,SGa10
s000017081,SGa10
s000017082,SGa10
s000004165,SGa10
s000017083,SGe10
s000000108,SGB60
s000016052,SGB60
s000017081,SGB60
s000017084,SGB60
s000004165,SGB60
s000017085,SGB75
s000017086,SGB75
s000002637,SGi3
s000004792,SGi3
s000017087,SGi3
s000006130,SGi3
s000003130,SGi3
s000004218,SGi3
s000003289,SGi3
s000003712,SGi3
s000003945,SGi3
s000002878,SGi3
s000006615,SGi3
s000008058,SGi8
s000003095,SGi8
s000003714,SGi8
s000002680,SGi8
s000005291,SGi8
s000005921,SGi8
s000014799,SGi8
s000004263,SGi30
s000000482,SGi30
s000001819,SGi30
s000005513,SGi30
s000004035,SGi30
s000004341,SGo10
s000004275,SGo10
s000002272,SGo10
s000001812,SGo10
s000002272,SGo15
s000000503,SGr10
s000004172,SGr10
s000001568,SgT10
s000000181,SgT10
s000017088,SgT10
s000017089,SgT10
s000006173,SGu10
s000006997,SGu10
s000003014,SGy10
s000017090,SGy10
s000017091,SGy10
s000017092,SGy10
s000004402,SGy10
s000007000,SGy10
s000002710,SGy10
s000006729,SGy12
s000002771,SGy12
s000007009,SGy12
s000008136,SGy12
s000008849,SGy12
s000003117,SHa7
s000000575,SHa7
s000012637,SHa7
s000007863,SHa7
s000000433,SHa7
s000000864,SHa7
s000006305,SHa10
s000005187,SHa10
s000017093,SHa10
s000017094,SHa10
s000017095,SHa10
s000017096,SHa10
s000017097,SHa10
s000017098,SHa10
s000017099,SHa10
s000017100,SHa10
s000017101,SHa10
s000010869,ShB10
s000017102,SHD10
s000015554,ShI40
s000015554,ShI41
s000017103,ShI50
s000017104,ShI50
s000006859,ShI52
s000006859,ShI52
s000006859,ShI52
s000006859,ShI55
s000004669,SHk10
s000006050,SHk10
s000007045,SHk10
s000005692,SHk10
s000004656,SHk10
s000006906,SHk10
s000001381,SHk10
s000004466,SHk15
s000002334,SHk15
s000005041,SHk15
s000017105,SHL2
s000017106,SHL2
s000017107,SHL2
s000017108,SHL2
s000017109,SHL2
s000006859,ShM5
s000006859,ShM5
s000017110,ShM10
s000017111,ShM10
s000010454,ShM10
s000002422,ShM15
s000006859,ShM15
s000006859,ShM15
s000006015,SHo2
s000006218,SHo2
s000003643,SHo2
s000003576,SHo2
s000017112,SHo2
s000001469,SHo4
s000006419,SHo4
s000000483,SHo4
s000001556,SHo4
s000001316,SHo4
s000002114,SHo4
s000006537,SHo4
s000017113,SHo4
s000002319,SHp5
s000000846,SHp5
s000000571,SHp5
s000000106,SHp5
s000007679,SHp5
s000012059,SHp5
s000003143,SHp10
s000000726,SHp10
s000003143,SHp10
s000000727,SHp10
s000017114,SHp10
s000000115,SHp10
s000004365,SHp13
s000007884,SHp13
s000002376,SHS5
s000001287,SHS5
s000000168,SHS5
s000017115,SHS5
s000017116,SHS5
s000005561,SHS5
s000000420,SHS10
s000017117,SHS10
s000001853,SHS10
s000002281,SHS10
s000017118,SHS10
s000004151,SHS10
s000005471,SHS10
s000006549,SHS10
s000017119,SHS10
s000000436,SHS10
s000017120,ShT10
s000006859,ShT10
s000006859,ShT10
s000017121,SyH10
s000017122,SyH10
s000014252,SyH10
s000005564,SiA10
s000005564,SiA10
s000017123,SiA10
s000006859,SiA10
s000013432,SIC10
s000006257,SIC10
s000017124,SIC10
s000014962,SIC10
s000017125,SIC10
s000017126,SIC10
s000017127,SiG10
s000017128,SiG10
s000017129,SiG10
s000003495,SiH20
s000017130,SiH20
s000009741,SiM10
s000006772,SiM10
s000017131,SiM10
s000005076,SiM10
s000017132,SiM10
s000000107,SiN10
s000000268,SiN10
s000017133,SiN10
s000004025,SiN10
s000004741,SiN10
s000001282,SiN10
s000004055,SiN10
s000003578,SiN10
s000001773,SiN10
s000017134,SiO10
s000017135,SiO10
s000017136,SiO10
s000017137,SiO10
s000017138,SiO10
s000017139,SiO10
s000017140,SiO10
s000006335,SiO30
s000001431,SiO30
s000006714,SiO30
s000003291,SiO30
s000005710,SiO30
s000001992,SiO30
s000017141,SiO30
s000009352,SiW8
s000017142,SiW8
s000017143,SiW8
s000017144,SiW8
s000017145,SiW8
s000009353,SiW8
s000003015,SiW8
s000017146,SiW8
s000002830,SiW10
s000008716,SiW10
s000011395,SiW10
s000009352,SiW12
s000006859,SiW12
s000017146,SiW12
s000010460,SiW13
s000006692,SiW13
s000010428,SiW13
s000001810,SiW13
s000017147,SiW13
s000012699,SiW13
s000017148,SiW13
s000017147,SiW13
s000017149,SiW13
s000009352,SiW14
s000006859,SiW14
s000006859,SiW14
s000017146,SiW14
s000006305,SJF9
s000000902,SJF9
s000006051,SJF9
s000002750,SJF9
s000008055,SJF17
s000005406,SJF17
s000005064,SJF17
s000008055,SJF19
s000005064,SJF19
s000005676,SJF21
s000005943,SJF21
s000000909,SJF21
s000003611,SJF21
s000006527,SJF21
s000002998,SJF21
s000006638,SJF21
s000006697,SJF21
s000004359,SJF21
s000004211,SJF21
s000002771,SJF22
s000005754,SJF22
s000005363,SJF22
s000003429,SJF22
s000003438,SJF23
s000006453,SJF23
s000006638,SJF23
s000002392,SK2
s000005772,SK2
s000003744,SK2
s000000548,SK2
s000006591,SK2
s000004628,SK2
s000011719,SK2
s000001388,SK3
s000004986,SK3
s000000548,SK3
s000017150,SK3
s000007086,SK3
s000001657,SK3
s000013160,SK3
s000017151,SK3
s000017152,SK3
s000017153,SK3
s000006672,SK3
s000004867,SK4
s000002193,SK4
s000004891,SK4
s000000230,SK4
s000006249,SK5
s000003913,SK5
s000003250,SK5
s000006816,SK5
s000017154,SK5
s000017155,SK5
s000005207,SK5
s000000056,SK5
s000006249,SK6
s000003466,SK6
s000005560,SK6
s000001612,SK6
s000006645,SK6
s000002202,SK6
s000006591,SK6
s000000407,SK6
s000001138,SK6
s000005670,SK6
s000000876,SK6
s000006249,SK8
s000000518,SK8
s000000870,SK8
s000005213,SK8
s000006738,SK8
s000001757,SK8
s000013347,SK8
s000005682,SK8
s000000027,SK8
s000005058,SK8
s000002508,SK8
s000004194,SK8
s000005399,SK8
s000005757,SK8
s000017156,SK8
s000003221,SK8
s000003602,SK10
s000005744,SK10
s000006594,SK10
s000005435,SK10
s000009396,SK10
s000003982,SK10
s000000219,SK10
s000005626,SK10
s000001746,SK10
s000002757,SK12
s000010126,SK12
s000017157,SK12
s000004986,SK12
s000003239,SK12
s000017158,SK12
s000005264,SK12
s000017159,SK12
s000009583,SK12
s000014124,SK22
s000017160,SK22
s000017161,SK22
s000009533,SK22
s000006075,SK22
s000002511,SK26
s000006645,SK26
s000000500,SK26
s000005399,SK26
s000000062,SK26
s000006478,SK26
s000007460,SKa10
s000008143,SKa10
s000012217,SKa10
s000010081,SKa10
s000001066,SKe10
s000011395,SKe10
s000006859,SKe10
s000006859,SKe10
s000005079,SKe10
s000017162,SKe10
s000006859,SKe10
s000012063,SKe10
s000000870,SKe10
s000005683,SKe10
s000017163,SKe10
s000004921,SKo1
s000000725,SKo1
s000000726,SKo1
s000017164,SKo1
s000017165,SKo1
s000005078,SKo2
s000000866,SKo2
s000005470,SKo2
s000004794,SKo2
s000004794,Sko5
s000004223,SkT1
s000002576,SkT1
s000006457,SkT1
s000003575,SkT1
s000005873,SkT1
s000000098,SkT1
s000003520,SkT1
s000017166,SKw20
s000015297,SKw23
s000001074,SKw30
s000006859,SKw30
s000006859,SKw30
s000002037,SL1
s000001152,SL1
s000003954,SL1
s000006501,SL1
s000000443,SL1
s000000320,SL1
s000001975,SL1
s000003367,SL1
s000006441,SL1
s000006569,SL1
s000000553,SL1
s000017167,SL1
s000003744,SL3
s000002966,SL3
s000005513,SL3
s000006501,SL3
s000017168,SL3
s000006806,SL3
s000000700,SL4
s000003867,SL4
s000006775,SL4
s000006341,SL5
s000005898,SL5
s000017169,SL5
s000005848,SL5
s000004875,SL5
s000000956,SL5
s000003610,SL5
s000002191,SL5
s000002037,SL7
s000004678,SL7
s000004021,SL7
s000002521,SL7
s000004759,SL7
s000000553,SL7
s000006562,SL7
s000016691,SL7
s000005914,SL8
s000002016,SL8
s000004905,SL8
s000004919,SL10
s000000500,SL10
s000006487,SL10
s000002509,SL10
s000002648,SL10
s000017170,SL10
s000011438,SL10
s000003374,SL10
s000002521,SL10
s000002833,SL10
s000001849,SL10
s000017171,SL10
s000007693,SL10
s000000740,SL10
s000005626,SL14
s000006501,SL14
s000006743,SL14
s000017172,SL14
s000006487,SL14
s000017173,SL14
s000007275,SL14
s000002843,SL14
s000017174,SL14
s000003326,SL14
s000005665,SL15
s000000051,SL15
s000003618,SL15
s000001221,SL19
s000000320,SL19
s000000910,SL19
s000003326,SL19
s000004166,SL19
s000006859,SL19
s000006859,SL19
s000006859,SL19
s000004767,SL20
s000005135,SL20
s000003231,SL20
s000005669,SL20
s000003231,SL20
s000004110,SL20
s000005339,SL20
s000002001,SL21
s000000510,SL21
s000005334,SL21
s000005178,SL21
s000002272,SL21
s000000280,SL21
s000002798,SL21
s000009043,SL21
s000004891,SL21
s000001221,SL21
s000000320,SL21
s000006818,SL21
s000001005,SL21
s000001298,SL21
s000006645,SL21
s000000582,SL21
s000017175,SL21
s000005087,SL21
s000017176,SL21
s000004767,SL22
s000001760,SL22
s000007039,SL22
s000005530,SL22
s000001022,SL22
s000001735,SL23
s000002839,SL23
s000001994,SL23
s000001763,SL23
s000006011,SL23
s000000420,SL23
s000000837,SL23
s000005270,SL23
s000003824,SL26
s000003326,SL26
s000003769,SL26
s000006806,SL26
s000005339,SL26
s000005406,SL29
s000003033,SL29
s000005458,SL29
s000003332,SL29
s000017177,SL29
s000005064,SL29
s000017178,SL29
s000006692,SL33
s000004727,SL33
s000017179,SL33
s000017180,SL33
s000017181,SL33
s000017182,SL33
s000004559,SL35
s000005127,SL35
s000003996,SL35
s000006501,SL35
s000004740,SL35
s000017183,SL35
s000000553,SL35
s000000662,SL35
s000000037,SL35
s000000877,SL37
s000005197,SL37
s000000910,SL37
s000006784,SL37
s000003132,SL37
s000002993,SL39
s000004980,SL39
s000004833,SL39
s000001354,SL39
s000000225,SL39
s000000348,SL39
s000002038,SL44
s000000726,SL44
s000017184,SL44
s000001221,SL49
s000000741,SL49
s000002827,SL49
s000017185,SL50
s000002814,SL50
s000004937,SL50
s000014795,SL50
s000017186,SL50
s000006859,SL50
s000004603,SL52
s000002993,SL52
s000007996,SL52
s000004703,SL52
s000000227,SL52
s000005270,SL52
s000017187,SL52
s000017188,SL52
s000017189,SL52
s000017190,SL52
s000017191,SL52
s000009043,SL53
s000005693,SL53
s000006859,SL53
s000002460,SL54
s000007474,SL54
s000005270,SL54
s000015614,SL54
s000008703,SL54
s000012051,SL54
s000007302,SL56
s000003102,SL56
s000006501,SL56
s000007980,SL59
s000006859,SL59
s000008287,SL59
s000004687,SL59
s000008903,SL60
s000008707,SL60
s000004282,SL60
s000000321,SL60
s000000752,SL60
s000006005,SL62
s000006859,SL62
s000017192,SL62
s000000481,SLa2
s000006229,SLa2
s000000951,SLa2
s000006606,SLa2
s000006226,SLa2
s000001019,SLa2
s000017193,SLa3
s000001936,SLa3
s000004634,SLa3
s000000366,SLa3
s000011249,SLa3
s000001736,SLa3
s000005145,SLa3
s000004450,SLa3
s000007556,SLa3
s000000302,SLa3
s000001936,SLa10
s000006722,SLa10
s000017194,SLa10
s000002539,SLa10
s000003256,SLa10
s000005862,SLa10
s000014036,SLa10
s000001014,SLa10
s000001475,SLa10
s000002084,SLa10
s000003891,SLa10
s000002298,SLa10
s000005144,SLa14
s000000793,SLa14
s000002425,SLa14
s000000243,SLa14
s000000367,SLa14
s000000970,SLa14
s000001140,SLa14
s000004183,SLa14
s000002047,SLa14
s000002361,SLa14
s000000230,SLa18
s000002707,SLa18
s000000469,SLa18
s000002925,SLa18
s000002865,SLa20
s000013799,SLa20
s000005844,SLa20
s000006858,SLa20
s000005425,SLa20
s000003338,SLa20
s000000490,SLa22
s000017195,SLa22
s000000125,SLa22
s000002498,SLa22
s000005233,SLa22
s000010856,SlB10
s000017196,SlB10
s000017197,SlB10
s000017198,SlB10
s000017199,SlD10
s000011029,SlD10
s000017200,SlD10
s000017201,SlD10
s000017202,SlD10
s000017203,SlD10
s000012511,SLe10
s000017204,SLe10
s000017205,SLe10
s000017206,SLe10
s000003638,SLe10
s000017207,SLe10
s000017208,SLe10
s000006859,SLe10
s000017209,SLe10
s000005994,SLe12
s000014807,SLJ1
s000017210,SLJ1
s000017211,SLJ1
s000006859,SLJ1
s000003583,SLJ1
s000003569,SLJ1
s000003583,SLJ2
s000017210,SLJ3
s000007041,SLJ3
s000009709,SLJ3
s000001482,SLJ3
s000001519,SLJ3
s000012908,SLJ3
s000007024,SLJ3
s000003583,SLJ3
s000009359,SLJ3
s000012898,SLJ3
s000009585,SLJ3
s000012171,SLJ3
s000016444,SLJ3
s000005830,SLJ4
s000006524,SLJ4
s000017212,SLJ4
s000008312,SLJ4
s000017213,SLJ4
s000003569,SLJ4
s000005830,SLJ5
s000013081,SLJ5
s000003034,SLJ5
s000004118,SLJ5
s000009359,SLJ5
s000005092,SLJ5
s000001482,SLJ5
s000001519,SLJ5
s000014861,SLJ5
s000017210,SLJ5
s000006859,SLJ5
s000006859,SLJ5
s000006859,SLJ5
s000006859,SLJ5
s000006859,SLJ5
s000005830,SLJ6
s000006524,SLJ7
s000017214,SLJ7
s000017215,SLJ7
s000000395,SLJ7
s000009224,SLJ7
s000002541,SLJ7
s000017216,SLJ7
s000017217,SLJ7
s000006767,SLJ8
s000017218,SLJ8
s000009224,SLJ8
s000017210,SLJ8
s000005442,SLJ8
s000017219,SLJ11
s000006524,SLJ11
s000017220,SLJ11
s000017221,SLJ11
s000017222,SLJ11
s000017223,SLJ11
s000017224,SLJ11
s000000777,SLJ11
s000009709,SLJ11
s000017225,SLJ11
s000004118,SLJ11
s000006859,SLJ11
s000006859,SLJ11
s000017226,SLJ12
s000017227,SLJ12
s000017228,SLJ12
s000008411,SLJ12
s000015453,SLJ12
s000011962,SLJ12
s000017229,SLJ14
s000017230,SLJ14
s000017231,SLJ14
s000017232,SLJ14
s000006860,SLJ14
s000008795,SLo1
s000017233,SLo1
s000016759,SLo1
s000008151,SLo2
s000007584,SLo2
s000001774,SLo2
s000000939,SlT10
s000005705,SlT10
s000000689,SlT10
s000016523,SLr10
s000003865,SLw10
s000002429,SM1
s000003030,SM1
s000005097,SM1
s000003430,SM1
s000003835,SM1
s000007547,SM3
s000002429,SM3
s000004807,SM3
s000006155,SM3
s000002375,SM3
s000002867,SM3
s000003930,SM3
s000003883,SM3
s000017234,SM3
s000003967,SM3
s000002680,SM4
s000004383,SM4
s000000888,SM4
s000004252,SM4
s000006130,SM4
s000000084,SM4
s000007547,SM6
s000003105,SM6
s000005634,SM6
s000004807,SM6
s000003714,SM6
s000006507,SM6
s000017235,SM6
s000002412,SM6
s000003466,SM7
s000001388,SM7
s000004267,SM7
s000003634,SM7
s000006964,SM7
s000004568,SM7
s000004205,SM7
s000004066,SM8
s000005354,SM8
s000000654,SMa10
s000000444,SMa10
s000006235,SMa10
s000004133,SMa10
s000002061,SMa10
s000007352,SMe1
s000000475,SMe1
s000009495,SMe1
s000007441,SMe1
s000017236,SMe1
s000017237,SMe1
s000012442,SMe1
s000017238,SMf10
s000017239,SMf10
s000017240,SMf10
s000017241,SMf10
s000006859,SMi3
s000004790,SMi3
s000017242,SMi3
s000006859,Smi5
s000004790,SMi5
s000017242,SMi5
s000006906,SMi10
s000005575,SMi10
s000017243,SMi10
s000005341,SMi10
s000002271,SMi14
s000017244,SMi14
s000006761,SMi14
s000001385,SMi14
s000017245,SMi14
s000013374,SMi14
s000013647,SMi14
s000008380,SMi21
s000002036,SMi21
s000007045,SMi21
s000006859,SMi21
s000017246,SMi21
s000006859,SMi21
s000006207,SML10
s000007046,SmS10
s000017247,SmS10
s000000872,SmW1
s000003882,SmW1
s000000844,SmW1
s000008001,SmW1
s000008816,SmW1
s000006260,SmW3
s000017248,SmW3
s000006859,SmW3
s000017249,SmW3
s000002993,SmW3
s000006773,SmW3
s000017250,SNe3
s000004380,SNe3
s000014095,SNe3
s000005395,SNe10
s000017251,SNe10
s000008438,SNe10
s000000562,SNe10
s000000751,SNe10
s000005830,SNo10
s000001663,SNo10
s000017252,SNo10
s000001035,SnT20
s000001035,SnT22
s000001035,SnT26
s000017253,SnT28
s000007113,SnT28
s000005176,SNz10
s000003996,SNz10
s000017254,SNz10
s000000398,SNz10
s000004760,SNz10
s000017255,SNz10
s000003267,SNz10
s000006859,SOe10
s000006859,SOe12
s000007039,SOe15
s000009475,SOe15
s000005041,SOe15
s000004118,SOS10
s000000922,SOS10
s000006859,SOS10
s000017256,SOS10
s000006859,SOS10
s000002600,SOS10
s000006859,SOS10
s000017257,SoW1
s000012141,SoW1
s000017258,SoW1
s000000387,SP5
s000005999,SP5
s000006981,SP5
s000017259,SP5
s000006954,SP5
s000006859,SP5
s000004818,SP6
s000004106,SP6
s000012588,SP6
s000003466,SP25
s000001900,SP25
s000000257,SP25
s000004703,SP25
s000002132,SP25
s000006719,SP25
s000000549,SP25
s000001576,SP25
s000017260,SP25
s000000321,SP31
s000004986,SP31
s000010697,SP31
s000008772,SP31
s000006859,SP31
s000006859,SP31
s000006859,SP31
s000006859,SP31
s000006765,SP33
s000005173,SP33
s000002038,SP35
s000005534,SP35
s000006820,SP35
s000006826,SP35
s000001576,SP35
s000000435,SP35
s000000854,SP35
s000004133,SP35
s000017261,SP35
s000005173,SP40
s000002237,SP40
s000002273,SP40
s000004133,SP40
s000006315,SP40
s000000058,SP40
s000004298,SP45
s000017262,SP45
s000003235,SP45
s000007605,SP45
s000001795,SP45
s000003146,SP45
s000003232,SP45
s000006022,SP45
s000005173,SP45
s000004703,SP46
s000017263,SP46
s000001086,SP46
s000001618,SP46
s000001795,SP46
s000002566,SP46
s000005173,SP47
s000001735,SP47
s000005341,SP47
s000006439,SP47
s000002890,SP47
s000007234,SP47
s000004767,SP49
s000003242,SP49
s000001754,SP49
s000006339,SP49
s000004559,SP55
s000001979,SP55
s000000306,SP55
s000001620,SP55
s000005049,SP55
s000000040,SP55
s000002827,SP57
s000003503,SP57
s000004989,SP57
s000001472,SP57
s000004472,SP57
s000002207,SP57
s000001760,SP57
s000001172,SP57
s000017264,SP57
s000004111,SP57
s000006020,SP61
s000005173,SP61
s000000699,SP61
s000003356,SP61
s000000668,SP61
s000000668,SP61
s000006199,SP61
s000003324,SP61
s000002375,SP61
s000002474,SP61
s000002568,SP61
s000005173,SP65
s000004687,SP65
s000000185,SP65
s000003163,SP65
s000001357,SP67
s000006274,SP67
s000002617,SP67
s000002961,SP67
s000002833,SP67
s000002511,SP67
s000000846,SP67
s000008849,SP67
s000000728,SP67
s000003716,SP67
s000006859,SP68
s000002961,SP68
s000006564,SP68
s000017265,SP68
s000002052,SP75
s000017266,SP75
s000003882,SpJ10
s000008816,SpJ10
s000001606,SpJ10
s000015133,SpJ10
s000000872,SpJ13
s000000872,SpJ13
s000017267,SpJ13
s000012442,SpJ13
s000014189,SpJ13
s000017268,SpJ13
s000014493,SpJ13
s000013685,SpJ13
s000017269,SpJ13
s000004986,SPo1
s000001519,SPo1
s000000445,SPo1
s000004283,SPo1
s000004986,SPo2
s000001287,SPo2
s000003698,SPo2
s000000116,SPo2
s000017270,SPo2
s000001482,SPo2
s000005064,SPo6
s000006656,SPo6
s000006656,SPo8
s000005099,SPo8
s000005089,SPo8
s000006645,SPo8
s000005056,SPo8
s000005843,SPo8
s000017271,SpS10
s000017272,SpS10
s000017273,SpS10
s000006072,SPt10
s000017274,SPt10
s000017275,SPt10
s000008283,SPt10
s000010460,SPt10
s000004020,SPv10
s000000049,SPv10
s000000505,SPv10
s000017276,SPv10
s000017277,SPv10
s000017278,SR1
s000017279,SR1
s000017280,SR1
s000017281,SR1
s000017282,SR1
s000017283,SR1
s000006859,SR1
s000017279,SR15
s000017278,SR15
s000017284,SR15
s000017285,SR15
s000017286,SR20
s000017287,SR20
s000017288,SR20
s000017289,SR20
s000017290,SR20
s000017291,SR20
s000001070,SR25
s000017292,SR25
s000017293,SR25
s000017294,SR25
s000017292,SR30
s000017286,SR30
s000001070,SR30
s000017295,SR30
s000017279,SR30
s000017296,SR31
s000017297,SR31
s000001070,SR32
s000017298,SR32
s000004437,SR35
s000001070,SR35
s000017299,SR35
s000017300,SR35
s000017301,SR35
s000004437,SR36
s000017302,SR36
s000017303,SR36
s000006859,SR36
s000006859,SR36
s000004437,SR37
s000017304,SR37
s000004437,SR38
s000017305,SR39
s000017292,SR39
s000017306,SR39
s000017307,SR80
s000017308,SR80
s000010821,SR80
s000001066,SRa1
s000002009,SRa1
s000000182,SRa1
s000000184,SRa1
s000006859,SRa1
s000006859,SRa1
s000006859,SRa1
s000006859,SRa1
s000006859,SRa1
s000006859,SRa1
s000006859,SRa1
s000006859,SRa1
s000006859,SRa1
s000000846,SRa5
s000017309,SRa5
s000005810,SRa5
s000017310,SRa5
s000017311,SRa5
s000017312,SRa5
s000017313,SRa5
s000017314,SRa5
s000017315,SRa5
s000004843,SRa5
s000010886,SRa5
s000017316,SRa5
s000017317,SRa5
s000017318,SRa5
s000009451,SRa5
s000017319,SRa5
s000004997,SRa5
s000017320,SRa5
s000003710,SRf10
s000005678,SRf10
s000003516,SRf10
s000002851,SRf10
s000006328,SRf20
s000001349,SRf20
s000005332,SRf20
s000004804,SRf21
s000000094,SRf21
s000011212,SRf21
s000016967,SRf21
s000003523,SRf21
s000017321,SRi2
s000006859,SRi5
s000006859,SRi5
s000004521,SRi10
s000007572,SRi10
s000017322,SRi10
s000017323,SRi10
s000007679,SRi18
s000008544,SRi18
s000017324,SRi18
s000002036,SRi18
s000006859,SRi18
s000001296,SRi19
s000006859,SRi19
s000005041,SRi19
s000000906,SRm1
s000017325,SRm1
s000017326,SRm1
s000003373,SRm1
s000003866,SRm1
s000002708,SRm1
s000017327,SRm1
s000006813,SRm10
s000000598,SRm10
s000004232,SRm10
s000001297,SRo1
s000007536,SRo1
s000002357,SRo1
s000008336,SRo1
s000002357,SRo1
s000017328,SRo2
s000001849,SRo2
s000006128,SRo2
s000017329,SRo2
s000016514,SRo2
s000017330,SRo2
s000017331,SRo2
s000015143,SRo2
s000017332,SRo2
s000000407,SRo3
s000006294,SRo3
s000003756,SRo3
s000017333,SRo3
s000005240,SRo4
s000000449,SRo4
s000006859,SRo4
s000006859,SRo4
s000006859,SRo4
s000000857,SRo5
s000017334,SRo5
s000014783,SRo5
s000001750,SRo5
s000017335,SRo5
s000004559,SRo20
s000003279,SRo20
s000003975,SRo20
s000006776,SRo20
s000006850,SRo20
s000006356,SRo20
s000002871,SRo20
s000000912,SRo20
s000005379,SRo20
s000006455,SRo20
s000005895,SRo20
s000000299,SRo20
s000000174,SRo20
s000004021,SRo32
s000001576,SRo32
s000002370,SRo32
s000017336,SRo32
s000006850,SRo32
s000009588,SRo32
s000001345,SRo32
s000017337,SRo32
s000001008,SRo32
s000004559,SRo35
s000006775,SRo35
s000002096,SRo35
s000002566,SRo35
s000003043,SRo35
s000001735,SRo37
s000006439,SRo37
s000006594,SRo37
s000004089,SRo37
s000003996,SRo37
s000006587,SRo37
s000007795,SRo37
s000002234,SRo37
s000002395,SRo37
s000006493,SRo37
s000002620,SRo37
s000002450,SRo37
s000017338,SRo37
s000002798,SRo37
s000004901,SRo37
s000005559,SRo37
s000005238,SRo37
s000010308,SRo37
s000001966,SRo37
s000001827,SRo37
s000006055,SRo37
s000000695,SRo37
s000000744,SRo39
s000003310,SRo39
s000005914,SRo39
s000005173,SRo40
s000000076,SRo40
s000003397,SRo40
s000009822,SRu10
s000006560,SS2
s000002762,SS2
s000004868,SS2
s000002004,SS2
s000002683,SS5
s000000236,SS5
s000003099,SS5
s000005557,SS6
s000001709,SS6
s000005674,SS6
s000002217,SS6
s000002566,SS6
s000017339,SS6
s000000469,SS6
s000001709,SS7
s000006283,SS7
s000002207,SS7
s000017340,SS7
s000001620,SS7
s000014789,SS7
s000000306,SS7
s000000014,SS8
s000000465,SS8
s000000420,SS8
s000006692,SS8
s000000094,SS8
s000005877,SS8
s000004019,SS8
s000004222,SS8
s000003576,SS8
s000001607,SS8
s000014204,SS8
s000017341,SS8
s000004151,SS8
s000003212,SS8
s000002566,SS8
s000002217,SS8
s000004943,SS8
s000002052,SS9
s000000093,SS9
s000017342,SS9
s000002137,SS9
s000017343,SS9
s000001827,SS9
s000006283,SS9
s000002207,SS9
s000003174,SS9
s000003431,SS9
s000006476,SS10
s000006163,SS10
s000001311,SS10
s000003845,SS10
s000000374,SS10
s000017344,SS10
s000006729,SS10
s000017345,SS10
s000004409,SS11
s000000014,SS11
s000000752,SS11
s000017346,SS11
s000001353,SS11
s000005089,SS11
s000017347,SS11
s000004064,SS11
s000003678,SS11
s000003481,SS11
s000017348,SS11
s000005093,SS11
s000001605,SS11
s000001630,SS11
s000002052,SS12
s000000920,SS12
s000017349,SS12
s000006004,SS12
s000002333,SS13
s000017350,SS13
s000002319,SS13
s000000265,SS13
s000012714,SS13
s000012370,SS13
s000015115,SS13
s000003882,SS15
s000008118,SS15
s000017351,SS15
s000002052,SS18
s000004937,SS18
s000001827,SS18
s000001221,SS18
s000017352,SS18
s000012058,SS18
s000002321,SS18
s000002052,SS19
s000001221,SS19
s000006859,SS19
s000006859,SS19
s000006859,SS19
s000006859,SS19
s000006859,SS19
s000006859,SS19
s000002961,SS20
s000001709,SS20
s000007666,SS20
s000017353,SS20
s000002755,SS20
s000006689,SS21
s000005331,SS21
s000002827,SS21
s000002887,SS21
s000005819,SS21
s000017354,SS21
s000003389,SS21
s000004525,SS24
s000001577,SS24
s000002334,SS24
s000000240,SS24
s000017355,SS24
s000006859,SS24
s000017356,SS24
s000017357,SS24
s000012163,SS24
s000006859,SS24
s000004521,SS26
s000003339,SS26
s000007453,SS26
s000008687,SS26
s000017358,SS26
s000005830,SS29
s000006065,SS29
s000002334,SS32
s000004347,SS32
s000006859,SS32
s000017359,SS33
s000002868,SS33
s000002139,SS33
s000017360,SS33
s000017361,SS33
s000002580,SS34
s000009736,SS34
s000007458,SS34
s000013837,SS34
s000009572,SS34
s000006859,SS34
s000008481,SS34
s000001297,SSa10
s000004096,SSa10
s000016788,SSa10
s000017362,SSa10
s000003398,SSa10
s000007135,SSb10
s000005331,SSb12
s000015130,SSb12
s000002001,SSb12
s000017363,SSb12
s000006859,SSb12
s000006859,SSb12
s000006859,SSb12
s000006859,SSC1
s000003325,SSC1
s000004790,SSC1
s000002318,SSC1
s000001346,SSC1
s000003496,SSC2l
s000003369,SSC2l
s000000396,SSC2l
s000017364,SSC2l
s000004301,SSC2l
s000000107,SSC2l
s000001904,SSC2l
s000006081,SSC2l
s000003052,SSC2l
s000005792,SSC2l
s000003226,SSe10
s000005600,SSe10
s000004032,SSe10
s000004349,SSe10
s000017365,SSh10
s000017366,SSh10
s000017367,SSh10
s000011099,SSi115
s000005227,SSi115
s000017368,SSk1
s000005616,SSl1
s000000877,SSl1
s000001074,SSl1
s000009763,SSl1
s000017369,SSl1
s000002392,SSn1
s000003293,SSn1
s000004950,SSn1
s000016754,SSn1
s000017370,SSn1
s000002117,SSn1
s000000288,SSn1
s000006761,SSo10
s000012267,SSo10
s000008693,SSo10
s000005318,SSo10
s000017371,SSo10
s000007268,SSo16
s000009424,SSo16
s000014688,SSo16
s000006859,SSo16
s000003503,SSR10
s000001760,SSR10
s000002608,SSR10
s000008668,SSR10
s000017372,SSR10
s000003143,SSR12
s000006859,SSR15
s000000398,SSR15
s000002627,SSR15
s000012830,SSR15
s000017373,SSR15
s000008286,SSR15
s000000002,SSS45
s000001295,SSS45
s000017374,SSS45
s000011587,SSS45
s000009097,SSS45
s000004528,SSS45
s000003542,SSS55
s000001338,SSS55
s000000793,SSS55
s000004785,SSS55
s000000002,SSS58
s000001295,SSS58
s000017375,SSS58
s000000140,SSS58
s000017376,SSS58
s000015760,SSu10
s000014458,SSu10
s000015761,SSu10
s000006462,SSu10
s000011973,SSu10
s000000389,SSu10
s000000374,SSu10
s000003702,SSu10
s000008667,SSv10
s000007761,SSv10
s000017377,StA10
s000017378,StA10
s000017379,StA10
s000017380,StA10
s000005177,StB2
s000006859,StB2
s000004979,StB2
s000002630,StB2
s000007254,StB2
s000006188,StB2
s000011829,StB2
s000000043,StB2
s000004690,StB3
s000001997,StB3
s000005179,StB3
s000005819,StB3
s000003039,StB3
s000017381,StB3
s000007863,StB3
s000003112,StB5
s000007236,StB5
s000002272,StB5
s000002776,StB5
s000006383,StB5
s000001030,StB5
s000005287,StB5
s000000483,StB5
s000003576,StB5
s000001609,StC10
s000005670,StC10
s000005786,StC10
s000004639,StC12
s000004621,StC12
s000017382,StC12
s000003397,StC12
s000008303,StC12
s000003637,StC12
s000004612,StC20
s000003576,StC20
s000005419,StC20
s000003876,StC20
s000003354,StC20
s000004612,StC30
s000000969,StC30
s000000973,StC30
s000003283,StC30
s000000463,StC30
s000003137,StC30
s000000230,StD4
s000005015,StD4
s000001102,StD4
s000003542,StD4
s000006806,StD4
s000005668,StD4
s000003226,StD7
s000005015,StD7
s000006092,StD7
s000005265,StD7
s000004914,StD7
s000001966,StD24
s000004641,StD24
s000002740,StD24
s000004950,StD24
s000006252,StD24
s000000263,StD24
s000006241,StD24
s000005969,StD24
s000012385,StD24
s000010694,StD24
s000000284,StD24
s000003250,StD24
s000003249,StD24
s000001143,StD24
s000005015,StD24
s000004241,StD24
s000001059,StD24
s000010586,StD24
s000003226,StD24
s000003976,StD24
s000010724,StD24
s000002392,StD27
s000004815,StD27
s000003901,StD27
s000006859,StD27
s000000230,StD33
s000002755,StD33
s000006181,StD33
s000000250,StD33
s000004815,StD33
s000010156,StD33
s000007848,StD33
s000001493,StD35
s000017383,StD35
s000007637,StD35
s000005673,StD35
s000002579,StD35
s000001493,StD37
s000006859,StD37
s000006859,StD37
s000006859,StD37
s000006859,StD37
s000006859,StD37
s000006859,StD37
s000002392,StD41
s000000510,StD41
s000000888,StD41
s000004807,StD41
s000007852,StD41
s000003079,StD41
s000006859,StD41
s000002966,StD42
s000006394,StD42
s000006486,StD42
s000017384,StD42
s000004298,StD45
s000002392,StD45
s000003293,StD45
s000005763,StD45
s000017385,StD45
s000002392,StD51
s000002755,StD51
s000003279,StD51
s000001154,StD51
s000004021,StD51
s000016897,StD51
s000003928,StD51
s000017386,StD51
s000017387,StD51
s000004867,StD58
s000003744,StD58
s000000287,StD58
s000004349,StD58
s000017388,StD58
s000004341,StD61
s000006579,StD61
s000000747,StD61
s000001249,StD61
s000002001,StD62
s000002755,StD62
s000001433,StD62
s000000747,StD62
s000009043,StD62
s000001456,StD62
s000017389,StD62
s000005597,StD72
s000006348,StD72
s000002569,StD72
s000005217,StD72
s000000854,StD72
s000006478,StD72
s000003309,StD72
s000002614,StD72
s000000650,StD72
s000006819,StD72
s000000953,StD72
s000000456,StD72
s000010304,StD72
s000000829,StD72
s000000877,StD80
s000000620,StD80
s000002609,StD80
s000003109,StD80
s000004338,StD80
s000017390,StE10
s000017391,StE10
s000006122,StE10
s000001499,StF3
s000017392,StF3
s000008826,StF3
s000003045,StF3
s000014751,StF3
s000017393,StF3
s000017394,StF4
s000017395,StF4
s000003190,StF4
s000000600,StF4
s000017396,StF4
s000014327,StF4
s000001144,StF5
s000003882,StF5
s000004921,StF5
s000007837,StF5
s000012528,StF5
s000004508,StF5
s000006196,StF5
s000008147,StF5
s000017397,StF5
s000017398,StF5
s000002982,StF10
s000008816,StF10
s000000475,StF10
s000002810,StF10
s000017399,StF10
s000007574,StF10
s000006484,StF10
s000003132,StF10
s000017400,StF10
s000000358,StF10
s000002827,StF12
s000001472,StF12
s000007980,StF12
s000008180,StF12
s000017401,StF12
s000010973,StF12
s000017402,StF12
s000017403,StF12
s000007574,StF12
s000011477,StF12
s000017404,StF12
s000006859,StF12
s000017405,StF12
s000017406,StF12
s000017407,StF12
s000017408,StF13
s000017409,StF14
s000017408,StF14
s000006859,StF14
s000017408,StF17
s000017410,StF17
s000006859,StF17
s000006859,StF17
s000008816,StF20
s000017411,StF20
s000007039,StF20
s000017412,StF20
s000017413,StF20
s000017414,StF20
s000015123,StF20
s000017415,StF20
s000012699,StF20
s000008180,StF20
s000001557,StF23
s000017416,StF23
s000001013,StG10
s000000001,StG10
s000002706,StH3
s000001911,StH3
s000001533,StH3
s000001650,StH5
s000003449,StH5
s000000470,StH5
s000003437,StH5
s000002397,StH5
s000001561,StH5
s000000884,StH5
s000012755,StH5
s000001252,StH10
s000006828,StH10
s000000230,StH13
s000001344,StH13
s000001016,StH13
s000009169,StH13
s000005525,StH13
s000000469,StH13
s000001937,StH13
s000002882,StH13
s000017417,StH13
s000004620,StH13
s000002706,StH15
s000000671,StH15
s000000061,StH15
s000002958,StH15
s000017418,StH15
s000006824,StH15
s000017419,StH15
s000002706,StH18
s000005042,StH18
s000006705,StH18
s000000190,StH18
s000017420,StH18
s000006705,StH18
s000000443,StH18
s000000613,StH20
s000004809,StH20
s000004005,StH20
s000006643,StH20
s000004786,StH23
s000006740,StH23
s000004536,StH23
s000001044,StH23
s000003982,StH23
s000017421,StH23
s000000387,StH30
s000017422,StH30
s000003393,StH30
s000000332,StH30
s000002691,StK3
s000006726,StK3
s000002028,StK3
s000001246,StK3
s000002404,StK3
s000000934,StK3
s000008336,StK3
s000007394,StK3
s000001806,StK3
s000017423,StK3
s000001679,StK4
s000004180,StK4
s000003856,StK4
s000004399,StK4
s000000138,StK4
s000004166,StK4
s000000934,StK4
s000017424,StK4
s000006859,StK4
s000001094,StK4
s000001679,StK5
s000004690,StK5
s000003531,StK5
s000001388,StK5
s000005763,StK5
s000006330,StK5
s000002228,StK5
s000002035,StK5
s000003714,StK5
s000003013,StK5
s000001408,StK5
s000004106,StK5
s000006026,StK5
s000003813,StK6
s000006740,StK6
s000003996,StK6
s000005634,StK6
s000005634,StK7
s000005634,StK7
s000005634,StK7
s000005597,StK7
s000002691,StK7
s000006806,StK7
s000004943,StK7
s000005191,StK7
s000003133,StK7
s000001728,StK8
s000003703,StK8
s000006318,StK8
s000005416,StK8
s000006079,StK8
s000003416,StK8
s000004247,StK8
s000005108,StK8
s000004089,StK9
s000003866,StK9
s000001274,StK9
s000003195,StK9
s000002380,StK9
s000005667,StK9
s000005163,StK9
s000006004,StK9
s000017388,StK9
s000004705,StK10
s000000498,StK10
s000003866,StK10
s000003412,StK10
s000000517,StK10
s000017425,StK10
s000006004,StK10
s000017426,StK10
s000004572,StK15
s000001764,StK15
s000017427,StK15
s000004528,StK15
s000001353,StK15
s000006004,StK15
s000001357,StK21
s000003311,StK21
s000017428,StK21
s000015587,StK21
s000012691,StK21
s000017429,StK21
s000006859,StK21
s000006859,StK21
s000006859,StK21
s000017430,StK21
s000006859,StK21
s000013700,StK21
s000006859,StK21
s000016203,StK21
s000000726,StL10
s000006505,StL10
s000000672,StL10
s000004372,StL10
s000002939,StL10
s000002757,StM2
s000017431,StN10
s000017432,STo10
s000017433,STo10
s000002376,SvP10
s000006820,SvP10
s000004921,SvP10
s000017434,SvP10
s000017435,SvP10
s000001252,StR5
s000017436,StR5
s000006785,StR5
s000002567,StR5
s000017437,StR5
s000005020,StR10
s000000212,StR10
s000011525,StR10
s000000602,StR10
s000000196,StR10
s000007114,StR10
s000004287,StR10
s000004380,StR10
s000004376,StR10
s000006859,StR10
s000006859,StR10
s000006859,StR10
s000011403,StS1
s000002179,StS1
s000005524,StS1
s000008903,StS1
s000003014,StS2
s000017438,StS2
s000016579,StS2
s000001730,StS2
s000003399,StS2
s000017439,StS5
s000017440,StS5
s000003399,StS5
s000001811,StS5
s000000093,StS5
s000006859,StS5
s000012706,StS5
s000004103,StS5
s000001142,StS10
s000008314,StS10
s000008129,StS10
s000008001,StS10
s000000094,StS10
s000015133,StS10
s000000752,StS10
s000012133,StS10
s000007732,StS10
s000017441,StS10
s000017442,StS10
s000001142,StS13
s000007458,StS13
s000004965,StS13
s000006860,StS13
s000007980,StS13
s000000045,StS13
s000005331,StS13
s000017443,StS13
s000009194,StS13
s000017232,StS13
s000006860,StS13
s000006860,StS13
s000006860,StS13
s000006860,StS13
s000002376,StS13
s000017444,StS13
s000005213,StS13
s000017445,StS13
s000017446,StS13
s000017447,StS13
s000001142,StS14
s000017448,StS14
s000007250,StS14
s000009572,StS14
s000012088,StS14
s000005662,STu10
s000011073,STu10
s000002850,STu10
s000008066,STu10
s000001712,STu10
s000010873,STu10
s000005594,STu10
s000011083,STu10
s000011073,STu10
s000007045,STu11
s000017449,STu11
s000012906,STu11
s000000844,STu11
s000017450,STu11
s000017451,STu11
s000011072,STu11
s000008350,STu11
s000010873,STu11
s000010769,STu11
s000017452,STu11
s000008271,STu11
s000005411,STu11
s000005594,STu11
s000017453,STu11
s000006877,STu11
s000003531,StW7
s000003717,StW7
s000006116,StW7
s000000545,StW7
s000003316,StW7
s000004217,StW7
s000000449,StW7
s000002949,STW10
s000004683,STW10
s000002821,STW10
s000000857,STW10
s000004024,STW10
s000006203,STW10
s000002454,STW10
s000017454,StZ1
s000008178,StZ1
s000007523,StZ1
s000003339,StZ1
s000007194,StZ1
s000006260,StZ5
s000005089,StZ5
s000017455,StZ5
s000007246,StZ5
s000001763,StZ5
s000017456,StZ5
s000008349,StZ5
s000017457,StZ5
s000017458,SuA10
s000006859,SuA10
s000006859,SuA10
s000006859,SuA10
s000017459,SuG10
s000006859,SuG10
s000003455,SuG20
s000017460,SuG20
s000006859,SuG20
s000007720,SuG20
s000002978,SuG25
s000017461,SuG25
s000006859,SuG25
s000017462,SuG25
s000004685,SuG25
s000017463,SuG25
s000001421,SuG25
s000017464,SuG25
s000017465,SuH14
s000002001,SuK10
s000011994,SuK10
s000008676,SuK10
s000002181,SuK10
s000007554,SuK10
s000006383,SuR5
s000004059,SuR5
s000008259,SuR5
s000005989,SuR10
s000002387,SuR10
s000005975,SuR10
s000006048,SuR10
s000000690,SuR10
s000001703,SuR10
s000005295,SuS10
s000000522,SuS10
s000002721,SuS10
s000000208,SuS12
s000003865,SuS12
s000005090,SuS12
s000015524,SuS12
s000003156,SuS12
s000015846,SuS12
s000000208,SuS12
s000017466,SuS12
s000016707,SuS12
s000003882,SuS16
s000003882,SuS16
s000016707,SuS16
s000017467,SuS16
s000017468,SuS16
s000011261,SuS16
s000012050,SuS16
s000000501,SuS16
s000000608,SuS16
s000001900,SuS20
s000006649,SuS20
s000017469,SuS20
s000017470,SuS20
s000006859,SuS20
s000017471,SuS20
s000012510,SuS25
s000008189,SuS25
s000017472,SuS25
s000006859,SuS25
s000012548,SvA10
s000017473,SvA10
s000008607,SvA10
s000017474,SvA10
s000017475,SvA10
s000017476,SvA10
s000017477,SvB05
s000017478,SvB10
s000017477,SvB10
s000017479,SvB10
s000017480,SvB10
s000005978,SvB10
s000012491,SvB10
s000004158,SvB10
s000017481,SvB10
s000017482,SvB10
s000007268,SvB12
s000008237,SvB12
s000006859,SvB12
s000006859,SvB12
s000017483,SvB12
s000001131,SvB12
s000017484,SvB12
s000005517,SvB22
s000005480,SvB22
s000017485,SvF10
s000006439,SvN10
s000006335,SW2
s000006062,SW2
s000000234,SW2
s000017486,SW2
s000017487,SW2
s000017488,SW2
s000008742,SW2
s000017489,SW2
s000001326,SW6
s000004238,SW6
s000013522,SW6
s000005043,SW6
s000000196,SW6
s000017490,SW6
s000004363,SW6
s000017491,SW6
s000003769,SW7
s000009580,SW7
s000001564,SW7
s000005808,SW7
s000002603,SW8
s000002171,SW8
s000001863,SW8
s000013908,SW8
s000003984,SW10
s000003985,SW10
s000003983,SW10
s000001734,SW10
s000000940,SW10
s000003120,SW10
s000007074,SW10
s000003336,SW10
s000003984,SW12
s000003985,SW12
s000003983,SW12
s000003987,SW12
s000004435,SW12
s000001734,SW12
s000004747,SW12
s000017492,SW12
s000001732,SW12
s000007074,SW12
s000017493,SW12
s000001423,SW12
s000017494,SW12
s000002247,SW13
s000000416,SW13
s000006666,SW13
s000004761,SW13
s000009936,SW13
s000001428,SW13
s000001743,SW13
s000002981,SW13
s000006858,SW13
s000001646,SW15
s000002214,SW15
s000003317,SW15
s000004264,SW15
s000002740,SW15
s000017495,SW17
s000005372,SW18
s000004374,SW18
s000001314,SW18
s000001103,SW18
s000009950,SW18
s000001373,SW18
s000000400,SW18
s000007255,SW18
s000017496,SW18
s000006468,SW18
s000000212,SW19
s000001153,SW19
s000001369,SW19
s000000857,SW19
s000017497,SW19
s000001545,SW19
s000005707,SW21
s000001369,SW21
s000005167,SW21
s000005113,SW21
s000001976,SW21
s000001153,SW21
s000001174,SW21
s000004757,SW21
s000001459,SW21
s000000132,SW21
s000006397,SW21
s000001252,SW22
s000000510,SW22
s000006094,SW22
s000001516,SW22
s000004856,SW22
s000005836,SW22
s000005143,SW22
s000006372,SW22
s000000884,SW22
s000002389,SW22
s000001252,SW25
s000006790,SW25
s000004375,SW25
s000003752,SW25
s000017498,SW25
s000017499,SW25
s000001842,SW25
s000006263,SW25
s000002819,SW25
s000000510,SW28
s000001252,SW28
s000005359,SW28
s000017500,SW28
s000000400,SW28
s000008626,SW28
s000000005,SW28
s000000616,SW28
s000002454,SW28
s000005372,SW30
s000000257,SW30
s000004180,SW30
s000005144,SW30
s000005143,SW30
s000001255,SW30
s000009932,SW30
s000005929,SW30
s000005968,SW33
s000000104,SW33
s000017501,SW33
s000011696,SW33
s000004358,SW33
s000003295,SW33
s000006558,SWa10
s000005653,SWa10
s000005022,SWa10
s000017502,SWa10
s000016002,SWi4
s000017503,SWi4
s000017504,SWi4
s000017505,SWi4
s000017506,SWi4
s000017507,SWi5
s000017508,SWi5
s000017509,SWi5
s000016002,SWi6
s000016002,SWi7
s000017509,SWi7
s000017510,SWi8
s000017511,SWi9
s000016002,SWi9
s000017509,SWi9
s000017512,SWi9
s000017513,SWi10
s000015064,SWi10
s000017514,SWi10
s000009375,SWi10
s000017515,SWi10
s000017516,SWi10
s000016002,SWi10
s000016002,SWi11
s000017517,SWi11
s000017518,SWi12
s000017519,SWi12
s000016002,SWi12
s000004302,SWm6
s000015132,SWm6
s000005079,SWm6
s000001354,SWm6
s000008172,SWm6
s000017520,SWm6
s000006859,SWm6
s000009126,SWm6
s000017521,SWm6
s000002022,SWm6
s000017522,SWm6
s000017523,SWm6
s000017524,SWm6
s000006635,SWm6
s000017525,SWm6
s000008238,SWm6
s000015219,SWm6
s000017526,SWm6
s000017527,SWm6
s000003974,SWm10
s000002683,SWm10
s000001131,SWm10
s000004588,SWm10
s000017528,SWm10
s000006859,SwS10
s000006859,SwS10
s000006859,SwS10
s000003484,SyC10
s000012546,SyC10
s000003595,SyC10
s000002608,SyC10
s000017529,SyC10
s000017530,SyC10
s000005882,Sys1
s000006823,Sys1
s000005725,Sys1
s000017531,Sys1
s000006559,Sys1
s000005882,Sys2
s000006823,Sys2
s000005725,Sys2
s000004187,Sys2
s000006559,Sys2
s000017532,Sys2
s000002828,Sys2
s000005882,Sys3
s000016324,Sys3
s000006823,Sys3
s000005725,Sys3
s000004577,Sys3
s000006559,Sys3
s000012691,SZi10
s000015862,SZi10
s000017533,TAb10
s000017534,TAb10
s000017535,TAb10
s000017536,TAF10
s000017537,TAF10
s000017538,TAF10
s000006859,TAF10
s000005666,TaH2
s000001946,TaH2
s000002258,TaH5
s000006729,TaH5
s000002371,TaH5
s000003236,TaH5
s000003711,TaH5
s000017539,TaH5
s000001813,TaH5
s000006499,TaH6
s000000726,TaH6
s000006773,TaH6
s000006645,TaH6
s000003198,TaH6
s000002431,TaH6
s000002600,TaH6
s000012528,TaH6
s000012811,TaH8
s000002807,TaH8
s000008066,TaH8
s000017540,TaH8
s000004774,TaH8
s000004282,TaH8
s000002320,TaH8
s000003503,TaH10
s000005078,TaH10
s000017541,TaH15
s000017542,TaH15
s000017543,TaH15
s000017544,TaH15
s000001111,TaH15
s000017545,TaH15
s000017546,TaH15
s000005398,TaH15
s000000083,TaH30
s000014092,TaH30
s000017547,TaH30
s000017548,TaH30
s000012180,TaH30
s000000775,TaH30
s000017210,TaH30
s000014093,TaH30
s000014094,TaH30
s000017549,TaH30
s000007837,TaH32
s000004767,TaH32
s000017548,TaH32
s000017550,TaH32
s000006859,TAn12
s000006859,TAn12
s000006859,TAn12
s000004012,TAn16
s000006859,TAn16
s000006433,Tan20
s000003234,Tan20
s000002185,Tan21
s000006859,Tan21
s000003927,TAv1
s000001090,TAv1
s000003929,TAv1
s000001089,TAv1
s000006120,TAv1
s000017551,TAv1
s000001043,TB34
s000001209,TB34
s000004476,TB34
s000001498,TB34
s000001043,TB35
s000001498,TB35
s000004492,TB35
s000006492,TB35
s000004363,TB35
s000003780,TB55
s000003896,TB55
s000002154,TB55
s000006368,TB55
s000017552,TB55
s000001038,TB55
s000017553,TB60
s000017554,TB60
s000009815,TB60
s000006409,TB60
s000002054,TB60
s000002994,TB60
s000007633,TB60
s000002804,TB60
s000002803,TB60
s000017555,TB60
s000017556,TB60
s000006859,TB60
s000006859,TB60
s000006859,TB60
s000000379,TB67
s000002772,TB67
s000000086,TB67
s000003780,TB67
s000017557,TB67
s000000243,TB67
s000004164,TB67
s000017558,TB70
s000002831,TB70
s000017559,TBe1
s000017560,TBe1
s000002754,TBi10
s000017561,TBi10
s000006859,TBi10
s000006859,TBi10
s000006859,TBi10
s000003875,TBl10
s000004443,TBl10
s000002363,TBl10
s000000309,TBl10
s000001619,TBl10
s000004341,TBl15
s000004350,TBl15
s000002709,TBl15
s000005794,TBl20
s000006225,TBl20
s000007024,TBl20
s000000401,TBl21
s000008378,TBl21
s000014795,TBN10
s000009283,TBN10
s000002833,TBN10
s000005858,TBr10
s000011761,TBr10
s000017562,TBr10
s000017563,TBr10
s000005898,TBr10
s000017564,TBr10
s000007907,TBs2
s000017565,TBs4
s000017566,TBs6
s000017567,TBs6
s000017568,TBs8
s000017569,TBs10
s000003892,TBs12
s000017570,TBs14
s000007908,TBs16
s000000503,TBs20
s000006193,TBs20
s000017571,TBs20
s000005178,TBs28
s000004089,TBs40
s000005545,TBs40
s000004282,TBs40
s000004752,TBs40
s000002272,TBs40
s000003895,TBs40
s000017572,TBs46
s000017573,TBs48
s000006859,TBs50
s000002036,TBs50
s000017574,TBs50
s000002821,TBs50
s000006859,TBs50
s000006859,TBs50
s000006859,TBs50
s000002271,TBu10
s000003541,TBu10
s000006532,TBu10
s000004525,TBu10
s000003927,TCh1
s000001090,TCh1
s000003219,TCh1
s000003927,TCh2
s000001090,TCh2
s000017551,TCh2
s000017575,TCh2
s000017576,TCh2
s000003927,TCh3
s000001090,TCh3
s000003219,TCh3
s000000269,TCh4
s000000908,TCh4
s000003927,TCh4
s000001090,TCh4
s000005099,TCh4
s000003927,TCh5
s000001090,TCh5
s000003927,TCh6
s000001090,TCh6
s000001411,TCl10
s000001896,TCl10
s000000900,TCl10
s000017577,TCn10
s000002179,TCr10
s000008066,TCr10
s000017578,TCr10
s000017579,TDa10
s000004464,TDa10
s000002652,TDa10
s000017580,TDa10
s000017581,TDa10
s000011404,TDa10
s000017582,TDa10
s000005517,TDa11
s000004096,TDa11
s000007243,TDa11
s000007245,TDa11
s000017583,TDa11
s000004965,TdC9
s000009359,TdC11
s000005366,TdC11
s000017584,TdC11
s000009359,TdC15
s000005366,TdC15
s000017585,TdC15
s000002993,TDe14
s000001619,TDe14
s000005139,TDe14
s000015814,TDe14
s000006196,TDe14
s000015453,TDe14
s000009610,TDe14
s000008210,TDe14
s000011222,TDe14
s000014795,TDe14
s000005003,TDe14
s000017586,TDe18
s000007581,TDe18
s000008692,TDe18
s000007417,TDe18
s000003060,TDe18
s000004466,TDe19
s000009475,TDe19
s000000576,TDS10
s000006365,TDS10
s000002349,TDS10
s000005985,TDS15
s000000514,TDS15
s000003789,TDS15
s000017587,TDv10
s000017588,TDv10
s000017589,TDv10
s000017590,TDv10
s000001311,TeB10
s000005820,TeB10
s000006629,TeB10
s000017591,TeB10
s000003691,TeW10
s000011404,TeW10
s000003691,TeW15
s000011705,TeW15
s000014593,TFd1
s000005858,TFd1
s000006225,TFd1
s000008121,TFd1
s000017592,TFd1
s000017593,TFd1
s000017594,TFd1
s000017595,TFg1
s000017596,TFg1
s000009219,TFg1
s000001391,TFi8
s000001301,TFi8
s000003576,TFi8
s000017597,TFi8
s000006329,TFi8
s000001391,TFi9
s000003576,TFi9
s000017598,TFi9
s000003944,TFi9
s000002375,TFi9
s000017599,TFi9
s000017600,TFi9
s000003883,TFi9
s000017601,TFi9
s000006859,TFi9
s000001391,TFi10
s000017602,TFI10
s000003576,TFi10
s000003576,TFi11
s000006491,TFi11
s000000505,TFi11
s000003576,TFi12
s000001391,TFi12
s000002164,TFi12
s000002164,TFi12
s000000862,TFi12
s000000270,TFi12
s000002968,TFi12
s000006033,TFi12
s000017603,TFi12
s000004869,TFi15
s000001391,TFi15
s000017604,TFi15
s000003028,TFi15
s000002959,TFi15
s000006859,TFi15
s000003714,TFi20
s000005620,TFi20
s000017605,TFi20
s000006491,TFi20
s000002375,TFi20
s000006859,TFi20
s000017606,TFi20
s000006846,TFi20
s000017607,TFi20
s000003195,TFi20
s000001391,TFi24
s000017608,TFi24
s000005697,TFi24
s000017609,TFi24
s000017610,TFi24
s000001391,TFi30
s000003576,TFi30
s000006860,TFi30
s000005697,TFi30
s000006491,TFi30
s000006859,TFi30
s000017611,TFi30
s000017612,TFi30
s000017613,TFi30
s000001391,TFi33
s000006491,TFi33
s000017614,TFi33
s000017615,TFi33
s000003462,TFi33
s000001391,TFi35
s000006500,TFi35
s000008725,TFi35
s000003128,TFi35
s000001391,TFi40
s000005059,TFi40
s000003570,TFi40
s000013479,TFi40
s000017616,TFi40
s000011698,TFy10
s000009763,TFy10
s000013837,TFy10
s000002179,TFy10
s000012968,TFy10
s000006877,TFy10
s000005020,TG8
s000002103,TG8
s000003000,TG8
s000003842,TG8
s000004115,TG8
s000005459,TG11
s000002603,TG11
s000002171,TG11
s000000441,TG11
s000006001,TG11
s000000469,TG11
s000009505,TG11
s000005808,TG11
s000006094,TG11
s000004164,TG11
s000009210,TG11
s000002907,TG15
s000000613,TG15
s000000599,TG15
s000004429,TG15
s000017617,TG15
s000008503,TG15
s000000984,TG15
s000003960,TG15
s000010850,TG15
s000004587,TG19
s000006828,TG19
s000001325,TG19
s000002760,TG19
s000000820,TG19
s000005808,TG19
s000006461,TG19
s000004967,TG19
s000001982,TG19
s000000182,TG19
s000017618,TG19
s000000484,TG20
s000014780,TG20
s000000454,TG20
s000005852,TG20
s000000570,TG20
s000004292,TG20
s000001830,TG20
s000001612,TG21
s000006552,TG21
s000001533,TG21
s000001325,TG21
s000003567,TG21
s000000254,TG21
s000002861,TG21
s000002276,TG21
s000002806,TG21
s000017619,TG22
s000002199,TG22
s000002498,TG22
s000002848,TG22
s000000570,TG22
s000002214,TG27
s000004950,TG27
s000017620,TG27
s000000205,TG27
s000006302,TG30
s000002196,TG30
s000003239,TG30
s000001343,TG30
s000000113,TG30
s000006240,TG30
s000005182,TG30
s000001344,TG32
s000002595,TG32
s000002025,TG32
s000017621,TG32
s000006653,TG32
s000006445,TG32
s000000848,TG39
s000017622,TG39
s000017623,TGA8
s000017624,TGA10
s000017625,TGA10
s000017626,TGA10
s000017627,TgD1
s000017628,TgD1
s000017629,TgD1
s000001335,TgD1
s000017630,TgD1
s000017631,TgD1
s000017632,TgD1
s000017633,TgD1
s000017634,TgD1
s000017635,TgD1
s000003003,TGi1
s000001131,TGi1
s000004787,TGi1
s000001056,TGi1
s000002287,TGi1
s000003142,TGi1
s000004787,TGi2
s000001131,TGi4
s000001221,TGi4
s000002850,TGi4
s000005272,TGi4
s000006505,TGi4
s000001764,TGi4
s000002725,TGi4
s000004787,TGi4
s000006381,TGi4
s000005138,TGi4
s000005062,TGi5
s000016350,TGi5
s000001557,TGi5
s000017636,TGi5
s000002850,TGi5
s000004787,TGi5
s000006910,TGi5
s000006859,TGi5
s000009258,TGi5
s000002887,TGi5
s000004280,TGi5
s000015782,TGi6
s000004993,TGi6
s000005187,TGi6
s000003003,TGi6
s000005062,TGi6
s000001279,TGi6
s000001279,TGi6
s000017637,TGi6
s000017637,TGi6
s000017638,TGi6
s000017638,TGi6
s000006689,TGi6
s000005979,TGi6
s000006196,TGi6
s000003455,TGi6
s000000726,TGi7
s000006689,TGi7
s000005433,TGi7
s000004980,TGi7
s000014670,TGi7
s000010239,TGi7
s000012495,TGi9
s000011914,TGi9
s000006827,TGr10
s000001491,TGr10
s000017639,TGr10
s000017640,TGt10
s000003484,TGw10
s000007060,TGw10
s000017641,TGw10
s000008488,TGw10
s000003210,TGw10
s000017642,TGw10
s000017643,ThA10
s000005904,ThA10
s000017644,ThA10
s000001916,ThA10
s000004941,ThA10
s000003448,ThA10
s000003278,ThA10
s000017645,ThB10
s000017646,ThB10
s000017647,ThB10
s000017648,ThB30
s000017649,ThB30
s000007021,ThB30
s000002589,ThB55
s000003646,ThB55
s000004920,Thb55
s000004916,ThB70
s000006570,ThB70
s000017650,ThB70
s000012851,ThC40
s000010859,ThC40
s000012513,ThC40
s000002771,ThC40
s000006859,ThC40
s000006460,ThD30
s000006810,ThD30
s000004920,ThD30
s000017651,ThD30
s000004563,ThD30
s000002582,ThD30
s000010195,ThD50
s000002755,ThD50
s000005202,ThD50
s000002335,ThD50
s000003079,ThD50
s000006784,ThD50
s000005650,ThD50
s000006103,ThD50
s000006859,ThE10
s000017652,ThF5
s000000723,ThF6
s000000196,ThF6
s000003830,ThF11
s000000613,ThF11
s000017653,ThF11
s000000103,ThF11
s000002819,ThF11
s000009916,ThF11
s000009700,ThF11
s000001542,ThF11
s000005161,ThF15
s000017654,ThF15
s000005372,ThF15
s000000230,ThF15
s000010123,ThF15
s000017655,ThF15
s000017656,ThF15
s000004797,ThF15
s000000602,ThF15
s000004998,ThF15
s000014564,ThF15
s000004483,ThF15
s000010088,ThF15
s000011145,ThF15
s000011247,ThF17
s000006337,ThF17
s000001936,ThF17
s000001757,ThF17
s000001736,ThF17
s000009933,ThF17
s000001800,ThF17
s000017657,ThF17
s000002599,ThF25
s000005513,ThF25
s000001101,ThF25
s000001210,ThF25
s000017658,ThF25
s000002391,ThF25
s000017659,ThF25
s000017660,ThF25
s000001774,THg25
s000004338,THg25
s000001432,THg25
s000005912,THg25
s000007572,THg25
s000017661,THg25
s000011222,THg25
s000008829,THg25
s000017662,THg25
s000017663,THg25
s000008732,ThI10
s000017664,ThI10
s000017665,ThI10
s000017666,ThI10
s000016133,ThI33
s000003933,ThI40
s000016166,ThI40
s000017666,ThI40
s000002050,ThI65
s000017667,ThI65
s000017668,ThI65
s000017669,ThI65
s000017666,ThI65
s000017670,ThI65
s000002580,THk10
s000017671,THk10
s000017672,THk10
s000017673,THk14
s000002580,THk14
s000006860,THk14
s000006154,THk14
s000006860,THk14
s000007845,THk14
s000017674,THk14
s000016411,THk16
s000014497,THk16
s000002886,THk16
s000002580,THk16
s000001979,THk16
s000009493,THk16
s000017675,THk16
s000007834,THk16
s000005551,THk16
s000007717,THk16
s000002605,THk16
s000007927,THk16
s000016707,THk16
s000015690,THk16
s000005817,THk16
s000017676,THk16
s000006859,THk16
s000006859,THk16
s000006859,THk16
s000011815,THk16
s000006859,THk16
s000017677,THk16
s000009686,THk16
s000005530,THo10
s000017678,THo10
s000007730,THo20
s000005537,THo20
s000003639,THo20
s000000725,THo20
s000017679,THo20
s000001254,ThR10
s000000684,ThR10
s000001976,ThR10
s000017680,THu10
s000006859,THu10
s000002318,THu10
s000002871,THu10
s000013579,THu10
s000007837,THu10
s000017681,THu10
s000004204,THu10
s000001619,THu13
s000004204,THu13
s000006208,THu13
s000004126,THu13
s000004056,THu13
s000003099,THu13
s000001867,THu13
s000000737,THu13
s000017682,THu25
s000017683,THu25
s000000948,THu25
s000003471,THu25
s000016097,THu25
s000003351,THu25
s000017684,THu25
s000010388,THu25
s000017685,THu25
s000017686,THu25
s000011991,THu25
s000017687,THu25
s000002278,THu30
s000001913,THu30
s000005575,THu30
s000017688,THu30
s000015760,ThS4
s000015760,ThS4
s000006258,ThS4
s000006867,ThS4
s000002652,ThS4
s000002470,ThS4
s000000185,ThS4
s000008676,ThS4
s000004980,ThS4
s000007666,ThS6
s000010163,ThS6
s000010450,ThS6
s000009651,ThS6
s000008327,ThS6
s000017689,ThS6
s000017690,THy10
s000017691,THy10
s000017692,THy10
s000017693,THy10
s000017694,THy10
s000017695,THy14
s000008413,TiB1
s000017696,TiB1
s000017697,TiB1
s000009367,TiB1
s000001401,TiB1
s000017698,TiB1
s000017699,TiB1
s000009317,TiB1
s000000744,TiB1
s000001895,TiB1
s000000310,TiB5
s000001472,TiB5
s000003134,TiB5
s000004676,TiB5
s000005480,TiB5
s000005742,TiB5
s000003223,TiB5
s000002379,TiB5
s000001020,TiB5
s000005658,TiB5
s000004093,TiB5
s000017700,TiB5
s000017701,TiB5
s000005742,TiB5
s000004572,TiB6
s000003223,TiB6
s000000389,TiB6
s000008482,TiB6
s000002545,TiB6
s000002810,TiB6
s000008055,TiB6
s000002375,TiB6
s000004786,TiB6
s000006859,TiB6
s000008055,TiB6
s000012495,TiB8
s000005047,TiB8
s000006649,TiB8
s000000185,TiB8
s000005480,TiB8
s000002542,TiB8
s000003223,TiB12
s000001592,TiB12
s000004921,TiB12
s000011843,TiB12
s000006462,TiB12
s000003320,TiB12
s000017702,TiB12
s000003311,TiB12
s000012495,TiB14
s000004472,TiB14
s000004814,TiB14
s000003134,TiB14
s000003471,TiB14
s000004572,TiB17
s000001144,TiB17
s000000489,TiB17
s000000763,TiB17
s000001592,TiB17
s000005731,TiB17
s000004814,TiB17
s000002088,TiB17
s000005914,TiB17
s000017703,TiB17
s000008667,TiB17
s000000777,TiB17
s000005003,TiB17
s000017704,TiB17
s000005742,TiB17
s000002452,TiB17
s000012495,TiB20
s000004787,TiG12
s000006474,TiG12
s000001901,TiG12
s000002850,TiG15
s000001221,TiG15
s000001131,TiG15
s000001764,TiG15
s000005272,TiG15
s000017705,TiH10
s000000285,TiH10
s000004007,TiH10
s000004384,TiH10
s000000768,TJe10
s000002601,TJe10
s000015821,TJk10
s000000185,TJk10
s000003133,TKa10
s000000636,TKa10
s000001085,TKa10
s000001238,TKa10
s000003427,TKg10
s000017706,TKg10
s000017707,Tki7
s000006859,Tki7
s000002038,TKo10
s000005626,TKo10
s000004136,TKo10
s000001479,TKo15
s000004603,TKo15
s000001760,TKo15
s000014626,TKo15
s000004681,TKo19
s000002039,TKo19
s000000093,TKo19
s000006773,TKo19
s000005882,TKo20
s000001332,TKo20
s000016188,TKo20
s000012235,TKo20
s000016556,TKo20
s000002511,TKo22
s000005877,TKo22
s000000783,TKo22
s000006496,TKo22
s000000783,TKo22
s000017708,TKo22
s000006065,TKo22
s000004089,TLo10
s000010644,TLo10
s000001332,TLW1
s000006499,TLW1
s000000608,TLW1
s000000744,TLW1
s000017709,TLW1
s000017710,TLW1
s000017711,TLW5
s000009447,TLW5
s000006859,TLW5
s000006859,TLW5
s000017712,TLW5
s000005693,TMa1
s000005858,TMa1
s000000547,TMa1
s000004639,TMa1
s000000024,TMa10
s000002258,TMa10
s000005701,TMa10
s000003907,TMa10
s000017713,TMa11
s000004882,TMa11
s000014156,TMa11
s000007187,TMa11
s000008816,TMa11
s000008193,TMa11
s000013956,TMa11
s000004603,TMa11
s000005538,TMa11
s000001142,TMa11
s000006260,TMa11
s000006773,TMe10
s000006859,TMk10
s000006859,TMk10
s000000014,TmM1
s000002580,TmM1
s000004981,TmM1
s000004377,TmM1
s000017714,TmM1
s000001172,TmM1
s000017715,TmM1
s000000219,TmM1
s000017716,TmM1
s000017717,TmM1
s000017718,TmM1
s000017719,TmM1
s000006222,TMo10
s000006222,TMo11
s000017720,TMt10
s000005754,TMt10
s000003406,TMt10
s000013645,TMt10
s000010971,TMt10
s000017721,TMt10
s000006859,TMt10
s000006818,TMy10
s000000048,TMy10
s000003818,TMy10
s000000287,TMy10
s000017722,TMy10
s000017723,TNa10
s000017724,TNa10
s000017725,TNa10
s000006859,TNa10
s000000412,TnM10
s000017726,TnM10
s000006859,TnM10
s000003029,TNu3
s000017727,TNu3
s000006601,TNu3
s000003663,TNu3
s000005970,TNu3
s000017728,TNu10
s000006763,TNu10
s000000990,TNu10
s000007717,TNu10
s000005970,TNu10
s000010603,TNu15
s000002396,TNu15
s000002685,TNu15
s000003339,TNu15
s000005820,TNu15
s000012220,TNu15
s000017729,TNu15
s000017730,TNu15
s000013579,ToC10
s000017731,ToC10
s000006016,ToC10
s000017732,ToC10
s000002776,ToG3
s000002509,ToG3
s000004976,ToG3
s000001576,ToG3
s000003099,ToG3
s000004943,ToG3
s000006850,ToG3
s000003873,ToG3
s000002776,ToG6
s000017733,ToG6
s000001050,ToG6
s000017734,ToG6
s000004077,ToG6
s000003876,ToG6
s000017735,ToG6
s000008770,ToG6
s000003783,ToG6
s000000070,ToG8
s000008055,ToG8
s000004409,ToG8
s000003047,ToG8
s000002491,ToG8
s000006049,ToG9
s000004719,ToG9
s000001763,ToG9
s000015509,ToG9
s000001763,ToG10
s000000748,ToG10
s000003012,ToG10
s000002983,ToG10
s000005079,ToG10
s000000748,ToG15
s000003012,ToG15
s000001760,ToG15
s000001333,ToG15
s000003099,ToG15
s000002234,ToG20
s000002868,ToG20
s000000959,ToG20
s000005221,ToG20
s000000083,ToG22
s000000648,ToG22
s000003937,ToG22
s000002578,ToG22
s000000830,ToH1
s000017736,ToH1
s000017737,ToH1
s000017738,ToH1
s000000698,ToH10
s000001967,ToH10
s000003123,ToH10
s000000830,ToH10
s000001999,ToH10
s000006636,ToH10
s000004530,ToH20
s000006682,ToH20
s000006011,ToH20
s000017739,ToH20
s000008318,ToH20
s000004038,ToH26
s000005106,ToH26
s000000567,ToH30
s000017740,ToH30
s000000654,ToH30
s000002027,ToH30
s000001278,ToH30
s000001852,ToH40
s000017741,ToK1
s000017742,ToK1
s000003530,ToL1
s000003050,ToL1
s000005453,ToL1
s000003530,ToL10
s000006110,ToL10
s000002130,ToL10
s000017743,ToL10
s000017744,ToL10
s000017745,ToL10
s000004606,ToN10
s000017746,ToN10
s000003339,ToP1
s000005288,ToP1
s000001555,ToSl
s000000669,ToS1
s000005531,ToSl
s000011472,ToSl
s000001357,ToS5
s000017747,ToS5
s000003320,ToS5
s000017748,ToS5
s000001798,ToS5
s000001357,ToS10
s000001763,ToS10
s000005079,ToS10
s000003311,ToS10
s000007717,ToS10
s000004466,ToS12
s000005216,ToS12
s000004577,ToS12
s000017749,ToS12
s000017750,ToS12
s000005337,ToS12
s000017751,ToS12
s000008172,ToS12
s000009216,ToS12
s000005794,ToS15
s000009447,ToS15
s000004685,ToS15
s000006462,ToS15
s000005428,ToS15
s000006524,ToS21
s000017752,ToS21
s000007026,ToS21
s000002511,ToS21
s000010450,ToS21
s000007060,ToS21
s000017753,ToS21
s000006859,ToS21
s000017754,ToS21
s000006859,ToS21
s000012936,ToS21
s000006859,ToS21
s000001557,ToS23
s000005830,ToS23
s000000348,ToS23
s000008411,ToS23
s000011914,ToS23
s000008366,ToS25
s000006432,ToS25
s000004965,ToS29
s000005173,ToS29
s000000834,ToT10
s000017755,ToT10
s000005720,ToT10
s000001435,ToZ10
s000009320,ToZ10
s000001534,ToZ10
s000000663,ToZ10
s000002400,ToZ20
s000004283,ToZ20
s000005500,ToZ20
s000017756,TPa10
s000017757,TPa10
s000017758,TPa10
s000017759,TPa10
s000017760,TPa10
s000006859,TPa10
s000017761,TPa10
s000001778,TPo8
s000005947,TPo8
s000000443,TPo8
s000002810,TPo8
s000001576,TPo8
s000006625,TPo8
s000003099,TPo8
s000004106,TPo8
s000005910,TPo8
s000002340,TPo8
s000003816,TPo8
s000002529,TPo8
s000002871,TPo8
s000006637,TPo12
s000002714,TPo12
s000003102,TPo12
s000017762,TPo12
s000004220,TPo12
s000003347,TPo12
s000017763,TPo12
s000015472,TPo12
s000017764,TPo12
s000001778,TPo13
s000002833,TPo13
s000005471,TPo13
s000005854,TPo13
s000004899,TPo13
s000006328,TPo13
s000004019,TPo13
s000005840,TPo13
s000005388,TPo14
s000001206,TPo14
s000008791,TPo14
s000006847,TPo14
s000003908,TPo14
s000017762,TPo16
s000003347,TPo16
s000017765,TPo16
s000017764,TPo16
s000003466,TPo20
s000006527,TPo20
s000005779,TPo20
s000004612,TPo21
s000002105,TPo21
s000000180,TPo21
s000000149,TPo21
s000000284,TPo21
s000006209,TPo24
s000006361,TPo24
s000002725,TPo24
s000003422,TPo24
s000007039,TRb10
s000007271,TRb10
s000006997,TRb10
s000012908,TRb10
s000017766,TRb10
s000007678,TRb10
s000004882,TRb16
s000005531,TRb16
s000006859,TRb16
s000006859,TRb16
s000006859,TRb16
s000017767,TRb16
s000017768,TRb16
s000017769,TRb16
s000006859,TRb16
s000000279,TRb19
s000017770,TRb19
s000008180,TRb19
s000008816,TRb19
s000007717,TRb19
s000015839,TRb19
s000017771,TRb19
s000004472,TRb19
s000005178,TRb19
s000005531,TRb19
s000017772,TRb19
s000006541,TRb19
s000017773,TRb19
s000006859,TRb19
s000017774,TrH10
s000017775,TrH10
s000017776,TrH10
s000017777,TrH10
s000017778,TrH10
s000017779,TrH10
s000017780,TrH15
s000003003,TrJ10
s000001131,TrJ10
s000004787,TrJ10
s000003142,TrJ10
s000001056,TrJ10
s000002287,TrJ10
s000001131,TrJ12
s000004787,TrJ12
s000001131,TrJ14
s000001056,TrJ14
s000004787,TrJ14
s000003142,TrJ14
s000003003,TrJ15
s000001131,TrJ15
s000004787,TrJ15
s000003142,TrJ15
s000001056,TrJ15
s000002287,TrJ15
s000006490,TrJ20
s000017781,TRo1
s000006072,TRo1
s000017782,TRo1
s000017783,TRo1
s000000842,TRs1
s000006326,TRs1
s000017784,TRs1
s000006843,TRs1
s000005160,TRs1
s000017785,TRs1
s000017786,TRs1
s000010411,TRs1
s000017787,TRs1
s000004690,TRs3
s000004979,TRs3
s000001507,TRs3
s000003683,TRs3
s000000398,TRs3
s000001980,TRs3
s000002001,TRs3
s000002813,TRs3
s000004002,TRs3
s000006305,TRs4
s000000797,TRs4
s000004178,TRs4
s000005928,TRs4
s000017788,TRs4
s000017789,TRs8
s000005177,TRs8
s000017790,TRs8
s000000813,TRs8
s000016832,TRs8
s000017791,TRs8
s000002074,TRs8
s000002001,TRs12
s000006820,TRs12
s000002457,TRs12
s000017792,TRs12
s000002429,TRs12
s000001104,TRs12
s000017793,TRs12
s000005179,TRs12
s000006505,TRs12
s000003553,TRs12
s000003028,TRs12
s000003267,TRs12
s000005176,TRs12
s000017794,TRs12
s000004415,TRs15
s000000518,TRs15
s000003604,TRs15
s000005914,TRs15
s000017795,TRs15
s000006738,TRs15
s000003649,TRs15
s000001154,TRs15
s000002272,TRs15
s000004390,TRs15
s000004090,TRs15
s000017796,TRs15
s000017797,TRs15
s000005886,TRs15
s000006686,TRs15
s000002272,TRs16
s000006696,TRs17
s000003193,TRs17
s000013588,TRs17
s000014232,TRs17
s000004933,TRs17
s000006696,TRs18
s000003683,TRs18
s000002868,TRs18
s000017798,TRs18
s000017799,TRs18
s000003030,TRs18
s000001616,TRs18
s000009625,TRs18
s000000165,TRs22
s000002005,TRs22
s000002877,TRs22
s000005205,TRs22
s000001406,TRs22
s000000810,TRs22
s000002272,TRs22
s000002457,TRs22
s000006601,TRs22
s000004572,TRs23
s000003234,TRs23
s000004897,TRs23
s000004639,TRs23
s000017800,TRs25
s000002072,TRs25
s000017801,TRs25
s000000725,TRs25
s000014390,TRs25
s000005683,TRs25
s000000728,TRs25
s000005683,TRs28
s000017802,TRs28
s000001421,TRs32
s000003466,TRs32
s000012213,TRs32
s000012213,TRs32
s000006910,TRs32
s000017803,TRs32
s000009553,TRs32
s000004903,TSm10
s000006859,TSm10
s000017804,TSu10
s000010645,TSu10
s000011919,TSu10
s000001554,TSu10
s000004119,TSu10
s000017805,TsH10
s000017806,TsH10
s000017807,TsH10
s000005418,TSt1
s000004685,TSt1
s000001709,TSt1
s000006859,TSt1
s000006859,TSt1
s000001709,TSt1
s000005194,TSt1
s000008561,TSt1
s000000974,TSy10
s000008128,TSy10
s000017808,TSy10
s000001050,TSy10
s000006859,TSy10
s000016097,TSy10
s000006859,TSy10
s000006859,TSy10
s000006859,TSy10
s000006689,TSy12
s000015077,TSy12
s000017809,TSy12
s000001311,TSy12
s000017810,TSy12
s000017811,TSz1
s000017812,TSz5
s000017813,TSz5
s000017814,TSz5
s000017815,TSz5
s000000028,TSz10
s000000679,TSz10
s000012968,TSz10
s000002234,TSz10
s000003520,TSz10
s000015657,TSz10
s000017816,TSz10
s000017817,TSz10
s000007461,TSz10
s000017818,TSz10
s000017819,TTN10
s000015536,TTy10
s000017820,TTy10
s000017821,TTy10
s000017822,TTy10
s000006859,TTy10
s000006859,TTy10
s000004650,TTz2
s000002785,TTz2
s000017823,TTz2
s000004661,TTz2
s000005713,TTz2
s000004583,TTz2
s000005318,TTz2
s000004650,TTz4
s000005799,TTz4
s000012341,TTz4
s000017824,TTz4
s000001305,TTz4
s000005318,TTz4
s000005104,TTz8
s000003856,TTz8
s000002035,TTz8
s000002237,TTz8
s000006270,TTz8
s000001710,TTz9
s000002530,TTz9
s000003276,TTz9
s000005969,TTz9
s000005388,TTz9
s000002051,TTz10
s000006338,TTz10
s000000727,TTz10
s000005113,TTz10
s000017825,TTz10
s000002595,TTz10
s000006859,TTz10
s000017826,TTz10
s000017827,TTz10
s000004027,TTz11
s000004355,TTz11
s000000470,TTz11
s000005464,TTz11
s000005342,TTz20
s000017828,TTz20
s000011977,TTz20
s000000588,TTz20
s000005047,TTz20
s000017829,TTz20
s000004628,TTz20
s000017830,TTz20
s000017831,TTz20
s000017832,TTz20
s000017833,TuB10
s000000057,TuB10
s000017834,TuB10
s000017835,TVb10
s000017836,TVb10
s000017837,TVb10
s000006859,TVb10
s000006859,TVb10
s000017838,TVi10
s000017839,TVi10
s000017741,TVw10
s000017840,TVw10
s000017691,TVw10
s000008875,TVw10
s000006481,TWa10
s000003809,TWa10
s000002599,TWa10
s000017841,TWa10
s000003712,TWa10
s000014369,TWa10
s000004807,TWa10
s000006249,TWh20
s000000794,TWh20
s000000243,TWh20
s000005968,TWh20
s000005925,TWh20
s000017842,TWh20
s000017842,TWh20
s000003681,TWh20
s000000849,TWh20
s000017843,TWh20
s000007254,TWh25
s000004641,TWh25
s000005144,TWh37
s000001707,TWh37
s000002904,TWh37
s000017844,TWh37
s000004380,TWh37
s000000317,TWh41
s000017845,TWh41
s000017846,TWh41
s000017847,TWh41
s000007081,TWh41
s000017848,TWh41
s000002700,TWh41
s000017849,TWh41
s000002054,TWh41
s000004379,TWh45
s000002539,TWh45
s000001861,TWh45
s000005772,TWh45
s000017850,TWh45
s000000646,TWh45
s000006644,TWh45
s000002530,TWh45
s000005298,TWh45
s000008876,TWh45
s000017851,TWh45
s000005399,TWh45
s000005772,TWh50
s000004467,TWh50
s000004180,TWh50
s000001530,TWh50
s000003073,TWh50
s000005799,TWh50
s000004789,TWh50
s000004027,TYg8
s000003600,TYg8
s000001366,TYg8
s000003172,TYg8
s000016065,TYg8
s000005180,TYg8
s000017852,TYg8
s000003901,TYg12
s000002243,TYg12
s000003576,TYg12
s000013433,TYg12
s000006859,TYg12
s000017853,TYg12
s000001221,TYg17
s000000146,TYg17
s000006743,TYg17
s000003739,TYg17
s000003570,TYg17
s000001490,TYg17
s000003358,TYg17
s000003961,TYg17
s000017854,TYg17
s000017855,TYg17
s000017856,TYg17
s000004035,TYg17
s000017857,TYg17
s000017858,TYg17
s000017859,TYg17
s000001221,TYg18
s000000544,TYg18
s000005674,TYg18
s000000190,TYg18
s000005712,TYg18
s000003618,TYg18
s000003570,TYg18
s000004035,TYg18
s000003687,TYg18
s000001221,TYg20
s000000255,TYg20
s000001024,TYg20
s000004796,TYg20
s000006359,TYg20
s000003696,TYg20
s000003687,TYg20
s000003570,TYg20
s000004035,TYg20
s000004625,TYg21
s000003112,TYg21
s000005513,TYg21
s000004792,TYg21
s000003507,TYg21
s000004124,TYg21
s000006915,TYg21
s000004807,TYg21
s000004002,TYg21
s000006281,TYg21
s000003707,TYg21
s000001490,TYg21
s000002755,TYg25
s000000185,TYg25
s000001332,TYg25
s000009440,TYg25
s000006610,TYg25
s000002755,TYg40
s000002234,TYg40
s000003996,TYg40
s000004932,TYg40
s000005665,TYg40
s000005574,TYg40
s000010373,TyK10
s000008378,TyK10
s000004607,TyN10
s000007376,TyN10
s000009380,TyN10
s000017860,TyN10
s000007382,TyN10
s000010470,TyN10
s000013143,TyN10
s000006859,TZz10
s000006859,TZz10
s000005047,UbR10
s000007423,UbR10
s000017861,UEd10
s000000669,UEd10
s000002676,UEd10
s000003601,UEd20
s000004727,UEd20
s000016184,UEd20
s000006823,UEd20
s000007197,UEd20
s000017862,UEd20
s000003865,UEd25
s000001396,UEd25
s000008178,UEd25
s000004347,UEd25
s000006859,UEd25
s000000180,UEd25
s000006896,UgF12
s000017863,UgF12
s000017864,UgF12
s000002827,UlG3
s000005448,UlG3
s000000846,UlG3
s000017865,UlG3
s000014297,UlG10
s000001763,UlG10
s000001760,UlG10
s000004138,UlG10
s000002022,UlG10
s000001390,UlG10
s000004187,UlG10
s000017866,UlG22
s000006692,UlG22
s000006859,UlG22
s000017867,UlO10
s000016801,UlO10
s000017867,UlO12
s000017868,UlO12
s000017869,UlO12
s000017870,UlO17
s000005655,UlO17
s000017871,UlO20
s000005655,UlO20
s000006859,UlO25
s000005655,UlO25
s000006859,UlO25
s000017872,Upr2
s000006859,Upr2
s000006859,Upr2
s000007762,Upr2
s000017873,UrG10
s000017874,UrG10
s000017875,UrG10
s000017876,UrG10
s000017877,USt10
s000017878,USt10
s000017879,VAr10
s000007003,VAr10
s000000012,VAr10
s000005418,VCH10
s000005661,VCH10
s000007929,VCH10
s000003912,VBe10
s000017880,VCy10
s000017881,VCy10
s000017882,VCy10
s000017883,VCy10
s000017884,VCy10
s000006483,VeS10
s000001301,VeS10
s000017885,VeS30
s000006391,VeS30
s000001391,VeS30
s000010405,VeS30
s000015730,VeZ10
s000003296,VeZ10
s000006169,VeZ10
s000004848,VeZ10
s000017886,VeZ10
s000017887,VeZ10
s000000097,VDa10
s000002345,VDa10
s000005183,VDa10
s000017888,VDa10
s000000128,VDa10
s000017889,VDa10
s000001485,VDa10
s000003051,VDa10
s000017890,VDa10
s000006210,VDa10
s000003414,VDa10
s000011597,VDa10
s000017891,VDa10
s000006859,VdS2
s000006859,VdS2
s000006859,VdS2
s000006859,VdS2
s000010182,VdS4
s000017892,VdS4
s000017893,VdS5
s000017894,VdS5
s000006859,VdS5
s000010179,VdS6
s000017895,VdS6
s000017896,VdS6
s000006006,VdS6
s000017897,VdS7
s000017898,VdS7
s000017899,VdS7
s000003744,VdS8
s000003892,VdS8
s000006915,VdS8
s000006239,VdS8
s000003135,VdS13
s000001138,VdS13
s000000543,VdS13
s000001025,VdS13
s000003744,VdS15
s000017900,VdS15
s000000459,VdS15
s000006341,VdS15
s000004012,VdS17
s000003744,VdS17
s000005634,VdS21
s000001819,VdS21
s000000320,VdS21
s000004027,VdS21
s000006006,VdS21
s000006094,VdS21
s000006915,VdS21
s000005511,VdS24
s000015648,VdS24
s000000503,VdS24
s000017901,VdS24
s000006339,VdS24
s000000664,VF19
s000006237,VF19
s000017902,VF19
s000008595,VF19
s000017903,VF19
s000008453,VF19
s000017904,VF19
s000017905,VF19
s000017906,VF19
s000003057,VF23
s000001252,VF25
s000006385,VF25
s000006754,VF25
s000017907,VF25
s000007066,VF31
s000002171,VF33
s000002603,VF33
s000000235,VF33
s000005161,VF33
s000001338,VF33
s000003960,VF33
s000002655,VF33
s000000441,VF36
s000001254,VF36
s000006001,VF36
s000000379,VF36
s000003413,VF36
s000001732,VF36
s000000793,VF36
s000017908,VF36
s000004389,VF37
s000003230,VF37
s000005080,VF37
s000011309,VF37
s000002603,VF38
s000017909,VF38
s000006229,VF38
s000004375,VF38
s000004193,VF38
s000009974,VF38
s000003089,VF38
s000004650,VF38
s000000423,VF38
s000017910,VF38
s000002046,VF38
s000017911,VF38
s000002603,VF39
s000005020,VF39
s000006229,VF39
s000005360,VF39
s000009974,VF39
s000004879,VF39
s000005459,VF39
s000005929,VF39
s000006249,VF41
s000000384,VF41
s000000379,VF41
s000005399,VF41
s000001680,VF41
s000011610,VF41
s000005426,VF41
s000000970,VF41
s000003338,VF41
s000000979,VF41
s000006280,VF41
s000002202,VF43
s000000618,VF43
s000004375,VF43
s000003443,VF43
s000002539,VF43
s000002565,VF43
s000000820,VF43
s000002398,VF43
s000000590,VF43
s000017912,VF43
s000017913,VF43
s000017914,VF43
s000017915,VF43
s000001786,VF43
s000003602,VF44
s000002171,VF44
s000002907,VF44
s000001531,VF44
s000004292,VF44
s000004707,VF44
s000000135,VF44
s000004083,VF44
s000003304,VF44
s000004149,VF44
s000005462,VF44
s000003148,VF44
s000001334,VF44
s000001459,VF44
s000017916,VF44
s000004458,VF44
s000000625,VF44
s000017917,VF44
s000006249,VF45
s000000510,VF45
s000006302,VF45
s000002962,VF45
s000005808,VF45
s000001338,VF45
s000000101,VF45
s000006249,VF46
s000002196,VF46
s000005080,VF46
s000003623,VF46
s000006094,VF46
s000003077,VF46
s000003451,VF46
s000004375,VF46
s000004717,VF46
s000006249,VF47
s000001749,VF47
s000000625,VF47
s000003115,VF47
s000011525,VF47
s000000379,VF47
s000004528,VF47
s000011435,VF47
s000004717,VF47
s000000510,VF48
s000001966,VF48
s000001298,VF48
s000006038,VF48
s000003699,VF48
s000000625,VF48
s000003013,VF48
s000002667,VF48
s000003239,VF48
s000017918,VF48
s000004494,VF48
s000017919,VFu10
s000008134,VGa10
s000007524,VGa10
s000002234,VGa10
s000007774,VGa10
s000008134,VGa12
s000013702,VGa12
s000006200,VGa12
s000006860,VGa12
s000017920,VGl10
s000017921,VGl10
s000017922,VGl10
s000017923,VGl10
s000001650,VGu19
s000006507,VGu19
s000012569,VGu19
s000017924,VGu19
s000017925,VGu19
s000002813,VGu19
s000001650,VGu23
s000017926,VGu23
s000008858,VGu23
s000017927,VGu23
s000017928,VGu23
s000002761,VGu23
s000006228,VGu25
s000005634,VGu25
s000009066,VGu25
s000017929,VGu25
s000017930,VGu25
s000002344,VGu25
s000000433,VGu25
s000003075,VGu25
s000006507,VGu34
s000003643,VGu34
s000002344,VGu34
s000001649,VGu34
s000017931,VGu34
s000005601,VGu36
s000017932,VGu36
s000002122,VGu36
s000005072,VGu36
s000006485,VGu36
s000000557,VGu36
s000017933,VGu36
s000006272,VGu36
s000006405,VGu40
s000003780,VHa10
s000002124,VHa10
s000017934,VHa10
s000000453,VHa10
s000001021,VHa10
s000017935,VHa10
s000017936,VHa10
s000003984,ViH20
s000003983,ViH20
s000003985,ViH20
s000003987,ViH20
s000001734,ViH20
s000005417,ViH20
s000017937,ViH20
s000002441,ViH20
s000006176,ViH20
s000005152,ViS5
s000017938,ViS5
s000006715,ViS5
s000017939,ViS5
s000000749,ViS58
s000017940,ViS58
s000017941,ViS58
s000005020,ViS58
s000017942,ViS81
s000000302,ViS81
s000001176,ViS81
s000017943,ViS81
s000017944,ViS81
s000001344,ViS83
s000003970,ViS83
s000001344,ViS84
s000002865,ViS84
s000003464,ViS84
s000001153,ViS84
s000000364,ViS84
s000005092,ViS84
s000001202,ViS84
s000001344,ViS86
s000002865,ViS86
s000003464,ViS86
s000004193,ViS86
s000000602,ViS86
s000006859,ViW1
s000013868,ViW10
s000016013,ViW10
s000008304,ViW10
s000006689,ViW15
s000017945,ViW15
s000012973,ViW15
s000006439,ViW15
s000005898,VJD1
s000000454,VJD2
s000002214,VJD2
s000005727,VJD2
s000001343,VJD2
s000002515,VJD2
s000006621,VJD2
s000006859,VKo13
s000006859,VKo13
s000000074,VlM10
s000005476,VlM10
s000004459,VlM10
s000017946,VLo50
s000017947,VLo50
s000017948,VM1
s000006531,VM1
s000002881,VM1
s000000886,VM1
s000000194,VM1
s000017949,VM1
s000001824,VM1
s000017950,VM1
s000017951,VM1
s000003011,VM1
s000002202,VM4
s000004648,VM4
s000001700,VM4
s000000113,VM4
s000000235,VM4
s000016889,VM4
s000003700,VM4
s000001459,VM4
s000003871,VM4
s000017952,VM4
s000003938,VM4
s000006705,VM4
s000002202,VM5
s000006469,VM5
s000007342,VM5
s000017953,VM5
s000006806,VM5
s000006183,VM5
s000009211,VM5
s000000230,VM7
s000000317,VM7
s000005020,VM7
s000001757,VM7
s000017954,VM7
s000000205,VM7
s000003250,VM7
s000017955,VM7
s000005785,VM7
s000002881,VM7
s000016889,VM7
s000006676,VM7
s000002202,VM7
s000017956,VM7
s000001343,VM7
s000004357,VM7
s000017957,VM7
s000002410,VM7
s000003135,VM8
s000002716,VM8
s000003996,VM8
s000014717,VM8
s000017958,VM8
s000003699,VM8
s000007255,VM8
s000000005,VM8
s000007543,VM8
s000006858,VM8
s000002969,VM8not
s000006249,Vm9
s000000484,VM9
s000006113,VM9
s000006111,VM9
s000000820,VM9
s000012755,VM9
s000000979,VM9
s000002854,VM9
s000001255,VM9
s000017959,VM9
s000003250,VM10
s000000959,VM10
s000002035,VM10
s000003633,VM10
s000017960,VM10
s000001679,VM11
s000006302,VM11
s000004950,VM11
s000005012,VM11
s000006036,VM11
s000002387,VM11
s000005382,VM11
s000000979,VM11
s000000786,VM11
s000005969,VM11
s000005967,VM11
s000006036,VM11
s000000230,VM13
s000000804,VM13
s000001059,VM13
s000003633,VM13
s000017961,VM13
s000010586,VM13
s000017962,VM13
s000001679,VM19
s000001644,VM19
s000005092,VM19
s000011099,VM19
s000005801,VM19
s000017963,VM19
s000005070,VM19
s000001428,VM19
s000003075,VM19
s000011116,VM19
s000000483,VM19
s000004495,VM19
s000002637,VM21
s000003272,VM21
s000001520,VM21
s000017964,VM21
s000003507,VM21
s000005548,VM21
s000017965,VM21
s000000959,VM22
s000003153,VM22
s000001083,VM22
s000002295,VM22
s000003069,VM22
s000013155,VM22
s000002173,VM22
s000000005,VM22
s000004319,VM32
s000004275,VM33
s000000510,VM33
s000000678,VM33
s000000225,VME8
s000003376,VME8
s000002466,VME8
s000001242,VME8
s000003975,VME9
s000003137,VME9
s000017966,VME9
s000017967,VME9
s000012325,VME9
s000017968,VME9
s000017969,VME9
s000002203,VME11
s000002072,VME11
s000004234,VME11
s000002810,VME11
s000017970,VME11
s000017971,VME11
s000002697,VME13
s000000532,VME13
s000005026,VME13
s000017972,VME13
s000006806,VME13
s000017973,VME13
s000009623,VME14
s000002509,VME14
s000006330,VME14
s000006795,VME14
s000017974,VME14
s000017975,VME14
s000003125,VME15
s000003376,VME15
s000005841,VME15
s000010880,VME15
s000003342,VME15
s000002085,VME15
s000001242,VME18
s000003376,VME18
s000004019,VME18
s000001820,VME18
s000003558,VME20
s000005810,VME20
s000006400,VME20
s000000832,VME20
s000001457,VME20
s000002206,VME20
s000003388,VME20
s000001900,VME35
s000001413,VME35
s000017976,VME35
s000004151,VME35
s000017977,VME35
s000017978,VME35
s000002060,VME35
s000017979,VME35
s000017980,VME35
s000017981,VME35
s000004341,VME40
s000000768,VME40
s000003287,VME40
s000017982,VNa10
s000017983,VNa10
s000012322,VNa10
s000011791,VNf10
s000017984,VNf10
s000017985,VNf10
s000006859,VNf10
s000003160,VNu10
s000002039,VNu15
s000017986,VNu15
s000008262,VNu15
s000017987,VNu15
s000006859,VNu15
s000017988,VNu15
s000017989,VNu15
s000006859,VNu15
s000006859,VNu15
s000017990,VNu15
s000012962,VoS20
s000006859,VoS20
s000017991,VoS20
s000003014,VoS32
s000013883,VoS32
s000001538,VoS32
s000000181,VoS32
s000000362,VoS32
s000017992,VoS32
s000005271,VoS40
s000001763,VoS40
s000001735,VoS40
s000000295,VoS40
s000004103,VoS40
s000005090,VoS40
s000008902,VoS42
s000001541,VoS42
s000014185,VoS42
s000017993,VoS42
s000008193,VoS48
s000007835,VoS48
s000005737,VoS48
s000017994,VoS48
s000013702,VoS48
s000017995,VoS48
s000013082,VoS48
s000003882,VoS49
s000004434,VoS49
s000017996,VrM40
s000012734,VrM40
s000004306,VrM40
s000017997,VrM40
s000006804,VrM40
s000017996,VrM42
s000004306,VrM42
s000012734,VrM42
s000006744,VrM42
s000003945,VrM42
s000005097,VrM42
s000001209,VrS20
s000017998,VrS20
s000000980,VrS24
s000006384,VrS24
s000011953,VrS24
s000001731,VrS24
s000002498,VrS24
s000000887,VrS24
s000000793,VrS24
s000017999,VrS24
s000010690,VrS24
s000002537,VrS25
s000005812,VrS25
s000003874,VrS25
s000003070,VrS25
s000006675,VrS25
s000003554,VrS25
s000018000,VrS25
s000004255,VrS25
s000001702,VrS25
s000002498,VrS25
s000003086,VrS25
s000002602,VrS25
s000002599,VrS25
s000010690,VrS25
s000007961,VrS25
s000004023,VrS25
s000002923,VrS25
s000005272,VrS25
s000006384,VrS28
s000003602,VrS28
s000004563,VrS28
s000018001,VrS28
s000005366,VSa10
s000018002,VSa18
s000005912,VSa18
s000018003,VSa18
s000007678,VSa18
s000002334,VSa18
s000018004,VSa18
s000018005,VSa18
s000009613,VSa18
s000018006,VSa18
s000000613,VSh7
s000006384,VSh7
s000003746,VSh7
s000006397,VSh7
s000000132,VSh7
s000001452,VSh7
s000004115,VSh7
s000002308,VSh7
s000001545,VSh7
s000005757,VSh7
s000003793,VSh9
s000003627,VSh9
s000000984,VSh9
s000018007,VSh9
s000002247,VSh9
s000001018,VSh9
s000000614,VSh9
s000001844,VSh9
s000000561,VSh9
s000006769,VSh9
s000001662,VSh9
s000018008,VSh9
s000001469,VSh10
s000002870,VSh10
s000006826,VSh10
s000003706,VSh10
s000011590,VSh10
s000005189,VSh10
s000003197,VSh10
s000005233,VSh10
s000009808,VSh15
s000005113,VSh15
s000000008,VSh15
s000007629,VSh15
s000001298,VSh15
s000000077,VSh15
s000001305,VSh15
s000002032,VSh23
s000003666,VSh23
s000015495,VSh23
s000001683,VSh23
s000002528,VSh23
s000005462,VSh23
s000006520,VSh23
s000017500,VSh23
s000003277,VSh23
s000004661,VSh23
s000004016,VSh23
s000018009,VSh23
s000006219,VSh25
s000004515,VSh25
s000005167,VSh25
s000017852,VSh25
s000003930,VSh25
s000001326,VSh27
s000000721,VSh27
s000001808,VSh27
s000006859,VSh27
s000006859,VSh27
s000006859,VSh27
s000018010,VSj1
s000005621,VSj1
s000001790,VSj1
s000018011,VSj1
s000001043,VSj5
s000002300,VSj6
s000008613,VSj6
s000006492,VSj6
s000001424,VSj6
s000002188,VSj7
s000008613,VSj7
s000005710,VSj7
s000018012,VSj7
s000004363,VSj7
s000018013,VSj8
s000008613,VSj8
s000003755,VSj8
s000018014,VSj8
s000001367,VSj8
s000018015,VSj8
s000018016,vSM10
s000018017,vSM10
s000018018,VsP10
s000018019,VsP10
s000017042,VsP10
s000003438,VSt10
s000000675,VSt10
s000002453,VSt10
s000003439,VSt10
s000002812,VSt10
s000018020,VtH10
s000003402,VtH10
s000010297,VtH10
s000018021,VtH10
s000018022,VtH23
s000018023,VyK10
s000018024,VyK10
s000018025,VyK10
s000018026,VyK10
s000006859,VyK10
s000018027,VyK15
s000006859,VyK15
s000006859,VyK15
s000006532,VZg10
s000001627,VZg10
s000006859,W25
s000001326,W25
s000006859,W25
s000000664,W30
s000014135,W30
s000000187,W30
s000001252,W30
s000005121,W30
s000000709,W30
s000006492,W30
s000012348,W30
s000004391,W38
s000000713,W38
s000005784,W38
s000000441,W40
s000006411,W40
s000004683,W40
s000018028,W40
s000004634,W40
s000000187,W41
s000000722,W41
s000018029,W41
s000009754,W41
s000004634,W41
s000000874,W50
s000018030,W50
s000002603,W50
s000000599,W50
s000004183,W50
s000010635,W50
s000001124,W50
s000016116,W50
s000001629,W55
s000002592,W55
s000004689,W55
s000003308,W55
s000002693,W55
s000010635,W55
s000018031,W55
s000018032,W55
s000005354,W56
s000005012,W60
s000004650,W60
s000001765,W60
s000007371,W60
s000006086,W60
s000002760,W60
s000007317,W60
s000004164,W60
s000006552,W60
s000002171,W66
s000006828,W66
s000004634,W66
s000004761,W66
s000001231,W66
s000006859,W66
s000006121,W70
s000002232,W70
s000000351,W70
s000018033,W70
s000001591,W70
s000004840,W70
s000005968,W70
s000001322,W70
s000007130,W70
s000002232,W73
s000003913,W73
s000004180,W73
s000005360,W73
s000005886,W73
s000003717,W74
s000003913,W74
s000018034,W74
s000006733,W74
s000007074,W74
s000010623,W74
s000008960,W74
s000002565,W74
s000002872,W74
s000006778,W74
s000004083,W74
s000010725,W74
s000005080,W74
s000003844,W75
s000004239,W75
s000014097,W75
s000001591,W75
s000004758,W75
s000002548,W75
s000000008,W75
s000006573,W75
s000004657,W75
s000001252,W77
s000004239,W77
s000005042,W77
s000002706,W77
s000001650,W77
s000001533,W77
s000001325,W77
s000004494,W77
s000006147,W77
s000005930,W77
s000004657,W77
s000018035,W77
s000001198,W78
s000003793,W78
s000002984,W78
s000009505,W78
s000000160,W78
s000011246,W78
s000009950,W78
s000007085,W82
s000004739,W82
s000018036,W82
s000009821,W82
s000018037,W82
s000001622,W82
s000002037,W83
s000007543,W83
s000001452,W83
s000005092,W83
s000002942,W83
s000001887,W83
s000001459,W83
s000001231,W83
s000004082,W85
s000004677,W85
s000001449,W85
s000004292,W85
s000007545,W85
s000005092,W85
s000018038,W85
s000004187,W90
s000004298,W90
s000008448,W90
s000018039,W90
s000018040,W90
s000018041,W90
s000018042,W90
s000002865,W90
s000018043,W90
s000006552,W98
s000004601,W98
s000000008,W98
s000003151,W98
s000001591,W98
s000000203,W98
s000006552,W100
s000004563,W100
s000018044,W100
s000000263,W100
s000018045,W100
s000001496,W100
s000018046,W100
s000018047,W100
s000000570,W100
s000018048,W100
s000000098,WA1
s000003924,WA1
s000003520,WA1
s000000098,WA2
s000003520,WA2
s000004316,WA2
s000005882,WA2
s000001288,WA2
s000018049,WA2
s000018050,WA2
s000006859,WA2
s000000098,WA3
s000000098,WA3
s000000098,WA3
s000000970,WA3
s000003520,WA3
s000003040,WA3
s000005240,WA3
s000005129,WA3
s000005176,WA3
s000005083,WA3
s000006656,WA3
s000000098,WA4
s000003222,WA4
s000000427,WA4
s000000098,WA5
s000003222,WA5
s000002377,WA5
s000002606,WA5
s000018051,WA5
s000000695,WA5
s000000098,WA6
s000003222,WA6
s000005339,WA6
s000003184,WA6
s000005765,WA6
s000001764,WA6
s000001597,WA6
s000004453,WA6
s000004135,WA6
s000002334,WA6
s000003924,WA6
s000018052,WA6
s000018053,WA6
s000004774,WA7
s000002459,WA7
s000002976,WA7
s000003146,WA7
s000003222,WA7
s000003954,WA7
s000005898,WA7
s000006534,WA7
s000000098,WA8
s000003222,WA8
s000006859,WA8
s000006020,WA8
s000002729,WA8
s000004469,WA8
s000000861,WA8
s000000098,WA9
s000005339,WA9
s000005127,WA9
s000000362,WA9
s000002606,WA9
s000018054,WA9
s000013426,WA9
s000000098,WA10
s000005912,WA10
s000001966,WA10
s000001928,WA10
s000005339,WA10
s000002517,WA10
s000000098,WA11
s000001928,WA11
s000018055,WA11
s000000807,WA11
s000001069,WA11
s000006070,WA11
s000004549,WA11
s000002212,WA11
s000006717,WA11
s000003718,WA11
s000018056,WA11
s000001929,WA11
s000001862,WA11
s000018057,WA11
s000018058,WA11
s000018059,WA11
s000018060,WA11
s000018061,WA11
s000005444,WA11
s000018062,WA11
s000018063,WA11
s000012722,WA11
s000018064,WA11
s000000724,WA11
s000018065,WA11
s000018066,WA11
s000014865,WA11
s000000098,WA12
s000001928,WA12
s000002068,WA12
s000000098,WA13
s000001928,WA13
s000000877,WA13
s000002771,WA13
s000006649,WA13
s000002009,WA13
s000004601,WA13
s000018067,WA13
s000006439,WA13
s000006534,WA13
s000018068,WA13
s000005939,WA13
s000001928,WA14
s000001432,WA14
s000007041,WA14
s000006649,WA14
s000003115,WA14
s000016761,WA14
s000006763,WA14
s000004740,WA14
s000001928,WA15
s000002418,WA15
s000003210,WA15
s000004421,WA15
s000000098,WA15
s000006291,WA15
s000006649,WA15
s000006516,WA15
s000006859,WA15
s000001477,WA15
s000004803,WA15
s000005683,WA15
s000003222,WA15
s000018069,WA15
s000006860,WA15
s000005423,WA16
s000001928,WA16
s000002511,WA16
s000001562,WA16
s000018070,WA16
s000006838,WA16
s000002850,WA16
s000000098,WA16
s000014795,WA16
s000002890,WA16
s000005976,WA16
s000000806,WA16
s000006859,WA16
s000018071,WA16
s000001434,WA16
s000011745,WA16
s000000098,WA17
s000000070,WA17
s000001928,WA17
s000008869,WA17
s000006534,WA17
s000018072,WA17
s000002982,WA17
s000003471,WA17
s000000600,WA17
s000004727,WA17
s000018073,WA17
s000015211,WA17
s000006534,WA17
s000018074,WA17
s000001928,WA18
s000000306,WA18
s000018075,WA18
s000000310,WA18
s000008178,WA18
s000002978,WA18
s000001434,WA18
s000004904,WA18
s000018076,WA18
s000006394,WA18
s000014138,WA18
s000006859,WA18
s000000098,WA19
s000000401,WA19
s000008816,WA19
s000001928,WA19
s000002072,WA19
s000002501,WA19
s000003210,WA19
s000003865,WA19
s000003882,WA19
s000003943,WA19
s000005976,WA19
s000004527,WA19
s000007311,WA19
s000006227,WA19
s000000098,WA20
s000001928,WA20
s000009071,WA20
s000000098,WA21
s000003222,WA21
s000018077,WA21
s000011827,WA21
s000000070,WA21
s000002982,WA21
s000011138,WA21
s000018078,WA21
s000018079,WA21
s000018080,WA21
s000018081,WA21
s000018082,WA21
s000018083,WA21
s000008816,WA22
s000006649,WA22
s000011406,WA22
s000006207,WA22
s000011407,WA22
s000006501,WA22
s000006322,WA22
s000007451,WA22
s000007888,WA22
s000005214,WA22
s000008677,WA22
s000006859,WA22
s000000098,WA23
s000000990,WA23
s000015453,WA23
s000018084,WA25
s000005331,WA25
s000005418,WA25
s000000070,WA25
s000000374,WA25
s000002683,WA25
s000000098,WA26
s000000100,WA26
s000001476,WA26
s000005737,WA26
s000001360,WA26
s000000476,WA26
s000018085,WA26
s000018086,WA26
s000000306,WA26
s000006689,WA26
s000014247,WA26
s000000098,WA27
s000018087,WA27
s000000697,WA28
s000001476,WA28
s000002460,WA28
s000006154,WA28
s000003060,WA28
s000005480,WA28
s000007883,WA28
s000008196,WA28
s000008178,WA28
s000003625,WA28
s000011970,WA28
s000005366,WA28
s000011976,WA28
s000004882,WA29
s000007418,WA29
s000006322,WA30
s000011993,WA30
s000004021,WaB10
s000000153,WaB10
s000001388,WaB10
s000004552,WaB10
s000002946,WaF10
s000001303,WaF10
s000000887,WaF10
s000006218,WaF10
s000005159,WaF10
s000018088,WaF10
s000003071,WaF10
s000006384,WaF15
s000002602,WaF15
s000005120,WaF15
s000000372,WaF15
s000002988,WaF15
s000016504,WaF15
s000000887,WaF15
s000006681,WaF15
s000001377,WaF15
s000006442,WaF15
s000000055,WaF15
s000003874,WaF15
s000014101,WaF20
s000003390,WaF20
s000006756,WaF20
s000002213,WaF20
s000001894,WaF20
s000002946,WaF25
s000005272,WaF25
s000002945,WaF25
s000006785,WaF25
s000018089,WaF25
s000010341,WaF25
s000000224,WaF40
s000018090,WaF40
s000002635,WaF40
s000011303,WaF40
s000018091,WaF40
s000018092,WaF40
s000003715,WaF40
s000000224,WaF48
s000000888,WaF48
s000012734,WaF48
s000001514,WaF48
s000000270,WaF48
s000004306,WaF48
s000011676,WAr40
s000003887,WAr40
s000002163,WAr40
s000000261,WAr40
s000005047,WAr40
s000003610,WAr40
s000007933,WAr40
s000004081,WAr40
s000018093,WAr40
s000000221,WAr40
s000018094,WAr40
s000018095,WAr40
s000015117,WAr40
s000001900,WAr40
s000005047,WAr40
s000018096,WAr40
s000005748,WAr42
s000004326,WAr42
s000000284,WAr42
s000006865,WAr42
s000011668,WAr42
s000004100,WAr42
s000005489,WAr42
s000005542,WAr42
s000018097,WAr42
s000000884,WAr42
s000001732,WAr42
s000007381,WAr42
s000002163,WAr44
s000000261,WAr44
s000004796,WAr44
s000018098,WAr44
s000007933,WAr44
s000018099,WAr44
s000004081,WAr44
s000009534,WAr44
s000002519,WAr44
s000005277,WAr44
s000018093,WAr44
s000003746,WAr44
s000002163,WAr46
s000000261,WAr46
s000000261,WAr46
s000006806,WAr46
s000003610,WAr46
s000018099,WAr46
s000004081,WAr46
s000009534,WAr46
s000000221,WAr46
s000005277,WAr46
s000018100,WAr46
s000003196,WAr46
s000018101,WAr46
s000002163,WAr50
s000000261,WAr50
s000003610,WAr50
s000001874,WAr50
s000003802,WAr50
s000004081,WAr50
s000013169,WAr50
s000000221,WAr50
s000005277,WAr50
s000018102,WAr50
s000018103,WAr50
s000003221,WAr50
s000007378,WAr50
s000018104,WAr50
s000018105,WAr50
s000003534,WAS77
s000002596,WAS77
s000001065,WAS77
s000000845,WAS77
s000018106,WAS77
s000002870,WAS80
s000006785,WAS80
s000018107,WAS80
s000005929,WAS80
s000001564,WAS80
s000004183,WAS80
s000004165,WAS80
s000018108,WAS80
s000018109,WAS80
s000010795,WAS80
s000004619,WAS80
s000000212,WAS82
s000003955,WAS82
s000000937,WAS82
s000005886,WAS82
s000003008,WAS82
s000001749,WAS83
s000000230,WAS83
s000005372,WAS83
s000005609,WAS83
s000006606,WAS83
s000001636,WAS83
s000006372,WAS83
s000004206,WAS83
s000002037,WAS85
s000018110,WAS85
s000018111,WAS85
s000003984,WAS95
s000003983,WAS95
s000003985,WAS95
s000000317,WAS95
s000004054,WAS95
s000000065,WAS95
s000004241,WAS95
s000018112,WAS95
s000006828,WAS100
s000004082,WAS100
s000004587,WAS100
s000001863,WAS100
s000006563,WAS100
s000007071,WAS100
s000000351,WAS100
s000001452,WAS100
s000003343,WAS100
s000000230,WAS112
s000002707,WAS112
s000004180,WAS112
s000018113,WAS112
s000003909,WAS112
s000001842,WAS112
s000005568,WAS112
s000009751,WAS112
s000004817,WAS112
s000006552,WAS115
s000000212,WAS115
s000006733,WAS115
s000005757,WAS115
s000001978,WAS115
s000014439,WAS115
s000018114,WAS115
s000001230,WAS115
s000000714,WAS125
s000000317,WAS125
s000006857,WAS125
s000006733,WAS125
s000001864,WAS125
s000006461,WAS125
s000004797,WAS125
s000000423,WAS125
s000006469,WAS130
s000002193,WAS130
s000018115,WAS130
s000002947,WaW3
s000008062,WaW3
s000018116,WaW3
s000004010,WaW3
s000018117,Waw4
s000007213,Waw4
s000018118,Waw4
s000018119,Waw4
s000018120,Waw4
s000018121,Waw4
s000018122,Waw4
s000018123,Waw4
s000018124,Waw4
s000018125,Waw4
s000007213,WaW5
s000018126,WaW10
s000018127,WaW10
s000006859,WaW10
s000006879,WaW10
s000018128,WaW10
s000011999,WaW10
s000014149,WaW10
s000003770,WaW10
s000006793,WaW10
s000018129,WaW10
s000004632,WaW10
s000018130,WaW10
s000018131,WaW10
s000018117,WaW10
s000003234,WaW13
s000012908,WaW13
s000002978,WaW13
s000018132,WaW13
s000018133,WaW13
s000018134,WaW13
s000018135,WaW13
s000018136,WaW13
s000003234,WaW14
s000009140,WaW14
s000018137,WaW14
s000018138,WaW14
s000003014,WaW15
s000008891,WaW15
s000018139,WaW15
s000011725,WaW15
s000015297,WaW15
s000005531,WaW16
s000005003,WaW16
s000008896,WaW16
s000016575,WaW16
s000000608,WaW16
s000018140,WaW16
s000018141,WaW16
s000015211,WaW16
s000018142,WaW16
s000018143,WaW16
s000018144,WaW16
s000015038,WaW16
s000018145,WaW16
s000014867,WaW16
s000018146,WaW16
s000018147,WaW20
s000007453,WaW20
s000005271,WaW20
s000018148,WaW20
s000002887,WaW20
s000006860,WaW20
s000018149,WaW20
s000018150,WaW20
s000018151,WaW20
s000001096,WBe1
s000003996,WBe1
s000006501,WBe1
s000002470,WBe1
s000000910,WBe1
s000002743,WBe1
s000002191,WBe1
s000015092,WBe1
s000000422,WBe2
s000003222,WBe2
s000002770,WBe2
s000018152,WBe2
s000004572,WBe2
s000005898,WBe2
s000005851,WBe2
s000018153,WBe2
s000013157,WBe2
s000018154,WBe2
s000018155,WBe2
s000000422,WBe10
s000003865,WBe10
s000018156,WBe10
s000004833,WBe10
s000004767,WBe10
s000002827,WBe10
s000018157,WBe10
s000018158,WBe10
s000018159,WBe10
s000004825,WBe10
s000001760,WBe10
s000000866,WBe10
s000006859,WBe10
s000008556,WBe10
s000000422,WBe15
s000007045,WBe15
s000018160,WBe15
s000012133,WBe15
s000005851,WBe15
s000018161,WBo10
s000018162,WBo10
s000004172,WBo10
s000018163,WBz13
s000018164,WBz13
s000004939,WBz13
s000018165,WBz13
s000005930,WCl19
s000018166,WCl19
s000004717,WCl19
s000007128,WCl19
s000002047,WCl19
s000003393,WCl19
s000003763,WCM2
s000018167,WCM2
s000018168,WCM2
s000005998,WCM2
s000000709,WCM2
s000004005,WCM6
s000005272,WCM6
s000002595,WCM6
s000001054,WCM6
s000005605,WCM6
s000005972,WCM6
s000001546,WCM6
s000018169,WCM6
s000003781,WCM22
s000008442,WCM22
s000007073,WCM22
s000018170,WCM22
s000000956,WCM22
s000000989,WCM32
s000002116,WCM32
s000001858,WCM32
s000018171,WCM32
s000002956,WCM32
s000005945,WCo10
s000005395,WCo10
s000003125,WCo10
s000002922,WCo10
s000011667,WCo10
s000018172,WCr4
s000018173,WCr4
s000018174,WCr4
s000018175,WCr5
s000006859,WCr5
s000000533,WCr5
s000006859,WCr5
s000006859,WCr5
s000006859,WCr5
s000010507,WCr5
s000010507,WCr5
s000018176,WCr5
s000006476,WCr5
s000018177,WCr5
s000018178,WCr5
s000000576,WCr6
s000000337,WCr10
s000003153,WCr10
s000007678,WCr10
s000018179,WCr10
s000018172,WCr10
s000018180,WCr10
s000001852,WCr15
s000005548,WCr15
s000018181,WCr15
s000018182,WCr15
s000018183,WCr15
s000018184,WCr15
s000006859,WCr20
s000018179,WCr20
s000018185,WCr22
s000018186,WCr22
s000018187,WCr22
s000018188,WCr22
s000018189,WCr22
s000003973,WCr22
s000018190,WCr22
s000018191,WCr22
s000006859,WCr22
s000006859,WCr22
s000001852,WCr40
s000018192,WCr40
s000018182,WCr40
s000018193,WCr40
s000000395,WCr42
s000018194,WCr42
s000000374,WCr44
s000018195,WCr44
s000014946,WCr44
s000007761,WCr44
s000012145,WCr44
s000018195,WCr46
s000006020,WCr48
s000000395,WCr48
s000005090,WCr48
s000003558,WCr48
s000018196,WCr48
s000004466,WCr49
s000016759,WCr49
s000007400,WD102
s000005426,WD102
s000001800,WD102
s000018197,WDM3
s000004492,WDM5
s000018198,WDM5
s000004673,WDM5
s000018199,WDM5
s000009899,WDM5
s000018200,WDM5
s000018201,WDT10
s000018202,WDT10
s000004946,WDT19
s000018203,WDT19
s000018204,WDT19
s000000603,WDT19
s000018205,WDT19
s000018206,WDT19
s000000441,WDT19
s000018207,WDT19
s000018208,WDT19
s000018209,WDT27
s000018210,WeA10
s000004472,WeA10
s000013643,WeA10
s000009544,WeA10
s000006859,WeA10
s000018211,WEd10
s000018212,WFo10
s000018212,WFo15
s000018213,WFo15
s000003276,WFr10
s000006150,WFr10
s000018214,WFr10
s000001724,WFr11
s000003468,WFr11
s000002922,WFr11
s000011119,WFr11
s000004831,WFr11
s000003542,WFr12
s000013434,WFr12
s000003244,WFr13
s000018215,WFr13
s000004831,WFr13
s000000970,WFr13
s000002228,WFr14
s000018216,WFr14
s000001700,WFr14
s000006860,WFr14
s000006860,WFr14
s000002511,WFr35
s000005557,WFr35
s000005238,WFr35
s000003695,WFr35
s000000683,WFr35
s000001569,WFr35
s000002216,WFr35
s000018217,WFr35
s000001807,WFr35
s000002784,WFr35
s000018218,WFr35
s000018219,WFr35
s000008011,WFr36
s000006439,WFr36
s000004249,WFr36
s000000576,WFr36
s000001152,WFr36
s000006731,WFr36
s000008859,WFr36
s000004535,WFr38
s000001205,WFr38
s000002365,WFr38
s000005557,WFr39
s000018220,WFr39
s000013857,WFr39
s000018221,WFr39
s000000547,WFr39
s000004767,WFr42
s000000093,WFr42
s000005851,WFr42
s000001066,WFr45
s000006564,WFr45
s000002807,WFr45
s000018222,WFr60
s000001396,WFr60
s000012051,WFr60
s000018223,WFr60
s000008149,WFr60
s000002030,WFr60
s000005989,WFr60
s000015941,WFr60
s000006859,WFr70
s000006859,WFr70
s000006859,WFr70
s000006859,WFr70
s000012235,WFr75
s000018224,WFr79
s000003143,WFr79
s000003780,WFx10
s000002246,WGi5
s000005053,WGi5
s000003043,WGi5
s000002246,WGi10
s000004578,WGi10
s000002249,WGi10
s000003043,WGi10
s000000166,WGi10
s000005388,WGi10
s000001388,WGi15
s000005956,WGi15
s000000166,WGi15
s000006015,WGi15
s000005852,WGi15
s000004187,WGi15
s000006001,WGo10
s000002835,WGo10
s000005399,WGo10
s000010660,WGo10
s000002513,WGo10
s000005462,WGo10
s000002397,WGo10
s000004239,WGr10
s000001958,WGr10
s000006201,WGr10
s000004475,WGr10
s000000225,WGr10
s000003856,WGr10
s000000970,WGr10
s000009583,WGr10
s000000456,WGr50
s000001434,WGr50
s000005078,WGr50
s000001199,WGr50
s000000549,WGr50
s000018225,WGr50
s000004714,WGr50
s000002156,WGr50
s000006859,WHa8
s000006859,WHB10
s000011735,WHB10
s000018226,WHB10
s000018227,WHB10
s000018228,WHB10
s000011861,WHB10
s000018229,WHB10
s000018230,WHB10
s000018231,WH3
s000003344,WH5
s000002481,WH5
s000005381,WH5
s000005309,WH5
s000003344,WH9
s000002185,WH9
s000000038,WH9
s000018232,WH9
s000014285,WH30
s000018233,WH30
s000004038,WH30
s000006049,WH30
s000003344,WH38
s000018234,WHj1
s000004329,WKH44
s000002697,WKH44
s000005360,WKH44
s000003413,WKH44
s000006001,WKH44
s000005929,WKH44
s000018235,WKH44
s000005119,WKH44
s000001154,WHl1
s000000748,WHl1
s000003975,WHl1
s000003012,WHl1
s000004705,WHl2
s000001576,WHl2
s000000038,WHl2
s000000584,WHl2
s000000429,WHl4
s000006369,WHl4
s000007597,WHl4
s000010011,WHl4
s000005220,WHl4
s000018236,WHl4
s000014386,WHl4
s000018237,WHl4
s000018238,WHl4
s000018239,WHl4
s000003219,WHl6
s000003218,WHl6
s000000969,WHl6
s000000971,WHl6
s000000972,WHl6
s000005079,WHl6
s000005078,WHl6
s000002482,WHl6
s000002484,WHl6
s000005188,WHl6
s000000971,WHl8
s000000641,WHl8
s000006496,WHl8
s000000995,WHl8
s000018240,WHl8
s000018241,WHl8
s000001311,WHl8
s000018242,WHl8
s000015895,WHl8
s000004466,WHl10
s000004603,WHl10
s000005220,WHl10
s000004751,WHl10
s000006859,WHl10
s000006859,WHl10
s000006859,WHl10
s000004804,WHl15
s000003484,WHl15
s000003862,WHl15
s000018243,WHl15
s000018244,WHl15
s000018245,WHl15
s000018246,WHl15
s000004466,WHl20
s000004603,WHl20
s000006859,WHl20
s000007679,WHl30
s000018247,WHl30
s000014805,WHl30
s000009373,WHl30
s000014259,WHl30
s000016142,WHl30
s000018248,WHl30
s000018249,WHl30
s000013634,WHl32
s000008188,WHl32
s000001763,WHl32
s000002511,WHl32
s000009127,WHl32
s000007458,WHl32
s000006692,WhR10
s000001006,WhR10
s000018250,WhR10
s000018251,WhS1
s000005884,WhS3
s000013202,WhS3
s000007759,WhS3
s000012948,WhS5
s000013702,WhS5
s000018252,WhS5
s000018253,WhS5
s000018254,WhS5
s000002653,Whu1
s000018255,Whu1
s000006656,WHu7
s000003310,WHu7
s000018256,WHu7
s000018257,WHu7
s000007856,WHu10
s000018258,WHu10
s000005127,WHu10
s000000216,WHu10
s000018259,WHu10
s000013997,WHu10
s000003603,WHu10
s000004976,WHu10
s000004249,WHu14
s000005870,WHu14
s000003444,WHu14
s000000620,WHu17
s000018260,WHu17
s000016085,WHu17
s000011862,WHu17
s000012865,WHu27
s000004365,WHu27
s000006490,WHu27
s000004979,WHu27
s000018261,WHu27
s000006763,WHu27
s000018262,WHu27
s000011755,WHu27
s000000255,WHu27
s000013192,Whu29
s000006859,Whu29
s000006859,Whu29
s000004166,WHW10
s000001481,WHW10
s000006637,WHW10
s000002117,WHW10
s000002515,WHW10
s000004946,WiB25
s000002527,WiB25
s000018263,WiB25
s000018264,WiB25
s000018265,WiB25
s000018266,WiB25
s000002276,WiB100
s000002912,WiB100
s000018267,WiB100
s000006327,WiB100
s000006739,WiB180
s000006739,WiB183
s000006739,WiB186
s000006739,WiB190
s000004913,WiB199
s000003780,WiB199
s000004286,WiB199
s000005051,WiC30
s000000284,WiC30
s000001264,WiC30
s000018268,WiC30
s000005047,WiC50
s000004679,WiC50
s000003723,WiC50
s000003714,WiC50
s000005047,WiC51
s000002785,WiC51
s000010155,WiC51
s000006859,WiC51
s000018269,WiC55
s000018269,WiC55
s000016696,WiC55
s000012545,WiC55
s000000717,WiC55
s000013104,WiC55
s000018270,WiC55
s000006605,WiC55
s000018271,WiC55
s000001326,WiC60
s000000297,WiC60
s000001858,WiC60
s000003911,WiC70
s000018272,WiC90
s000003935,WiC90
s000018273,WiC90
s000003132,WiC90
s000018075,WiC90
s000006496,WiD10
s000001311,WiD10
s000000403,WiD10
s000003137,WiD10
s000003538,WiD10
s000004013,WiD10
s000006489,WiD10
s000002319,WiD20
s000018274,WiD20
s000001441,WiD20
s000003688,WiD20
s000008323,WiD20
s000003099,WiD20
s000002267,WiF10
s000001717,WiF10
s000005634,WiF10
s000003676,WiF10
s000006628,WiF10
s000008858,WiF10
s000001356,WiF10
s000005038,WiG10
s000004350,WiG10
s000004139,WiG10
s000001419,WiG10
s000001829,WiG10
s000000225,WiG10
s000006636,WiG15
s000004234,WiG15
s000000273,WiG15
s000004062,WiG15
s000000291,WiG15
s000002395,WiG15
s000005227,WiG15
s000005945,WiG15
s000002626,WiG15
s000005395,WiG15
s000003059,WiH10
s000006348,WiH10
s000000651,WiH10
s000000652,WiH10
s000000179,WiH10
s000003031,WiH10
s000005465,WiH10
s000006508,WiH10
s000018275,WiW1
s000018276,WiW1
s000002871,WiW4
s000002185,WiW4
s000003404,WiW4
s000018277,WiW4
s000008587,WiW4
s000018278,WiW4
s000002058,WiW9
s000000680,WiW9
s000002737,WiW9
s000003342,WiW9
s000009332,WiW9
s000000195,WiW9
s000008019,WiW9
s000005742,WiW9
s000001436,WiW9
s000012998,WiW9
s000005895,WiW12
s000013439,WiW12
s000017740,WiW12
s000005989,WiW12
s000014924,WiW12
s000012460,WiW12
s000002185,WiW20
s000018279,WiW20
s000018280,WiW20
s000000616,WiW20
s000001900,WiW20
s000002978,WiW25
s000008683,WiW25
s000004365,WiW25
s000006439,WiW25
s000018279,WiW25
s000018281,WiW27
s000008380,WiW27
s000008136,WiW27
s000018282,WiW27
s000006859,WiW27
s000005470,WiW29
s000000872,WiW29
s000007972,WiW29
s000010104,WiW29
s000018283,WiW29
s000010251,WiW29
s000018284,WiW30
s000018285,WiW30
s000018286,WiW30
s000018287,WjH10
s000018288,WjH10
s000018289,WjH10
s000018290,WjH10
s000018291,WjH10
s000018292,WjH10
s000018293,WjH10
s000006859,WKD50
s000004452,WKH14
s000013824,WKH14
s000008615,WKH14
s000018294,WKH14
s000006249,WKH35
s000004336,WKH35
s000018295,WKH35
s000006422,WKH35
s000005742,WKH45
s000001680,WKH45
s000000407,WKH45
s000003263,WKH45
s000002054,WKH45
s000001650,WKH45
s000009023,WKH45
s000004690,WKH50
s000003602,WKH50
s000005359,WKH50
s000004005,WKH50
s000003717,WKH52
s000009130,WKH52
s000005789,WKH52
s000018296,WKl10
s000005365,WKl10
s000009007,WKl10
s000008423,WKl10
s000005655,WKl10
s000009008,WKl30
s000010835,WKl30
s000003129,WKl40
s000018297,WKl40
s000018298,WKl40
s000018299,WKl40
s000018300,WKl40
s000018301,WKl41
s000018302,WKl41
s000018303,WKl41
s000018304,WKl41
s000018305,WKl41
s000018306,WKl41
s000018307,WKl41
s000006828,WLa14
s000000410,WLa14
s000000794,WLa14
s000001452,WLa14
s000000570,WLa14
s000011431,WLa14
s000002341,WLa14
s000001246,WLa14
s000001044,WLa14
s000006132,WLa18
s000002425,WLa18
s000003752,WLa18
s000002962,WLa18
s000005395,WLa18
s000006261,WLa18
s000004506,WLa18
s000003065,WLa18
s000003891,WLa18
s000015263,WLa18
s000004183,WLa18
s000001140,WLa18
s000006132,WLa19
s000018308,WLa19
s000005844,WLa19
s000001188,WLa19
s000000793,WLa19
s000000857,WLa19
s000001449,WLa20
s000004857,WLa20
s000006832,WLa20
s000002942,WLa20
s000004164,WLa20
s000000376,WLa21
s000002942,WLa21
s000005145,WLa21
s000000408,WLa21
s000004857,WLa21
s000000243,WLa21
s000009210,WLa21
s000001936,WLa22
s000002384,WLa22
s000004857,WLa22
s000004634,WLa22
s000003706,WLa22
s000003077,WLa22
s000005120,WLa22
s000008581,WLa22
s000018309,WLa22
s000000111,WLa23
s000002384,WLa23
s000003475,WLa23
s000002428,WLa23
s000002539,WLa23
s000002441,WLa23
s000018310,WLa23
s000013246,WLa23
s000001936,WLa24
s000004857,WLa24
s000004280,WLa24
s000005395,WLa24
s000018311,WLa24
s000000338,WLa24
s000003623,WLa24
s000009919,WLa24
s000002384,WLa27
s000004327,WLa27
s000005395,WLa27
s000006733,WLa27
s000005757,WLa27
s000002973,WLa27
s000004280,WLa28
s000000111,WLa28
s000000101,WLa36
s000003214,WLa38
s000000889,WLa38
s000006201,WLa38
s000001407,WLa38
s000013294,WLa38
s000004194,WLa41
s000001400,WLa41
s000004313,WLa41
s000004657,WLa41
s000005153,WLa41
s000002233,WLa41
s000004643,WLa41
s000004115,WLa41
s000004313,WLa41
s000003293,WLa42
s000000802,WLa42
s000004371,WLa42
s000000491,WLa42
s000004429,WLa42
s000018312,WLa42
s000018313,WLa42
s000004589,WLa42
s000006249,WLa43
s000002757,WLa43
s000000599,WLa43
s000006826,WLa43
s000004196,WLa43
s000005772,WLa45
s000003837,WLa45
s000001083,WLa45
s000003153,WLa45
s000005060,WLa45
s000001407,WLa45
s000009817,WLa45
s000006859,WLa45
s000018314,WLa50
s000002909,WLa50
s000001995,WLa50
s000001575,WLa50
s000018315,WLa50
s000004162,WLa50
s000000368,WLa50
s000001241,WlB10
s000003073,WlB10
s000002431,WlB10
s000004046,WlB10
s000018316,WlB10
s000008508,WlB10
s000014019,WlB10
s000006575,WlB12
s000002448,WlB12
s000005198,WlB12
s000003498,WlB14
s000013905,WlB14
s000000742,WlB14
s000018317,WlB14
s000006612,WlB14
s000005395,WlB20
s000009772,WlB20
s000000892,WlB20
s000006726,WlB20
s000016453,WlC10
s000004097,WlC10
s000017270,WlC10
s000004958,WlC10
s000018318,WlC10
s000015573,WlD3
s000000383,WlD5
s000001038,WlD5
s000003896,WlD5
s000008615,WlD5
s000004629,WlD5
s000000865,WlD5
s000018319,WlD6
s000002150,WlD6
s000002658,WlD7
s000018320,WlD7
s000018321,WlD8
s000018322,WlD8
s000001989,WlD8
s000001861,WlD8
s000001214,WlD8
s000005933,WlD8
s000006666,WlD9
s000001469,WlD9
s000005020,WlD10
s000002232,WlD15
s000018320,WlD15
s000005808,WlD15
s000004450,WlD15
s000002146,WlD15
s000018323,WlD15
s000006131,WlD18
s000001281,WlD18
s000009207,WlD18
s000005808,WlD18
s000003752,WlD18
s000014021,WlD18
s000001019,WlD18
s000002447,WlD18
s000001469,WlD19
s000006772,WlD19
s000003669,WlD19
s000006086,WlD19
s000002760,WlD19
s000007371,WlD19
s000007396,WlD19
s000001732,WlD19
s000004717,WlD19
s000004941,WlD19
s000002528,WlD19
s000001542,WlD20
s000004761,WlD20
s000003148,WlD20
s000003752,WlD20
s000004893,WlD20
s000008624,WlD20
s000005399,WlD24
s000000874,WlD24
s000001531,WlD24
s000003148,WlD24
s000003752,WlD24
s000005012,WlD24
s000004438,WlD24
s000000079,WlD24
s000000778,WlD24
s000002760,WlD24
s000006261,WlD24
s000004115,WlD24
s000011778,WlD24
s000014117,WlD24
s000003148,WlD24
s000008624,WlD24
s000004287,WlD24
s000002962,WlD24
s000001019,WlD24
s000001469,WlD29
s000006666,WlD29
s000005789,WlD29
s000006261,WlD29
s000005680,WlD29
s000006716,WlD29
s000002548,WlD29
s000001338,WlD33
s000004452,WlD33
s000005844,WlD33
s000005567,WlD33
s000000956,WlD33
s000018324,WlD34
s000000980,WlD34
s000001464,WlD34
s000008769,WlD34
s000001564,WlD34
s000018325,WlD34
s000002037,WlD34
s000018326,WlD34
s000010945,WlD34
s000006520,WlD34
s000004452,WlD35
s000001469,WlD35
s000000049,WlD35
s000005113,WlD35
s000002196,WlD35
s000001338,WlD35
s000005844,WlD35
s000000884,WlD35
s000005382,WlD35
s000004717,WlD35
s000010322,WlD35
s000003755,WlD35
s000001459,WlD35
s000003531,WlD36
s000002595,WlD36
s000004677,WlD36
s000004645,WlD36
s000006859,WlD36
s000004292,WlD36
s000001459,WlD36
s000002572,WlD36
s000007375,WlD36
s000006858,WlD36
s000000078,WlD36
s000003597,WlD36
s000018327,WlD36
s000001696,WlD36
s000002298,WlD36
s000018328,WlD36
s000018329,WlD36
s000005354,WlD37
s000002363,WlD37
s000003413,WlD37
s000001338,WlD37
s000004757,WlD37
s000003755,WlD37
s000007074,WlD37
s000004164,WlD37
s000004717,WlD37
s000001459,WlD37
s000000879,WlD37
s000002779,WlD37
s000005354,WlD38
s000000538,WlD38
s000000061,WlD38
s000003699,WlD38
s000003413,WlD38
s000003755,WlD38
s000000793,WlD38
s000005930,WlD38
s000002984,WlD39
s000001314,WlD39
s000005726,WlD39
s000005766,WlD39
s000000205,WlD39
s000001452,WlD39
s000003699,WlD39
s000005080,WlD39
s000006506,WlD39
s000001740,WlD42
s000005372,WlD43
s000001297,WlD43
s000006132,WlD43
s000000857,WlD43
s000006294,WlD43
s000006705,WlD43
s000003135,WlD45
s000001297,WlD45
s000005263,WlD45
s000007255,WlD45
s000003752,WlD45
s000018330,WlD45
s000018331,WlD45
s000008445,WlD45
s000018332,WlD45
s000018333,WlD45
s000001297,WlD49
s000003135,WlD49
s000000375,WlD49
s000006550,WlD49
s000002300,WlD49
s000003466,WlD51
s000002740,WlD51
s000005113,WlD51
s000003746,WlD51
s000010893,WlD51
s000003044,WlD51
s000002776,WlD53
s000005604,WlD53
s000003666,WlD53
s000003047,WlD53
s000006567,WlD53
s000000443,WlD53
s000001526,WlD53
s000007543,WlD53
s000004046,WlD53
s000002839,WlD58
s000005804,WlD58
s000013026,WlD58
s000006294,WlD58
s000018334,WlD58
s000006113,WlD61
s000001994,WlD61
s000000149,WlD61
s000005834,WlD61
s000006170,WlD65
s000000287,WlD65
s000002711,WLe10
s000002562,WLe10
s000000991,WLe10
s000006120,WLe10
s000003334,WlF10
s000003279,WlF10
s000018335,WlF10
s000001930,WlF10
s000018336,WlH10
s000000317,WlH10
s000001101,WlH10
s000010055,WlH10
s000005119,WlH10
s000002872,WlH10
s000002848,WlJ12
s000004680,WlM10
s000003746,WlM10
s000005257,WlM10
s000005280,WlM10
s000003196,WlN10
s000006745,WlN10
s000000713,WlN10
s000003196,WlN12
s000006745,WlN12
s000005244,WlN12
s000009096,WlN12
s000018337,WlN12
s000002062,WLu10
s000003804,WLu10
s000006695,WLu10
s000004966,WLW10
s000003517,WLW10
s000006859,WLW10
s000005954,WLW15
s000006859,WLW15
s000006859,WLW15
s000008143,WMa3
s000003060,WMa3
s000009433,WMa3
s000018338,WMa3
s000002179,WMa3
s000017583,WMa3
s000018339,WMa3
s000002196,WMG10
s000003491,WMG10
s000005012,WMG10
s000003148,WMG10
s000011945,WMG10
s000006298,WmH10
s000018340,WmH10
s000006089,WmH10
s000006524,WMi25
s000009557,WMi25
s000002447,WmK8
s000005354,WmK14
s000000599,WmK14
s000008625,WmK14
s000000613,WmK14
s000004115,WmK14
s000014198,WmK14
s000018341,WmK14
s000005998,WmK14
s000008508,WmK14
s000004717,WmK14
s000003382,WmK14
s000001848,WmK14
s000005149,WmK14
s000000423,WmK14
s000018342,WmK14
s000001937,WmK14
s000003119,WmK15
s000003065,WmK15
s000003077,WmK15
s000006086,WmK15
s000002884,WmK15
s000016148,WmK15
s000001636,WmK15
s000018343,WmK15
s000003011,WmK16
s000000125,WmK16
s000018344,WmK16
s000004028,WmK18
s000004029,WmK18
s000005113,WmK18
s000002032,WmK18
s000005929,WmK18
s000006925,WmK18
s000002528,WmK18
s000000874,WmK25
s000000874,WmK27
s000005707,WmK27
s000001591,WmK27
s000004650,WmK27
s000006422,WmK27
s000001305,WmK27
s000006213,WmK27
s000005198,WmK27
s000009128,WmK27
s000003486,Wmk28
s000003490,Wmk28
s000003491,Wmk28
s000004772,Wmk28
s000005113,Wmk28
s000000293,Wmk28
s000001338,Wmk28
s000005360,Wmk28
s000000061,Wmk28
s000002044,Wmk28
s000004115,Wmk28
s000001469,WmK30
s000012066,WmK30
s000001863,WmK30
s000006778,Wmk31
s000001469,WmK31
s000001757,WmK31
s000005707,WmK31
s000000820,WmK31
s000002192,WmK31
s000006259,WmK31
s000004287,WmK31
s000006429,WmK31
s000006644,WmK31
s000003912,WmN10
s000005055,WoP10
s000002472,WoP10
s000018345,WoP10
s000018346,WoP10
s000000497,WoP12
s000002887,WoP12
s000018347,WoP12
s000000497,WoP14
s000002887,WoP14
s000005549,WoP14
s000009646,WoP14
s000018347,WoP14
s000001778,WoP17
s000018348,WoP17
s000005461,WoP17
s000018349,WoP17
s000006174,WoP17
s000002052,WoP18
s000002827,WoP20
s000005461,WoP20
s000002139,WoP20
s000006049,WoP20
s000002052,WoP22
s000004685,WoP22
s000003841,WoP22
s000001142,WoP25
s000003484,WoP25
s000018350,WoP26
s000007679,WoP26
s000005513,WoR20
s000005697,WoR20
s000005926,WoR20
s000011998,WoR20
s000004495,WoR20
s000005513,WoR25
s000003112,WoR25
s000018351,WoR25
s000018352,WoR25
s000018353,WoR25
s000005291,WoR25
s000002129,WPr10
s000018354,WPr10
s000000529,WPr10
s000009912,WR31
s000015073,WR31
s000008622,WR31
s000008760,WR31
s000009754,WR31
s000004967,WR31
s000001629,WR40
s000001749,WR40
s000004689,WR40
s000006114,WR40
s000005998,WR40
s000004711,WR40
s000018355,WR40
s000007633,WR40
s000005998,WR40
s000011945,WR40
s000004409,WR40
s000006600,WR40
s000002171,WR42
s000003717,WR42
s000018356,WR42
s000004634,WR72
s000017194,WR72
s000007340,WR72
s000011249,WR72
s000018357,WR72
s000005104,WR80
s000003717,WR80
s000005128,WR80
s000001698,WR80
s000002123,WR80
s000004239,WR80
s000008766,WR80
s000018358,WR80
s000014320,WR80
s000009484,WR80
s000001165,WR86
s000003844,WR86
s000004239,WR86
s000005808,WR86
s000014564,WR86
s000004164,WR86
s000003717,WR112
s000003844,WR112
s000000376,WR112
s000004193,WR112
s000002548,WR112
s000000212,WR120
s000001680,WR120
s000003844,WR120
s000001459,WR120
s000004911,WR120
s000001255,WR120
s000007545,WR120
s000013790,WRe10
s000006122,WRe10
s000005513,WRe20
s000002626,WRe20
s000011083,WRe20
s000000868,WRe20
s000002848,WRe20
s000002848,WRe25
s000002848,WRe35
s000005047,WRe38
s000018359,WRe40
s000008876,WRe40
s000001513,WRh10
s000008056,WRh10
s000000182,WRh10
s000018360,WRh10
s000002983,WRi10
s000000726,WRi10
s000004937,WRi20
s000018361,WRi20
s000018362,WRi20
s000018363,WRi20
s000004522,WS1
s000004522,WS4
s000004522,WS5
s000006860,WS5
s000004522,WS6
s000013060,WS5
s000004522,WS7
s000004522,WS8
s000008441,WS8
s000004522,WS35
s000004522,WS41
s000004522,WS42
s000004522,WS43
s000004522,WS45
s000018364,WSa5
s000018365,WSa5
s000005822,WSa5
s000012709,WSa5
s000006017,WSa10
s000005577,WSa10
s000009096,WSa10
s000005670,WSh1
s000004585,WSh1
s000003246,WSh1
s000001658,WSh1
s000003379,WSh1
s000015099,WSh1
s000006085,WSh1
s000002161,WSt10
s000001328,WSt10
s000002825,WSt10
s000002727,WSt10
s000004341,WSt10
s000004261,WSt10
s000005634,WSt10
s000018366,WSt10
s000005359,WSt10
s000018367,WSt10
s000005272,WSt10
s000000810,WSt10
s000003409,WTa10
s000006692,WTa10
s000006235,WTa10
s000007354,WTa10
s000004612,WTa20
s000018368,WTa20
s000012780,WTa20
s000002150,WTh3
s000002658,WTh3
s000018369,WTh3
s000005435,WTh3
s000018370,WTh3
s000000718,WTh3
s000000273,WTh5
s000003464,WTh10
s000004239,WTh10
s000006094,WTh10
s000004758,WTh10
s000003463,WTh10
s000010657,WTh10
s000018371,WTh10
s000018372,WTh10
s000006575,WTh18
s000006575,WTh19
s000004836,WTh23
s000005462,WTh23
s000003565,WTh23
s000018373,WTN10
s000018374,WTN10
s000018375,WTN10
s000006859,WTN10
s000018376,WTN10
s000018377,WTN10
s000018378,WTN10
s000018379,WTN10
s000018380,WTN12
s000018381,WTN12
s000018382,WTN12
s000018383,WTN12
s000018384,WTN12
s000003997,WTN12
s000000287,WTy10
s000018385,WTy10
s000016283,WTy10
s000004078,WvD34
s000001488,WvD34
s000018386,WvD34
s000011608,WvD34
s000004078,WvD35
s000018387,WvD35
s000018388,WvD35
s000018386,WvD35
s000011608,WvD35
s000000603,WvD36
s000006859,WvD36
s000006238,WvD36
s000006575,WvD43
s000004747,WvD43
s000001326,WvD49
s000002171,WvD49
s000004329,WvD49
s000005459,WvD49
s000000820,WvD49
s000002171,WvD50
s000005020,WvD50
s000003769,WvD50
s000005020,WvD51
s000003769,WvD51
s000000228,WvD51
s000004747,WvD51
s000004879,WvD51
s000001834,WvD51
s000002341,WvD51
s000013977,WvD51
s000002548,WvD51
s000005395,WvD51
s000009210,WvD51
s000003820,WvD53
s000001794,WvD53
s000004375,WvD53
s000003468,WvD53
s000001732,WvD53
s000001021,WvD53
s000010660,WvD53
s000003338,WvD53
s000001326,WvD54
s000000049,WvD54
s000002171,WvD56
s000006249,WvD56
s000003820,WvD56
s000002855,WvD56
s000005119,WvD56
s000001326,WvD57
s000002171,WvD57
s000006859,WvD57
s000006229,WvD57
s000018389,WvD58
s000001794,WvD58
s000005968,WvD58
s000004761,WvD58
s000003120,WvD58
s000010343,WvD58
s000004661,WvD58
s000003681,WvD58
s000004429,WvD58
s000018390,WvD58
s000005020,WvD60
s000003769,WvD60
s000000228,WvD60
s000005968,WvD60
s000000884,WvD60
s000003473,WvD60
s000005119,WvD60
s000007375,WvD60
s000003634,WvD60
s000005781,WvD60
s000005690,WvD64
s000004390,WvD64
s000005023,WvD64
s000000379,WvD64
s000002247,WvD64
s000003820,WvD65
s000001794,WvD65
s000005968,WvD67
s000018391,WvD67
s000003308,WvD67
s000004879,WvD67
s000001698,WvD67
s000003278,WvD67
s000006282,WvD67
s000000570,WvD67
s000001230,WvD67
s000005020,WvD69
s000003769,WvD69
s000003413,WvD69
s000005808,WvD69
s000000228,WvD69
s000003623,WvD69
s000004879,WvD69
s000003871,WvD69
s000004516,WvD69
s000002981,WvD69
s000006001,WvD70
s000002835,WvD70
s000005399,WvD70
s000010660,WvD70
s000002513,WvD70
s000005462,WvD70
s000003820,WvD72
s000001794,WvD72
s000005513,WvD72
s000000718,WvD72
s000007074,WvD72
s000001230,WvD72
s000001270,WvD72
s000004329,WvD75
s000000510,WvD75
s000005513,WvD75
s000006543,WvD75
s000002861,WvD75
s000016558,WvD75
s000018392,WvD75
s000004016,WvD75
s000005020,WvD76
s000003769,WvD76
s000000228,WvD76
s000003820,WvD79
s000006831,WvD79
s000018393,WvD79
s000004761,WvD79
s000000243,WvD79
s000000366,WvD79
s000001103,WvD79
s000018394,WvD79
s000006708,WvD79
s000000545,WW12
s000007735,WW12
s000002669,WW12
s000018395,WW12
s000002984,WW23
s000001678,WW23
s000001038,WW23
s000000376,WW30
s000001431,WW30
s000001680,WW30
s000003291,WW30
s000005952,WW30
s000018396,WW30
s000006220,WW30
s000004202,WW30
s000003089,WW30
s000005080,WW30
s000018397,WW30
s000005088,WW30
s000004082,WW41
s000004641,WW41
s000002870,WW41
s000001674,WW41
s000003411,WW41
s000002397,WW41
s000015263,WW41
s000000711,WW41
s000002565,WW41
s000002984,WW42
s000001071,WW42
s000000235,WW42
s000004587,WW42
s000003781,WW42
s000002230,WW42
s000004757,WW42
s000004488,WW42
s000000857,WW42
s000004857,WW42
s000000613,WW43
s000004082,WW43
s000005742,WW43
s000000367,WW43
s000006267,WW43
s000011121,WW43
s000003871,WW43
s000000821,WW43
s000000625,WW43
s000002351,WW43
s000002543,WW43
s000008731,WW43
s000002554,WW43
s000014015,WW43
s000018398,WW43
s000001469,WW44
s000002037,WW44
s000000714,WW44
s000003669,WW44
s000000293,WW44
s000001342,WW44
s000001338,WW44
s000004717,WW44
s000018399,WW44
s000000857,WW44
s000000125,WW44
s000016645,WW44
s000004941,WW44
s000004690,WW45
s000004641,WW45
s000005359,WW45
s000004587,WW45
s000002016,WW45
s000001338,WW45
s000006681,WW45
s000000979,WW45
s000003891,WW45
s000003239,WW45
s000018400,WW45
s000001469,WW46
s000003955,WW46
s000005930,WW46
s000006840,WW46
s000003008,WW46
s000005844,WW46
s000010345,WW46
s000003629,WW46
s000001252,WW47
s000000711,WW47
s000001458,WW47
s000005997,WW47
s000000149,WW47
s000013525,WW47
s000006705,WW47
s000006290,WW47
s000002973,WW47
s000008654,WW47
s000001469,WW48
s000003955,WW48
s000006790,WW48
s000000942,WW48
s000001622,WW48
s000001762,WW48
s000005206,WW48
s000001186,WW48
s000002214,WW54
s000018401,WW54
s000003913,WW63
s000003769,WW63
s000006790,WW63
s000000149,WW63
s000004045,WW63
s000004668,WW63
s000005452,WW63
s000000949,WW63
s000002247,WW63
s000000614,WW63
s000001192,WW63
s000001822,WW63
s000018402,WW64
s000001138,WW64
s000005272,WW64
s000002870,WW64
s000000786,WW64
s000002136,WW64
s000001192,WW64
s000001679,WW65
s000004809,WW65
s000002395,WW65
s000000470,WW65
s000004668,WW65
s000010723,WW65
s000003843,WW65
s000002247,WW65
s000006743,WW65
s000004308,WW65
s000001937,WW65
s000006367,WW65
s000002870,WW66
s000003135,WW66
s000004690,WW66
s000018403,WW66
s000005464,WW66
s000006128,WW66
s000018404,WW66
s000004468,WW66
s000002755,WW67
s000004867,WW67
s000000061,WW67
s000005021,WW67
s000006680,WW67
s000018405,WW67
s000000951,WW67
s000003913,WW68
s000000613,WW68
s000005606,WW68
s000003276,WW68
s000006826,WW68
s000003965,WW68
s000004468,WW68
s000004220,WW68
s000001886,WW68
s000001252,WW73
s000004112,WW73
s000003756,WW73
s000004891,WW73
s000003871,WW73
s000001886,WW73
s000004220,WW73
s000001014,WW73
s000001252,WW77
s000015881,WW77
s000000711,WW77
s000018406,WW77
s000004867,WW80
s000005763,WW80
s000002776,WW80
s000008090,WW80
s000003023,WW80
s000000545,WW80
s000018407,WW80
s000001224,WW80
s000002776,WW81
s000000675,WW81
s000005606,WW81
s000004668,WW81
s000002680,WW81
s000002457,WW81
s000002588,WW81
s000002755,WW82
s000018408,WW82
s000002203,WW82
s000002870,WW82
s000000293,WW82
s000018409,WW82
s000001810,WW83
s000005884,WW83
s000002755,WW84
s000004752,WW84
s000000678,WW84
s000002457,WW84
s000006478,WW84
s000002401,WW84
s000001407,WW84
s000006022,WW85
s000005665,WW85
s000004950,WW85
s000004161,WW85
s000002098,WW85
s000001937,WW85
s000000790,WW87
s000001898,WW87
s000001152,WW87
s000006850,WW87
s000003873,WW87
s000003397,WW87
s000002771,WW87
s000010886,WW87
s000006705,WW87
s000001043,WWo10
s000004256,WWo10
s000003298,WWo10
s000006237,WWo10
s000010119,WWo10
s000018410,WWo10
s000002971,WWo10
s000003960,WWo10
s000000333,WWo10
s000015867,WWh50
s000003238,WWh50
s000018411,WWh50
s000018412,WWh50
s000018413,WWh50
s000016357,WWh50
s000008602,WWh50
s000018414,WWh50
s000018415,WWh80
s000004150,WWi10
s000001874,WWi10
s000001913,WWi10
s000018416,WWi10
s000004943,WWi10
s000018417,WWi10
s000018418,WWn10
s000018419,WWn10
s000000735,WWn10
s000018420,WWn10
s000000155,WWn10
s000001916,WWn10
s000005378,WWn12
s000006271,WWn12
s000000826,WWn12
s000018421,WWn30
s000018419,WWn30
s000005223,WWn30
s000018422,WWn30
s000011609,WWn30
s000012008,WWn30
s000000701,WWn35
s000018423,WWn35
s000018424,WWn35
s000018425,WWn35
s000003002,WWn35
s000018426,WWn35
s000002154,WWn35
s000006756,WWn35
s000018427,WWn80
s000018428,WWn80
s000018429,WWn80
s000001161,WWn80
s000004217,WWn80
s000005378,WWn100
s000006271,WWn100
s000001871,WWn100
s000005378,WWn101
s000006271,WWn101
s000001871,WWn101
s000006745,WWn101
s000005663,WWn101
s000009167,WWn101
s000004961,WWn101
s000018430,WWn200
s000003939,WWn200
s000018431,WWn205
s000017333,WWn205
s000018432,WWn205
s000018430,WWn205
s000006739,xAb1
s000017833,XaK10
s000018433,xAx10
s000018434,xAx10
s000018435,xAx10
s000018436,xBa10
s000018437,xCa10
s000018438,xCa10
s000006859,xCh10
s000006859,xCh10
s000018439,xCm10
s000001679,xCm20
s000003892,xCm20
s000005092,xCm20
s000018440,xCm20
s000003163,xCo10
s000003466,xDB1
s000018441,xDB1
s000018442,xDB1
s000018443,xDe10
s000018444,xdH10
s000018445,xDr10
s000002037,xDt10
s000018446,xDv10
s000015129,xDv10
s000018447,xDv10
s000018448,xEn10
s000018449,xEn10
s000018450,xFl10
s000018415,xFr10
s000018451,xGa10
s000006534,xGc10
s000001030,xGr10
s000002915,xGr10
s000003153,xGr10
s000018452,xHe10
s000018453,xHe10
s000018454,xHe10
s000018455,xHu10
s000018456,xHu10
s000018457,xMa10
s000018458,xMb10
s000004888,xMe10
s000010100,xNa10
s000009309,xNa10
s000018459,xNa10
s000006859,xNa10
s000018460,xOz10
s000018461,xPe10
s000018462,xPe20
s000018463,xPr10
s000018464,xPr10
s000018465,xPr10
s000018466,xPr10
s000009277,xQu15
s000003406,xQu15
s000015552,xQu15
s000007159,xRi10
s000018467,xSa10
s000018468,xSa10
s000006859,xSa10
s000006859,xSa10
s000018469,xSc10
s000018470,xSe10
s000018471,xSe10
s000000389,xSt10
s000006859,xSt10
s000006859,xSt10
s000006859,xSt10
s000018472,xSt10
s000018473,xSt10
s000006859,xSt10
s000018474,xSx10
s000001979,DSz10
s000002580,DSz10
s000007666,DSz10
s000005479,DSz10
s000009640,DSz10
s000002460,DSz12
s000001681,DSz12
s000005268,DSz12
s000002272,DSz12
s000004521,DSz12
s000018475,DSz12
s000004683,xWi1
s000017064,xTo10
s000004027,xTu10
s000018476,xUc10
s000018477,XWZ15
s000018478,XWZ15
s000000146,xYa10
s000004379,YAl10
s000018479,YAl10
s000004924,YAl10
s000006214,yAn10
s000003205,YaY5
s000005956,YaY5
s000006308,YaY5
s000018480,YaY5
s000006308,YaY10
s000015206,YaY10
s000018481,YaY10
s000013186,YaY10
s000012685,YaY10
s000018482,YlG10
s000018483,YlG10
s000018484,YlG10
s000018485,YlG10
s000001818,YLM10
s000018486,YLM10
s000013656,YMi10
s000018487,YMi10
s000018488,YMi10
s000018489,YMi10
s000008891,YMZ0
s000008891,YMZ20
s000018490,YMZ20
s000018491,YMZ20
s000008891,YMZ22
s000018492,YMZ22
s000018493,YMZ22
s000018494,YMZ22
s000018495,YMZ22
s000017105,YMZ22
s000018496,YMZ22
s000018497,YMZ22
s000008891,YMZ24
s000006859,YMZ24
s000006859,YMZ24
s000008891,YMZ26
s000018478,YMZ26
s000018498,YMZ26
s000018499,YMZ26
s000018500,YMZ26
s000003018,YoM10
s000018501,YoT10
s000018502,YoT10
s000018503,YoT10
s000018504,YoT10
s000006859,YOz12
s000006859,YOz15
s000006859,YOz15
s000006859,YOz15
s000006859,YOz15
s000006859,YOz16
s000006859,YOz16
s000006859,YOz16
s000018505,YOz20
s000006859,YOz20
s000006859,YOz20
s000018506,YOz55
s000018505,YOz55
s000018507,YOz65
s000018505,YOz75
s000006859,YOz75
s000006859,YOz75
s000018508,YRu10
s000007584,YRu10
s000018509,YRu10
s000018510,YRu10
s000017358,YSt10
s000017358,YSt12
s000018511,YSt12
s000007113,YuB10
s000001953,YuB10
s000000313,YuB10
s000005421,YuB14
s000018512,YuB14
s000002542,YuB14
s000001568,YvA10
s000000181,YvA10
s000007999,YvA13
s000000630,YvA13
s000006859,YvA13
s000018513,YvR3
s000000596,YvR6
s000010486,YvR6
s000005365,YvR6
s000018514,YvR6
s000005365,YvR10
s000001555,YvR10
s000006569,YvR10
s000018515,YvR10
s000018516,YvR15
s000018516,YvR16
s000000239,YYa1
s000000239,YYa10
s000018517,YYa10
s000018518,YYa10
s000018519,YYa10
s000000239,YYa11
s000018520,YYa11
s000018518,YYa11
s000000239,YYa60
s000018521,YYa60
s000018522,YYa60
s000014820,YYa60
s000000239,YYa62
s000018523,YYa62
s000018524,YYa62
s000018525,YYa62
s000018526,YYa78
s000018521,YYa78
s000018527,YYa78
s000018528,YZh14
s000018529,YZh14
s000018530,YZh16
s000006859,YZh16
s000006859,YZh16
s000005347,ZK2
s000018531,ZK2
s000000329,ZK2
s000001133,ZK3
s000005272,ZK3
s000005808,ZK3
s000001755,ZK3
s000003071,ZK3
s000018532,ZK3
s000018533,ZK3
s000004737,ZK3
s000003536,ZK3
s000005483,ZK4
s000000884,ZK4
s000005080,ZK4
s000005066,ZK4
s000009578,ZK4
s000000613,ZK5
s000000480,ZK5
s000000727,ZK5
s000003011,ZK5
s000004494,ZK5
s000001762,ZK5
s000003403,ZK5
s000004867,ZK7
s000000484,ZK7
s000018534,ZK7
s000012497,ZlK10
s000012464,ZlK10
s000018535,ZlK10
s000002027,ZlK10
s000003023,ZlK10
s000018536,ZlK10
s000013828,ZlK10
s000018537,ZlK10
s000004800,Z0210
s000003548,Z0210
s000018538,Z0220
s000018539,Z0220
s000018540,Z0230
s000018541,Z0230
s000018542,Z0240
s000018543,Z0240
s000018544,Z0250
s000006896,Z0250
s000018545,Z0260
s000000333,Z0260
s000000849,Z0270
s000018546,Z0270
s000003163,Z0310
s000003254,Z0320
s000004313,Z0401
s000002677,Z0401
s000004058,Z0401
s000000711,Z0401
s000018547,Z0401
s000006765,Z0401
s000004313,Z0402
s000018548,Z0402
s000018549,Z0402
s000002785,Z0402
s000018550,Z0402
s000004313,Z0405
s000009749,Z0405
s000000408,Z0405
s000018551,Z0405
s000000711,Z0405
s000018552,Z0405
s000004313,Z0406
s000006637,Z0406
s000004313,Z0407
s000005399,Z0407
s000004650,Z0407
s000006313,Z0407
s000004313,Z0408
s000005012,Z0408
s000000104,Z0408
s000004317,Z0408
s000000379,Z0408
s000004313,Z0409
s000001338,Z0409
s000003807,Z0409
s000005244,Z0409
s000018553,Z0409
s000004313,Z0410
s000006778,Z0410
s000004907,Z0410
s000005305,Z0410
s000000481,Z0410
s000001533,Z0410
s000004313,Z0411
s000002677,Z0411
s000009809,Z0411
s000003155,Z0411
s000018554,Z0411
s000018555,Z0411
s000004313,Z0412
s000001165,Z0412
s000009955,Z0412
s000006452,Z0412
s000005611,Z0412
s000000399,Z0412
s000004313,Z0414
s000005372,Z0414
s000000091,Z0414
s000000879,Z0414
s000018556,Z0414
s000004313,Z0417
s000003531,Z0417
s000006550,Z0417
s000004313,Z0418
s000001297,Z0418
s000004907,Z0418
s000011619,Z0418
s000018557,Z0418
s000004664,Z0418
s000009375,Z0418
s000006374,Z0418
s000004313,Z0427
s000004319,Z0427
s000009066,Z0427
s000005129,Z0427
s000010693,Z0427
s000011116,Z0427
s000004313,Z0429
s000003964,Z0429
s000001059,Z0429
s000018558,Z0429
s000001310,Z0429
s000007246,Z0910
s000007571,Z0910
s000000330,Z1110
s000004523,Z1120
s000003157,Z1220
s000006089,Z1230
s000000333,Z1512
s000000333,Z1514
s000000333,Z1516
s000000333,Z1518
s000000333,Z1520
s000000333,Z1522
s000000333,Z1524
s000000333,Z1526
s000000333,Z1528
s000000333,Z1530
s000000333,Z1532
s000000333,Z1536
s000000333,Z1538
s000000333,Z1540
s000000333,Z1542
s000000333,Z1544
s000000333,Z1546
s000000333,Z1548
s000000333,Z1550
s000000333,Z1552
s000000333,Z1554
s000000333,Z1556
s000000333,Z1558
s000000333,Z1560
s000000333,Z1562
s000000333,Z1564
s000000333,Z1566
s000000333,Z1568
s000000333,Z1570
s000000333,Z1572
s000000333,Z1576
s000000333,Z1578
s000000333,Z1580
s000007059,Z1811
s000007059,Z1812
s000007059,Z1813
s000003352,Z2110
s000006745,Z3010
s000006828,Z3010
s000006828,Z3011
s000006745,Z3011
s000001123,Z3410
s000002067,Z3410
s000003826,Z3410
s000018559,Z3411
s000016039,Z3412
s000009034,Z3412
s000006859,Z3414
s000001812,Z3414
s000001044,Z3910
s000004187,Z3910
s000006860,Z4102
s000002907,Z4104
s000003659,Z4210
s000003933,Z4210
s000018560,Z4220
s000018561,Z4220
s000018562,Z4222
s000018563,Z4222
s000003659,Z4225
s000018564,Z4225
s000018565,Z4230
s000018566,Z4230
s000018567,Z4240
s000018567,Z4250
s000018568,Z4250
s000018569,Z4250
s000018570,Z4250
s000003659,Z4250
s000003933,Z4250
s000018571,Z4310
s000006859,Z4310
s000002171,Z4710
s000018572,Z4710
s000018573,Z4810
s000018574,Z4810
s000018575,Z4810
s000018576,Z4810
s000018574,Z4815
s000018577,Z4815
s000018575,Z4815
s000018578,Z4815
s000001824,Z4910
s000018579,Z4911
s000018580,Z4911
s000018581,Z4911
s000018343,Z4914
s000018343,Z4915
s000017494,Z4917
s000001824,Z4917
s000002842,Z4920
s000001824,Z4920
s000002384,Z5020
s000018582,Z5110
s000000340,Z5110
s000000340,Z5115
s000005994,Z5410
s000005994,Z5420
s000005994,Z5430
s000005994,Z5440
s000005994,Z5450
s000005994,Z5460
s000005994,Z5470
s000005994,Z5480
s000005994,Z5490
s000005994,Z54100
s000005994,Z54105
s000006208,Z54105
s000016338,Z54105
s000006462,Z54110
s000008062,Z54110
s000007135,Z54110
s000005994,Z54110
s000000743,Z5510
s000000743,Z5512
s000004298,Z5630
s000018583,Z5630
s000000573,Z5710
s000000842,Z5730
s000001778,Z5730
s000002037,Z5735
s000006015,Z5735
s000006859,Z6510
s000006859,Z6510
s000002391,Z6620
s000003612,Z6625
s000006552,Z6640
s000005052,Z6640
s000000422,Z6650
s000000959,Z6650
s000006859,Z6650
s000006859,Z6650
s000011676,Z6650
s000006859,Z6650
s000006806,Z6650
s000006859,Z6650
s000006859,Z6650
s000000029,Z6650
s000006859,Z6650
s000002052,Z6660
s000001154,Z6660
s000005150,Z6660
s000001007,Z7410
s000001360,Z7840
s000005313,Z7840
s000006859,Z8610
s000006859,Z8610
s000006859,Z8610
s000006859,Z8610
s000006859,Z8610
s000006859,Z8610
s000018584,Z8610
s000006859,Z8610
s000006859,Z8610
s000006859,Z8610
s000011976,Z8610
s000018585,Z8630
s000018586,Z8630
s000018587,Z8630
s000018588,Z8630
s000018589,Z8630
s000018590,Z8630
s000018591,Z8630
s000018592,Z8630
s000018593,Z8630
s000018594,Z8630
s000018595,Z8630
s000018596,Z8630
s000018597,Z8630
s000018598,Z8630
s000018599,Z8630
s000018600,Z8630
s000018601,Z8630
s000018602,Z8630
s000000741,Z8720
s000002955,Z8720
s000018603,Z8820
s000014859,Z8875
s000016759,Z8875
s000007487,Z8910
s000006859,Z8910
s000001047,Z8910
s000006859,Z8910
s000006859,Z8910
s000006859,Z8910
s000006859,Z8910
s000006859,Z8910
s000006859,Z8910
s000006859,Z8910
s000006859,Z8910
s000006859,Z8910
s000005173,Z8915
s000018604,Z8915
s000018605,Z9020
s000018183,Z9020
s000018606,Z9020
s000006859,Z9020
s000018607,Z9020
s000018608,Z9020
s000018609,Z9020
s000007487,Z9030
s000008684,Z9030
s000013380,Z9030
s000018610,Z9030
s000018611,Z9030
s000018612,Z9030
s000018613,Z9030
s000010370,Z9040
s000005041,Z9050
s000002671,Z9110
s000005376,Z9110
s000001074,Z9110
s000006475,Z9110
s000018614,Z9110
s000002955,Z9140
s000002671,Z9210
s000018615,Z9210
s000005665,Z9210
s000006859,Z9210
s000002376,Z9210
s000018616,Z9220
s000001681,Z9220
s000006859,Z9220
s000006859,Z9220
s000006859,Z9220
s000018617,Z9230
s000018618,Z9230
s000018619,Z9230
s000018620,Z9230
s000018621,Z9230
s000000032,Z9240
s000018622,Z9240
s000018623,Z9240
s000007732,Z9250
s000002608,Z9250
s000006859,Z9250
s000006859,Z9250
s000006859,Z9250
s000006859,Z9250
s000006859,Z9250
s000006859,Z9250
s000006859,Z9250
s000018624,Z9250
s000018625,Z9250
s000018626,Z9250
s000007268,Z9260
s000004669,Z9260
s000007458,Z9260
s000001592,Z9270
s000006859,Z9270
s000006859,Z9270
s000006859,Z9270
s000006859,Z9270
s000000097,Z9270
s000004156,Z9270
s000005633,Z9270
s000003532,Z9310
s000018627,Z9310
s000002088,Z9310
s000007833,Z9320
s000007832,Z9320
s000007834,Z9320
s000003364,Z9330
s000018628,Z9330
s000007352,Z9330
s000000725,Z9340
s000015610,Z9340
s000006859,Z9340
s000006859,Z9340
s000006859,Z9340
s000006859,Z9340
s000005633,Z9350
s000017262,Z9350
s000018629,Z9350
s000008815,Z9350
s000005423,Z9365
s000018630,Z9410
s000000240,Z9410
s000018631,Z9410
s000018632,Z9510
s000012476,Z9510
s000018633,Z9510
s000018634,Z9510
s000006859,Z9510
s000017872,Z9520
s000001638,Z9530
s000004065,Z9530
s000018635,Z9530
s000002172,Z9530
s000018636,Z9540
s000018637,Z9540
s000018638,Z9540
s000018639,Z9540
s000013746,Z9540
s000018640,Z9550
s000013078,Z9550
s000018641,Z9575
s000005830,Z9577
s000008193,Z9577
s000012583,Z9579
s000007768,Z9580
s000006179,Z9585
s000018642,Z9585
s000001934,Z9585
s000003561,Z9595
s000000812,Z9595
s000008287,Z9605
s000006859,Z9605
s000002261,Z9605
s000005430,Z9610
s000005683,Z9610
s000000974,Z9610
s000007718,Z9610
s000008488,Z9620
s000001432,Z9620
s000010370,Z9620
s000006859,Z9620
s000006859,Z9630
s000006635,Z9630
s000004921,Z9630
s000018643,Z9630
s000001979,Z9635
s000005970,Z9640
s000018644,Z9645
s000001385,Z9650
s000014459,Z9650
s000006207,Z9650
s000018645,Z9655
s000018646,Z9655
s000018647,Z9655
s000018648,Z9655
s000000872,Z9661
s000012235,Z9661
s000003444,Z9661
s000005418,Z9665
s000006848,Z9665
s000004466,Z9667
s000003601,Z9672
s000009307,Z9676
s000004794,Z9676
s000010440,Z9676
s000001472,Z9680
s000004011,Z9685
s000004466,Z9688
s000004466,Z9689
s000008238,Z9691
s000006859,Z9691
s000006859,Z9691
s000006859,Z9691
s000006859,Z9691
s000006859,Z9691
s000004007,Z9693
s000005794,Z9693
s000002139,Z9695
s000007837,Z9695
s000018649,Z9696
s000018650,Z9696
s000003595,Z9697
s000005480,Z9697
s000008180,Z9735
s000001144,Z9740
s000005970,Z9750
s000001557,Z9770
s000003234,Z9770
s000012705,Z9770
s000018651,Z9770
s000018652,Z9780
s000018653,Z9780
s000018654,Z9780
s000018655,Z9780
s000018656,Z9783
s000018657,Z9783
s000018658,Z9783
s000018659,Z9783
s000006859,Z9783
s000006859,Z9783
s000002671,Z9790
s000018660,Z9790
s000018661,Z9790
s000018662,Z9790
s000018663,Z9790
s000005127,Z9794
s000005127,Z9795
s000018664,Z9810
s000007980,Z9810
s000018665,Z9820
s000011810,Z9820
s000014240,Z9820
s000005731,Z9830
s000000990,Z9830
s000008066,Z9830
s000008564,Z9840
s000018666,Z9840
s000018667,Z9840
s000018668,Z9840
s000018667,Z9840
s000006859,Z9840
s000006859,Z9840
s000018669,Z9840
s000018670,Z9850
s000006859,Z9850
s000018671,Z9850
s000006859,Z9850
s000006005,Z9865
s000009074,Z9865
s000005978,Z9880
s000001221,Z9890
s000009074,Z9890
s000006020,Z9895
s000006848,Z9895
s000002978,Z9895
s000006859,Z9895
s000015769,Z9895
s000006859,Z9895
s000018672,Z9920
s000006859,Z9920
s000018673,Z9920
s000007842,Z9920
s000006632,Z9925
s000018674,Z9925
s000001712,Z9930
s000007554,Z9930
s000001711,Z9930
s000002685,Z9930
s000001712,Z9935
s000006859,Z9950
s000018675,Z9955
s000015249,Z9955
s000006859,Z9955
s000018676,Z9960
s000016184,Z9960
s000018677,Z9960
s000006020,Z9965
s000018678,Z9965
s000018679,Z9970
s000006524,Z9980
